id	사용횟수	바이트여유	일본어글자수	일본어	한국어
S0035	170	31	23	ほかにも何か買ってくか？<return_p>ほかにも何か買ってくれる？	더 살 건 없나?<return_p>더 사 갈래?
S0036	170	15	11	ほかにも何か入り用かな？	더 필요한 건 없나?
S0030	85	43	29	いらっしゃ～い♥<br />どういった御用？<return_p>いらっしゃいませ。<br />どういった御用で？	어서 오세요~♥<br />무슨 일이시죠?<return_p>어서 오십시오.<br />무슨 용건이신지요?
S0032	85	7	6	どれにします？	어느 걸로?
S0037	85	19	15	ほかにも何か<br />お求めになりますか？	더 사실 물건이<br />있으십니까?
S0039	85	53	35	ほかに御用はありますか？<return_p>ほかにも何かあるかい？<return_p>ほかに何か御用は？<return_p>ほかに御用は？	더 볼일 있으십니까?<return_p>더 필요한 거 있나?<return_p>달리 볼일은?<return_p>더 볼일은?
S0042	85	25	18	[player]は<br />これを使えそうにねえが<br />構わないかい？	[player]은(는)<br />이걸 못 쓸 것 같은데<br />괜찮겠나?
S0043	85	14	10	使えないけど<br />構わない？	못 쓰는데<br />괜찮아?
S0044	85	32	18	[player]どのは<br />これを使えんが¨¨<br />構わんかな？<return_p>[player]は<br />それ	[player]님은<br />이걸 못 쓰시오¨¨<br />괜찮겠소?<return_p>[player]은(는)<br />그것
S0045	85	130	84	使えないけど¨¨<br />いい？<return_p>[player]さんは<br />これを装備できませんが<br />よろしいですか？<return_p>[player]は<br />これを装備できそうにねえが<br />構わないかい？<return_p>[player]さんは<br />これを装備できないけど<br />構わない？<return_p>[player]どのは<br />これを装備できんが¨¨<br />構わんかな？	못 쓰는데¨¨<br />괜찮아?<return_p>[player]님은<br />이걸 장비할 수 없는데<br />괜찮으시겠습니까?<return_p>[player]은(는)<br />이걸 장비 못 할 것 같은데<br />괜찮겠나?<return_p>[player]님은<br />이걸 장비 못 하는데<br />괜찮아?<return_p>[player]님은<br />이걸 장비 못 하시오¨¨<br />괜찮겠소?
S0046	85	14	9	装備できないよ。<br />いい？	장비할 수 없어.<br />괜찮아?
S0047	85	11	10	おやめになるのですね。	그만두시는군요.
S0048	85	95	61	やめるのか。<return_p>えーやめるのお。<return_p>やめますか¨¨。<return_p>そんなこと言うし。<return_p>では<br />別の方にお渡ししましょうか？<return_p>じゃあ<br />別の人に渡すかい？<return_p>じゃ<br />別の人に渡します？	그만두려고?<return_p>에이, 그만두게?<return_p>그만두시겠습니까¨¨.<return_p>그런 말씀을.<return_p>그럼<br />다른 분께 드릴까요?<return_p>그럼<br />다른 사람한테 줄까?<return_p>그럼<br />다른 사람한테 줍니까?
S0052	85	47	25	なら<br /><E7FD>!?＄で<br />買い取るわよ。<return_p><E7FC>なら<br /><E7FD>!?＄で<br />買い取らせてもらいましょう。	이면<br /><E7FD>!?＄에<br />사들이겠어.<return_p><E7FC>이면<br /><E7FD>!?＄에<br />사들이도록 하지요.
S0054	85	45	32	売っていただけますか？<return_p>本当に売ってくれるんだな？<return_p>じゃ、売ってくれますね？	팔아 주시겠습니까?<return_p>정말 파는 거지?<return_p>그럼, 파는 거죠?
S0056	85	11	8	ほかにも何か売る？	더 팔 것은?
S0058	85	39	26	どの品の説明を聞きたいんだ？<return_p>どの商品の説明が聞きたいの？	어느 물건 설명을 들을 텐가?<return_p>어느 상품 설명을 들을래?
S0059	85	17	12	どの品の説明をお望みかな？	어느 물건을 설명해 드릴까요?
S0062	85	17	12	ほかの品の説明も聞くかい？	다른 물건 설명도 들을 텐가?
S0070	85	15	10	何か治療をお望みかな？	치료를 원하시는가?
S0072	85	15	11	だれが治療をお望みかな？	누가 치료를 원하는가?
S0074	85	25	15	治療費は<br /><E7FD>!?＄ほどですが<br />よろしいかな？	치료비는<br /><E7FD>!?＄정도입니다만<br />괜찮으시겠소?
S0078	85	42	24	預ける<br />引取る<br />やめる<0xdb00>品物を引き出す時<br /><E7FD>!?＄<br />いただきますが	맡기기<br />찾기<br />그만두기<0xdb00>물건을 찾을 때<br /><E7FD>!?＄<br />받습니다만
S0079	85	19	14	どちらの品物を<br />預かりましょう？	어느 물건을<br />맡겨 드릴까요?
S0080	85	199	146	どなたの物を預かりましょう？<return_p>どの品物を預かりましょうか？<0xdb>残念ですが<br />その品物は預かれません<0xdb00>確かにお預かりしました<0xdb>ほかにも何か<br />お預かりしましょうか？<return_p>ほかに御用はありますか？<return_p>ありがとうございました<br />またご利用下さい<0xdb>おやめになるんですね<return_p>あなたは預かれるような物を<br />持っていませんよ¨¨<0xdb>別の方の持ち物を<br />預かりましょうか？	어느 분 물건을 맡을까요?<return_p>어느 물건을 맡아 드릴까요?<0xdb>죄송하지만<br />그 물건은 못 맡습니다<0xdb00>확실히 맡았습니다<0xdb>더 맡기실 것이<br />있으십니까?<return_p>더 볼일 있으십니까?<return_p>고맙습니다<br />또 이용해 주십시오<0xdb>그만두시는군요<return_p>맡길 만한 물건을<br />갖고 계시지 않군요¨¨<0xdb>다른 분 물건을<br />맡아 드릴까요?
S0081	85	79	53	申し訳ありませんが<br />保管場所が一杯で<br />これ以上預かれません<0xdb00>お返しする品物ひとつにつき<br /><E7FD>!?＄<br />いただきます<br />よろしいですね？	죄송하지만<br />보관할 자리가 가득 차<br />더는 못 맡습니다<0xdb00>돌려드리는 물건 하나마다<br /><E7FD>!?＄<br />받습니다<br />괜찮으시지요?
S0082	85	36	27	どの品物をお返ししましょう？<0xdb>どなたにお渡ししましょう？<return_p>はい	어느 물건을 돌려드릴까요?<0xdb>어느 분께 드릴까요?<return_p>예
S0083	85	22	17	どうぞ<br />ほかの物も<br />お返ししましょうか？	자<br />다른 물건도<br />돌려드릴까요?
S0031	84	37	22	らっしゃい。<br />¨¨¨¨何？<return_p>どれになさいますか？<return_p>さあ、どれにする？	어서 오게.<br />¨¨¨¨뭐지?<return_p>무엇으로 하겠소?<return_p>자, 어느 걸로?
S0038	84	11	7	¨¨ほかに何かいる？	¨¨더 필요한 건?
S0040	84	70	47	ほかに、何か？<return_p>ありがとうございました。<br />またお越し下さい。<0xdb00>あんがとさん。<br />また来いよ。<0xdb>さんきゅー♥<br />また来てね。<0xdb>また	더 필요한 건?<return_p>감사합니다.<br />또 오십시오.<0xdb00>고맙다.<br />또 오라고.<0xdb>고마워♥<br />또 와요.<0xdb>또
S0041	84	42	28	おいでなさい。<0xdb00>どうも¨¨。<0xdb00>[player]さんは<br />これを使えませんが<br />よろしいですか？	어서 오게.<0xdb00>반갑네¨¨.<0xdb00>[player]님은<br />이걸 못 쓰시는데<br />괜찮으시겠습니까?
S0049	84	213	135	別の人に渡されますか？<return_p>別の人に持たせちゃう？<return_p>[player]さんは<br />持ち物が一杯でもう持てません。<0xdb00>[player]は<br />持ち物が一杯でもう持てないぞ。<0xdb00>[player]さんは<br />持ち物がいっぱいみたい。<0xdb00>[player]どのは<br />持ち物が一杯ですぞ。<0xdb00>[player]は<br />もう持てないでしょ。<0xdb>何を<br />売っていただけるのですか？<return_p>何を売ってくれるんだい？<return_p>何を売ってくれるの？<return_p>何を<br />売っていただけるのかな？	다른 사람에게 주시겠습니까?<return_p>다른 사람한테 들려줄까?<return_p>[player]님은<br />짐이 가득해 더 못 듭니다.<0xdb00>[player]은(는)<br />짐이 가득해 더 못 든다.<0xdb00>[player]님은<br />짐이 가득한 모양이야.<0xdb00>[player]님은<br />짐이 가득하오.<0xdb00>[player]은(는)<br />더는 못 들겠지.<0xdb>무엇을<br />팔아 주시겠습니까?<return_p>뭘 팔아 주겠나?<return_p>뭘 팔아 줄래?<return_p>무엇을<br />팔아 주시려는지?
S0051	84	471	299	具<br />やめる<0xdb00>どの装備品を<br />売っていただけますか？<0xdb00>どの装備品を<br />売ってくれるんだ？<0xdb00>どの装備品を<br />売ってくれるの？<0xdb>どの装備品を<br />引き取りましょうか？<0xdb00>どの装備品を売る？<0xdb>どの品物を<br />売っていただけますか？<0xdb00>どの品物を<br />売ってくれるんだ？<0xdb00>どの品物を<br />売ってくれるの？<0xdb>どの品物を<br />引き取りましょうか？<0xdb00>どの品物を売る？<0xdb>どなたの装備品を<br />売っていただけるのですか？<0xdb00>だれの装備品を<br />売ってくれるんだ？<0xdb>だれの装備品を<br />売ってくれるの？<0xdb00>どなたの装備品を<br />引き取りましょうか？<0xdb00>だれの装備品を売る？<0xdb00>どなたの品物を<br />売っていただけるのですか？<0xdb00>だれの品物を<br />売ってくれるんだ？<0xdb>だれの品物を<br />売ってくれるの？<0xdb00>どなたの品物を<br />引き取りましょうか？<0xdb00>だれの品物を売る？<0xdb00><E7FC>なら<br /><E7FD>!?＄で<br />買い取らせていただきます。<return_p><E7FC>なら<br /><E7FD>!?＄で<br />買い取るぜ。	구<br />그만두기<0xdb00>어느 장비품을<br />팔아 주시겠습니까?<0xdb00>어느 장비품을<br />팔아 주겠나?<0xdb00>어느 장비품을<br />팔아 줄래?<0xdb>어느 장비품을<br />사들일까요?<0xdb00>어느 장비품을 팔래?<0xdb>어느 물건을<br />팔아 주시겠습니까?<0xdb00>어느 물건을<br />팔아 주겠나?<0xdb00>어느 물건을<br />팔아 줄래?<0xdb>어느 물건을<br />사들일까요?<0xdb00>어느 물건을 팔래?<0xdb>어느 분의 장비품을<br />팔아 주시는지요?<0xdb00>누구 장비품을<br />팔아 주겠나?<0xdb>누구 장비품을<br />팔아 줄래?<0xdb00>어느 분 장비품을<br />사들일까요?<0xdb00>누구 장비품을 팔래?<0xdb00>어느 분의 물건을<br />팔아 주시는지요?<0xdb00>누구 물건을<br />팔아 주겠나?<0xdb>누구 물건을<br />팔아 줄래?<0xdb00>어느 분 물건을<br />사들일까요?<0xdb00>누구 물건을 팔래?<0xdb00><E7FC>이면<br /><E7FD>!?＄에<br />사들이겠습니다.<return_p><E7FC>이면<br /><E7FD>!?＄에<br />사들이지.
S0053	84	17	7	なら<br /><E7FD>!?＄で<br />買うけど¨¨。	그럼<br /><E7FD>!?＄에 사지¨¨.
S0055	84	167	105	よろしいですね？<return_p>売るんだよね？<return_p>そうですか、残念です。<0xdb>そうか、残念だな。<0xdb>あら、残念¨¨。<0xdb00>それは残念¨¨。<0xdb00>残念¨¨かな？<0xdb>ありがとうございます。<0xdb>ありがとうよ。<0xdb>どうもありがとう♥<0xdb00>どうも。<0xdb00>ありまとー。<0xdb00>ほかにも何か<br />売っていただけますか？<return_p>ほかにも何か<br />売ってくれるのかい？	괜찮으시지요?<return_p>파는 거지?<return_p>그렇습니까, 아쉽군요.<0xdb>그런가, 아쉽군.<0xdb>어머, 아쉬워¨¨.<0xdb00>그건 아쉽군¨¨.<0xdb00>아쉽군¨¨.<0xdb>감사합니다.<0xdb>고맙네.<0xdb>정말 고마워♥<0xdb00>고맙소.<0xdb00>고마워용.<0xdb00>더 팔아 주실<br />물건이 있으십니까?<return_p>더 팔아 줄<br />물건은 있나?
S0057	84	271	189	ほかにも何か<br />引き取りましょうか？<return_p>まだ売る？<return_p>売れるような物を<br />お持ちでないようですが。<0xdb00>おいおい<br />売れるような物を<br />持ってねえじゃねえか。<0xdb00>売れるような物を<br />持ってないじゃない！<0xdb00>売れるような物を<br />持っておらんようじゃが。<0xdb00>どれも買い取れないよ。<0xdb>残念ですが<br />それは買い取れません。<0xdb>残念だが<br />それは買い取れねえな。<0xdb00>ちょっと<br />それは買い取れないわね。<0xdb>その品は買い取れませぬ。<0xdb>それは買い取れない¨¨。<0xdb00>どの商品の説明を<br />させていただきましょう？	더 사들일 것이<br />있을까요?<return_p>더 팔래?<return_p>파실 만한 물건이<br />없으신 듯합니다만.<0xdb00>이보게<br />팔 만한 물건을<br />안 갖고 왔잖나.<0xdb00>팔 만한 물건을<br />안 갖고 왔잖아!<0xdb00>팔 만한 물건을<br />안 지니신 듯하오만.<0xdb00>어느 것도 못 사겠어.<0xdb>죄송하지만<br />그건 사들일 수 없습니다.<0xdb>미안하지만<br />그건 못 사들이겠군.<0xdb00>잠깐<br />그건 못 사들이겠는걸.<0xdb>그 물건은 못 사들이오.<0xdb>그건 못 사들여¨¨.<0xdb00>어느 상품을 설명해<br />드릴까요?
S0060	84	21	15	どの品の説明を<br />させようと言うの？	어느 물건 설명을<br />시키려는 거야?
S0061	84	21	15	ほかの商品の<br />説明もしましょうか？	다른 상품도<br />설명해 드릴까요?
S0063	84	67	43	ほかの商品の<br />説明も聞きたい？<return_p>ほかの品の<br />説明も聞かれますか？<return_p>ほかの品の説明も<br />聞きたいって言う？	다른 상품<br />설명도 들을래?<return_p>다른 물건<br />설명도 들으시겠습니까?<return_p>다른 물건 설명도<br />듣고 싶다는 거야?
S0068	83	69	49	かあぁぁぁぁぁぁぁぁぁっ‼<br />何がお望みかな？<return_p>いかがされましたか。<br />何か治療をお望みかな？<return_p>何の治療をしましょうか？	끄아아아아아아아아앗‼<br />무엇을 원하시는가?<return_p>어찌 오셨습니까.<br />치료를 원하시는지요?<return_p>무슨 치료를 해 드릴까요?
S0069	83	15	10	何ぞ治療をお望みかな？	무슨 치료를 원하시는가?
S0071	83	29	22	誰を治療しますか？<return_p>どなたにほどこしをしましょう？	누구를 치료할까요?<return_p>누구에게 베풀어 드릴까요?
S0073	83	57	33	生<br />やめる<0xdb00>治療には<br /><E7FD>!?＄かかります。<br />よろしいですか？<return_p><E7FD>!?＄ほど<br />寄進していただけるかな？	생<br />그만두기<0xdb00>치료에는<br /><E7FD>!?＄이 듭니다.<br />괜찮으시겠습니까?<return_p><E7FD>!?＄쯤<br />시주해 주시겠는가?
S0075	83	13	10	ほかの治療もしますか？	다른 치료도 할까요?
S0076	83	13	10	ほかに御用はあるかな？	더 볼일 있으신가?
S0077	83	319	225	ほかにも治療をお望みかな？<return_p>それではお大事に。<br />調子が悪くなったら<br />またいらして下さい。<0xdb00>それでは気を付けて行かれよ。<br />旅の無事を祈っておりますぞ。<0xdb00>ではお大事に。<0xdb>あなたがいっているような<br />状態ではありませんよ。<0xdb00>お見受けしたところ<br />そのような風には見えませんな。<0xdb>あなたの言うようには<br />見えませんが¨¨。<0xdb00>そのまま放っていたら<br />大変なことになりますよ。<0xdb00>そのような体では<br />もちませんぞ。<0xdb>そのままでいると<br />良くないですぞ¨¨。<0xdb00>おふせも払えんとは¨¨。<0xdb>お金が足りないようです<br />残念ですが¨¨。<0xdb00>こちらでは<br />荷物を預かります<br />どうしますか？	더 치료를 원하시는가?<return_p>그럼 몸조리 잘하시오.<br />몸이 나빠지면<br />다시 들르시구려.<0xdb00>그럼 조심해 가시게.<br />여정의 무사를 빌겠소.<0xdb00>그럼 몸조리 잘하시오.<0xdb>그대가 말하는 그런<br />상태가 아니오만.<0xdb00>내가 보기엔<br />그런 듯이 보이지 않는구려.<0xdb>그대 말처럼은<br />보이지 않소만¨¨.<0xdb00>그대로 내버려 두면<br />큰일이 날 것이오.<0xdb00>그런 몸으로는<br />버티지 못하오.<0xdb>그대로 두면<br />좋지 않소¨¨.<0xdb00>시줏돈도 못 내다니¨¨.<0xdb>돈이 모자라는 듯하오<br />안타깝소만¨¨.<0xdb00>여기서는<br />짐을 맡아 둡니다<br />어찌하시겠습니까?
S0034	81	109	70	ですね。<br />どなたがお持ちになりますか？<0xdb00><E7FC>だな。<br />で、だれが持つんだ？<0xdb><E7FC>ね。<br />だれが持つの？<0xdb><E7FC>ですな。<br />どなたにお渡ししましょう？<0xdb><E7FC>なの。<br />だれが持つ？<0xdb>ほかにも何か<br />お求めになりますか？	이군요.<br />어느 분이 지니시겠습니까?<0xdb00><E7FC>이군.<br />그래, 누가 지닐 테냐?<0xdb><E7FC>네.<br />누가 가질래?<0xdb><E7FC>이올시다.<br />어느 분께 드릴까요?<0xdb><E7FC>이야.<br />누가 가져?<0xdb>더 사실 물건이<br />있으십니까?
S0029	78	49	38	いらっしゃいませ。<br />どういった御用でしょう？<return_p>よく来たな。<br />うちはいいもんがそろってるぜ。	어서 오십시오.<br />무슨 용건이신지요?<return_p>잘 왔군.<br />우린 좋은 물건만 갖췄지.
S0050	78	21	9	何を売るの？¨¨<return_p>装備品<br />道	뭘 팔래?¨¨<return_p>장비품<br />도
S0033	75	117	68	どれを御所望かな？<return_p>どれ¨¨<return_p>残念ですが<br />お金が足りません。<0xdb>おいおい<br />金が足りないぜ。<0xdb>残念だけど<br />お金が足りないみたい。<0xdb>金が足りませんな。<0xdb>金、足りないし¨¨。<0xdb00><E7FC>ですね。<return_p><E7FC>だな。	어느 것을 원하시오?<return_p>어느 것¨¨<return_p>죄송하지만<br />돈이 모자랍니다.<0xdb>이봐<br />돈이 모자라잖아.<0xdb>미안하지만<br />돈이 모자란 것 같아.<0xdb>돈이 모자라는군.<0xdb>돈, 모자라는데¨¨.<0xdb00><E7FC>이군요.<return_p><E7FC>이로군.
S0066	70	14	10	寄ってくださいね。<0xdb00>また	들러 주세요.<0xdb00>또
S0065	69	131	94	では<br />ごゆっくり¨¨。<0xdb>じゃあ<br />ごゆっくり¨¨。<0xdb00>では<br />ごゆるりと¨¨。<0xdb>おはようございます。<br />御満足いただけましたでしょうか。<br />またのお越しをお待ちしております。<0xdb00>またのお越しをお待ちしております。<0xdb>おはよう！<br />ゆっくり休めたかしら。<br />また	그럼<br />편히 쉬십시오¨¨.<0xdb>그럼<br />편히 쉬어¨¨.<0xdb00>그럼<br />편히 쉬시구려¨¨.<0xdb>안녕히 주무셨습니까.<br />만족하셨는지요.<br />또 오시기를 기다리겠습니다.<0xdb00>또 오시기를 기다리겠습니다.<0xdb>잘 잤어!<br />푹 쉬었으려나.<br />또
S0064	68	125	82	お待ちしておりました。<0xdb00>あら、いらっしゃい。<0xdb00>これはこれは、<br />いらっしゃいませ。<0xdb>お泊まりは<br /><E7FD>!?＄になりますが<br />よろしいですか？<return_p>一泊<E7FD>!?＄だけど<br />泊まっていく？<return_p>宿泊は<br /><E7FD>!?＄となっておりますが、<br />よろしいでしょうか？	기다리고 있었습니다.<0xdb00>어머, 어서 오세요.<0xdb00>이거 이거,<br />어서 오십시오.<0xdb>숙박은<br /><E7FD>!?＄입니다만<br />괜찮으시겠습니까?<return_p>하룻밤 <E7FD>!?＄인데<br />묵고 갈래?<return_p>숙박은<br /><E7FD>!?＄로 되어 있습니다만,<br />괜찮으시겠는지요?
S0067	68	102	78	寄ってくださいね。<0xdb>おはようございます。<br />よく眼れたでしょうか。<br />またのお越しをお待ちしております。<0xdb>またのお越しをお待ちしております。<0xdb>調子はどうですか。<br />何の治療をしましょうか？	들러 주세요.<0xdb>안녕히 주무셨습니까.<br />잘 주무셨는지요.<br />또 오시기를 기다리겠습니다.<0xdb>또 오시기를 기다리겠습니다.<0xdb>몸은 좀 어떠십니까.<br />무슨 치료를 해 드릴까요?
S0086	50	240	126	隠し扉を見つけた！<0xdb00>隠し階段を見つけた！<0xdb00>鍵がかかっている。<0xdb00>宝箱は空っぽだった。<0xdb>特に興味のある内容では<br />ないようだ。<0xdb>見事な掛けじくだ‼<0xdb00>見事な絵画だ‼<0xdb>見事な壁画だ‼<0xdb>ポスターが貼ってある。<br /><arrow>「メガＣＤゲーム・ソフト、<br />『聖魔伝説３×３ＥＹＥＳ』<br />大好評発売中‼」<0xdb00>＄<E7FD>!?見つけた！<0xdb00><E7FC>を、見つけた！<0xdb00>特残メッセージ出力。<0xdb00>特残メッセージ出力。	숨겨진 문을 찾았다!<0xdb00>숨겨진 계단을 찾았다!<0xdb00>자물쇠가 잠겨 있다.<0xdb00>보물상자는 비었다.<0xdb>딱히 볼 만한 내용은<br />아니다.<0xdb>훌륭한 족자다‼<0xdb00>훌륭한 그림이다‼<0xdb>훌륭한 벽화다‼<0xdb>포스터가 붙어 있다.<br /><arrow>「메가ＣＤ 게임 소프트,<br />『성마전설 ３×３ＥＹＥＳ』<br />대호평 발매중‼」<0xdb00>＄<E7FD>!?찾았다!<0xdb00><E7FC>을(를), 찾았다!<0xdb00>특잔 메시지 출력.<0xdb00>특잔 메시지 출력.
S0022	42	24	16	効果→最後にセーブした町や村に戻る	효과→마지막 저장 마을로 돌아간다
S0585	34	21	13	効果→毒の状態から回復させる	효과→독 상태에서 회복시킨다
S0586	34	23	14	効果→硬直の状態から回復させる	효과→경직 상태에서 회복시킨다
S1680	26	20	12	効果→毒と硬直を回復させる	효과→독과 경직을 회복시킨다
S1066	21	345	248	いいですか？<0xdb>どちらの品物を<br />預かりましょう？<0xdb>どなたの物を預かりましょう？<0xdb00>どの品物を預かりましょうか？<0xdb>残念ですが<br />その品物は預かれません<0xdb00>確かにお預かりしました<0xdb>ほかにも何か<br />お預かりしましょうか？<0xdb00>ほかに御用はありますか？<0xdb00>ありがとうございました<br />またご利用下さい<0xdb>おやめになるんですね<0xdb00>あなたは預かれるような物を<br />持っていませんよ・・・<0xdb00>別の方の持ち物を<br />預かりましょうか？<0xdb>申し訳ありませんが<br />保管場所が一杯で<br />これ以上預かれません<0xdb00>お返しする品物ひとつにつき<br /><E7FD>!?＄<br />いただきます<br />よろしいですね？<0xdb>どの品物をお返ししましょう？<0xdb>どなたにお渡ししましょう？<0xdb00>はい	
S1822	18	31	18	効果→ダンジョンの入口に戻る<br /><return_p>天人の羽根	효과→던전 입구로 돌아간다<br /><return_p>천인의 깃털
S1058	16	79	54	おいでなさい。<0xdb00>どうも・・・<0xdb00>[player]さんは<br />これを使えませんが<br />よろしいですか？<0xdb>[player]は<br />これを使えそうにねえが<br />構わないかい？<0xdcdb00>[player]さんは<br />これ	어서 오게.<0xdb00>반갑네¨¨.<0xdb00>[player]님은<br />이걸 못 쓰시는데<br />괜찮으시겠습니까?<0xdb>[player]은(는)<br />이걸 못 쓸 것 같은데<br />괜찮겠나?<0xdcdb00>[player]님은<br />これ
S1059	16	47	31	使えないけど<br />構わない？<0xdb>[player]どのは<br />これを使えんが・・・<br />構わんかな？<0xdb>[player]は<br />それ	못 쓰는데<br />괜찮아?<0xdb>[player]님은<br />이걸 못 쓰시오¨¨<br />괜찮겠소?<0xdb>[player]은(는)<br />그것
S1060	16	139	92	使えないけど・・<br />いい？<0xdb00>[player]さんは<br />これを装備できませんが<br />よろしいですか？<0xdb00>[player]は<br />これを装備できそうにねえが<br />構わないかい？<0xdcdb>[player]さんは<br />これを装備できないけど<br />構わない？<0xdb00>[player]どのは<br />これを装備できんが・・・<br />構わんかな？<0xdb00>[player]は<br />それ	못 쓰는데¨¨<br />괜찮아?<0xdb00>[player]님은<br />이걸 장비할 수 없는데<br />괜찮으시겠습니까?<0xdb00>[player]은(는)<br />이걸 장비 못 할 것 같은데<br />괜찮겠나?<0xdcdb>[player]님은<br />이걸 장비 못 하는데<br />괜찮아?<0xdb00>[player]님은<br />이걸 장비 못 하시오¨¨<br />괜찮겠소?<0xdb00>[player]은(는)<br />그것
S1061	16	30	22	装備できないよ<br />いい？<0xdb00>おやめになるのですね。<0xdb>なんだ	장비할 수 없어.<br />괜찮아?<0xdb00>그만두시는군요.<0xdb>なんだ
S1062	16	329	208	やめるのか。<0xdb00>えーやめるのお。<0xdb00>やめますか・・・<0xdb00>そんなこと言うし。<0xdb00>では<br />別の方にお渡ししましょうか？<0xdb00>じゃあ<br />別の人に渡すかい？<0xdb00>じゃ<br />別の人に渡します？<0xdb>別の人に渡されますか？<0xdb00>別の人に持たせちゃう？<0xdb00>[player]さんは<br />持ち物が一杯でもう持てません。<0xdcdb>[player]は<br />持ち物が一杯でもう持てないぞ。<0xdcdb>[player]さんは<br />持ち物がいっぱいみたい。<0xdb00>[player]どのは<br />持ち物が一杯ですぞ。<0xdb00>[player]は<br />もう持てないでしょ。<0xdb>何を<br />売っていただけるのですか？<0xdb00>何を売ってくれるんだい？<0xdb00>何を売ってくれるの？<0xdb00>何を<br />売っていただけるのかな？<0xdb>何を売るの？<0xdb00>装備品<br />道	
S1063	16	1482	978	具<br />やめる<0xdb00>どの装備品を<br />売っていただけますか？<0xdb00>どの装備品を<br />売ってくれるんだ？<0xdb00>どの装備品を<br />売ってくれるの？<0xdb>どの装備品を<br />引き取りましょうか？<0xdb00>どの装備品を売る？<0xdb>どの品物を<br />売っていただけますか？<0xdb00>どの品物を<br />売ってくれるんだ？<0xdb00>どの品物を<br />売ってくれるの？<0xdb>どの品物を<br />引き取りましょうか？<0xdb00>どの品物を売る？<0xdb>どなたの装備品を<br />売っていただけるのですか？<0xdb00>だれの装備品を<br />売ってくれるんだ？<0xdb>だれの装備品を<br />売ってくれるの？<0xdb00>どなたの装備品を<br />引き取りましょうか？<0xdb00>だれの装備品を売る？<0xdb00>どなたの品物を<br />売っていただけるのですか？<0xdb00>だれの品物を<br />売ってくれるんだ？<0xdb>だれの品物を<br />売ってくれるの？<0xdb00>どなたの品物を<br />引き取りましょうか？<0xdb00>だれの品物を売る？<0xdb00><E7FC>なら<br /><E7FD>!?＄で<br />買い取らせていただきます。<0xdb00><E7FC>なら<br /><E7FD>!?＄で<br />買い取るぜ。<0xdb><E7FC>なら<br /><E7FD>!?＄で<br />買い取るわよ。<0xdcdb><E7FC>なら<br /><E7FD>!?＄で<br />買い取らせてもらいもしょう。<0xdb><E7FC>なら<br /><E7FD>!?＄で<br />買うけど・・・<0xdcdb00>売っていただけますか？<0xdb00>本当に売ってくれるんだな？<0xdb00>じゃ、売ってくれますね？<0xdb>よろしいですね？<0xdb00>売るんだよね？<0xdcdb>そうですか、残念です。<0xdb>そうか、残念だな。<0xdb>あら、残念・・・<0xdb00>それは残念・・・<0xdb00>残念・・かな？<0xdcdb00>ありがとうございます。<0xdb>ありがとうよ。<0xdcdb00>どうもありがとう。<0xdb>どうも。<0xdb00>ありまとー<0xdb>ほかにも何か<br />売っていただけますか？<0xdb00>ほかにも何か<br />売ってくれるのかい？<0xdb>ほかにも何か売る？<0xdb>ほかにも何か<br />引き取りましょうか？<0xdb00>まだ売る？<0xdb00>売れるような物を<br />お持ちでないようですが。<0xdb00>おいおい<br />売れるような物を<br />持ってねえじゃねえか。<0xdb00>売れるような物を<br />持ってないじゃない！<0xdb00>売れるような物を<br />持っておらんようじゃが。<0xdb00>どれも買い取れないよ。<0xdb>残念ですが<br />それは買い取れません。<0xdb>残念だが<br />それは買い取れねえな。<0xdb00>ちょっと<br />それは買い取れないわね。<0xdb>その品は買い取れませぬ。<0xdb>それは買い取れない・・・<0xdb00>どの商品の説明を<br />させていただきましょう？<0xdb>どの品の説明を聞きたいんだ？<0xdb00>どの商品の説明が聞きたいの？<0xdb>どの品の説明をお望みかな？<0xdb>どの品の説明を<br />させようと言うの？<0xdb>ほかの商品の<br />説明もしましょうか？<0xdb>ほかの品の説明も聞くかい？<0xdb>ほかの商品の<br />説明も聞きたい？<0xdb00>他の品の<br />説明も聞かれますか？<0xdb00>他の品の説明も<br />聞きたいって言う？<0xdb>お待ちしておりました<0xdb>あら、いらっしゃい。<0xdb00>これはこれは、<br />いらしゃいまし。<0xdb00>お泊まりは<br /><E7FD>!?＄になりますが<br />よろしいですか？<0xdb00>一泊<E7FD>!?＄だけど<br />泊まっていく？<0xdcdb>宿泊は<br /><E7FD>!?＄となっておりますが、<br />よろしいでしょうか？<0xdb>では<br />ごゆっくり¨<0xdb>じゃあ<br />ごゆっくり¨<0xdb00>では<br />ごゆるりと¨<0xdb>おはようございます<br />御満足いただけましたでしょうか<0xdcdb>おはよう！<br />ゆっくり休めたかしら。<0xdb00>おはようございます<br />よく眼れたでしょうか。<0xdb00>またのお越しをお待ちしております<0xdb00>また	구<br />그만두기<0xdb00>어느 장비품을<br />팔아 주시겠습니까?<0xdb00>어느 장비품을<br />팔아 주겠나?<0xdb00>어느 장비품을<br />팔아 줄래?<0xdb>어느 장비품을<br />사들일까요?<0xdb00>어느 장비품을 팔래?<0xdb>어느 물건을<br />팔아 주시겠습니까?<0xdb00>어느 물건을<br />팔아 주겠나?<0xdb00>어느 물건을<br />팔아 줄래?<0xdb>어느 물건을<br />사들일까요?<0xdb00>어느 물건을 팔래?<0xdb>어느 분의 장비품을<br />팔아 주시겠습니까?<0xdb00>누구 장비품을<br />팔아 주겠나?<0xdb>누구 장비품을<br />팔아 줄래?<0xdb00>어느 분의 장비품을<br />사들일까요?<0xdb00>누구 장비품을 팔래?<0xdb00>어느 분의 물건을<br />팔아 주시겠습니까?<0xdb00>누구 물건을<br />팔아 주겠나?<0xdb>누구 물건을<br />팔아 줄래?<0xdb00>어느 분의 물건을<br />사들일까요?<0xdb00>누구 물건을 팔래?<0xdb00><E7FC>이면<br /><E7FD>!?＄에<br />사들이겠습니다.<0xdb00><E7FC>이면<br /><E7FD>!?＄에<br />사들이지.<0xdb><E7FC>이면<br /><E7FD>!?＄에<br />사들이겠어.<0xdcdb><E7FC>이면<br /><E7FD>!?＄에<br />사들이도록 하지요.<0xdb><E7FC>이면<br /><E7FD>!?＄에<br />買うけど・・・<0xdcdb00>팔아 주시겠습니까?<0xdb00>정말 파는 거지?<0xdb00>그럼, 파는 거죠?<0xdb>괜찮으시지요?<0xdb00>파는 거지?<0xdcdb>그렇습니까, 아쉽군요.<0xdb>그런가, 아쉽군.<0xdb>어머, 아쉬워¨¨.<0xdb00>그건 아쉽군¨¨.<0xdb00>아쉽군¨¨.<0xdcdb00>감사합니다.<0xdb>고맙네.<0xdcdb00>정말 고마워<0xdb>고맙소.<0xdb00>고마워용.<0xdb>더 사실 물건이<br />팔아 주시겠습니까?<0xdb00>더 사실 물건이<br />물건은 있나?<0xdb>더 팔 것은?<0xdb>더 사실 물건이<br />사들일까요?<0xdb00>더 팔래?<0xdb00>파실 만한 물건이<br />없으신 듯합니다만.<0xdb00>이보게<br />파실 만한 물건이<br />안 갖고 왔잖나.<0xdb00>파실 만한 물건이<br />안 갖고 왔잖아!<0xdb00>파실 만한 물건이<br />안 지니신 듯하오만.<0xdb00>어느 것도 못 사겠어.<0xdb>죄송하지만<br />그건 사들일 수 없습니다.<0xdb>미안하지만<br />그건 못 사들이겠군.<0xdb00>잠깐<br />그건 못 사들이겠는걸.<0xdb>그 물건은 못 사들이오.<0xdb>그건 못 사들여¨¨.<0xdb00>어느 상품을 설명해<br />드릴까요?<0xdb>어느 물건 설명을 들을 텐가?<0xdb00>어느 상품 설명을 들을래?<0xdb>어느 물건을 설명해 드릴까요?<0xdb>어느 물건 설명을<br />시키려는 거야?<0xdb>다른 상품도<br />설명해 드릴까요?<0xdb>다른 물건 설명도 들을 텐가?<0xdb>다른 상품도<br />설명도 들을래?<0xdb00>다른 물건<br />설명도 들으시겠습니까?<0xdb00>다른 물건 설명도<br />듣고 싶다는 거야?<0xdb>기다리고 있었습니다.<0xdb>어머, 어서 오세요.<0xdb00>이거 이거,<br />어서 오십시오.<0xdb00>숙박은<br /><E7FD>!?＄입니다만<br />괜찮으시겠습니까?<0xdb00>하룻밤 <E7FD>!?＄인데<br />묵고 갈래?<0xdcdb>숙박은<br /><E7FD>!?＄로 되어 있습니다만,<br />괜찮으시겠는지요?<0xdb>그럼<br />편히 쉬십시오¨<0xdb>그럼<br />편히 쉬십시오¨<0xdb00>그럼<br />편히 쉬시구려¨<0xdb>안녕히 주무셨습니까.<br />만족하셨는지요.<0xdcdb>잘 잤어!<br />푹 쉬었으려나.<0xdb00>안녕히 주무셨습니까.<br />잘 주무셨는지요.<0xdb00>또 오시기를 기다리겠습니다.<0xdb00>또
S1064	16	176	121	寄ってくださいね。<0xdb>またのお越しをお待ちしております。<0xdb>調子が悪そうですね。<0xdb>ずいぶんと<br />お困りの様子だが・・・<0xdb00>いかがされましたか。<0xdb00>何の治療をしましょうか？<0xdb>何がお望みかな？<0xdb00>何か治療をお望みかな？<0xdb>誰を治療しますか？<0xdb00>どなたにほどこしをしましょう？<0xdcdb00>だれが治療をお望みかな？<0xdb>毒<br />硬	
S1065	16	490	336	生<br />やめる<0xdb00>治療には<br /><E7FD>!?＄かかります<br />よろしいですか？<0xdb><E7FD>!?＄ほど<br />寄進していただけるかな？<0xdb>治療費は<br /><E7FD>!?＄ほどですが<br />よろしいかな？<0xdcdb00>他の治療もしますか？<0xdb>ほかに御用はあるかな？<0xdb>他にも治療をお望みかな？<0xdb00>それではお大事に<br />調子が悪くなったら<br />またいらして下さい。<0xdb>それでは気を付けて行かれよ<br />旅の無事を祈っておりますぞ。<0xdb>では、<br />気を付けて旅を続けて下され。<0xdb>あなたがいっているような<br />状態ではありませんよ。<0xdb00>お見受けしたところ<br />そのような風には見えませんな。<0xdcdb00>あなたの言うようには<br />見えませんが・・・<0xdb00>そのまま放っていたら<br />大変なことになりますよ。<0xdb00>そのような体では<br />もちませんぞ。<0xdcdb00>そのままでいると<br />良くないですぞ・・・<0xdb00>おふせも払えんとは・・・<0xdb>お金が足りないようです<br />残念ですが・・・<0xdb00>こちらでは<br />荷物を預かります<br />どうしますか？<0xdcdb00>預ける<br />引取る<br />やめる<0xdb00>品物を引き出す時<br /><E7FD>!?＄<br />いただきますが	
S2289	16	36	19	効果→戦闘中使うと攻撃力が上がる<br /><return_p>助速の書	효과→전투 중 쓰면 공격력이 오른다<br /><return_p>조속의 서
S2290	16	36	19	効果→戦闘中使うと機動力が上がる<br /><return_p>身羅の書	효과→전투 중 쓰면 기동력이 오른다<br /><return_p>신라의 서
S0020	15	22	11	効果→敵を硬直させる<br /><return_p>地虫	효과→적 경직시킴<br /><return_p>땅벌레
S1057	15	576	377	いらっしゃいませ<br />どういった御用でしょう？<0xdb>よく来たな<br />うちはいいもんがそろってるぜ。<0xdcdb>いらっしゃ～い<br />どういった御用？<0xdb00>いらっしゃいませ<br />どういった御用で？<0xdb00>らっしゃい<br />・・・・・何？<0xdcdb>どれになさいますか？<0xdb00>さあ、どれにする？<0xdb>どれにします？<0xdcdb00>どれを御所望かな？<0xdb00>どれにする？<0xdb00>残念ですが<br />お金が足りません。<0xdb>おいおい<br />金が足りないぜ。<0xdb>残念だけど<br />お金が足りないみたい。<0xdb>金が足りませんな。<0xdb>金、足りないし・・・<0xdb00><E7FC>ですね<0xdb><E7FC>だな。<0xdb><E7FC>ね。<0xdb00><E7FC>ですな。<0xdcdb><E7FC>だに。<0xdb>どなたがお持ちになりますか？<0xdb>で、だれが持つんだ？<0xdb>だれが持つの？<0xdcdb>どなたにお渡ししましょう？<0xdb00>だれが持つ？<0xdb>はい、どうぞ。<0xdcdb00>まいどあり。<0xdb00>はい！<0xdb>大切に使いなされ。<0xdb00>ほい<0xdb00>他にも何か<br />お求めになりますか？<0xdb>他にも何か買ってくか？<0xdb00>他にも何か買ってくれる？<0xdb>他にも何か入り用かな？<0xdb>他に何か？<0xdb>ほかに御用はありますか？<0xdb00>ほかにも何かあるかい？<0xdb00>ほかに何か御用は？<0xdb00>ほかに御用は？<0xdcdb00>ほかに、何か？<0xdcdb>ありがとうございました<br />またおこし下さい。<0xdb00>あんがとさん<br />また来いよ。<0xdb00>さんきゅー<br />また来てね。<0xdb>また	어서 오십시오.<br />무슨 용건이신지요?<0xdb>잘 왔군.<br />우린 좋은 물건만 갖췄지.<0xdcdb>いらっしゃ～い<br />무슨 일이시죠?<0xdb00>어서 오십시오.<br />무슨 용건이신지요?<0xdb00>어서 오게.<br />・・・・・何？<0xdcdb>무엇으로 하겠소?<0xdb00>자, 어느 걸로?<0xdb>어느 걸로?<0xdcdb00>어느 것을 원하시오?<0xdb00>어느 걸로 할래?<0xdb00>죄송하지만<br />돈이 모자랍니다.<0xdb>이보게<br />돈이 모자라잖아.<0xdb>미안하지만<br />돈이 모자란 것 같아.<0xdb>돈이 모자라는군.<0xdb>돈, 모자라는데¨¨.<0xdb00><E7FC>이군요.<0xdb><E7FC>이군.<0xdb><E7FC>네.<0xdb00><E7FC>이올시다.<0xdcdb><E7FC>だに。<0xdb>어느 분이 지니시겠습니까?<0xdb>그래, 누가 지닐 테냐?<0xdb>누가 가질래?<0xdcdb>어느 분께 드릴까요?<0xdb00>누가 가져?<0xdb>네, 여기요<0xdcdb00>매번 감사<0xdb00>はい！<0xdb>소중히 쓰시게<0xdb00>ほい<0xdb00>더 사실 물건이<br />있으십니까?<0xdb>더 살 건 없나?<0xdb00>더 사 갈래?<0xdb>더 필요한 건 없나?<0xdb>더 필요한 건?<0xdb>더 볼일 있으십니까?<0xdb00>더 필요한 거 있나?<0xdb00>달리 볼일은?<0xdb00>더 볼일은?<0xdcdb00>더 필요한 건?<0xdcdb>고맙습니다<br />또 오십시오<0xdb00>고맙다.<br />또 오라고.<0xdb00>さんきゅー<br />또 와요.<0xdb>또
S0021	14	35	18	効果→ダンジョンの入口に戻る<br /><return_p><0xdb00><0xdb00>天人の羽根	효과→던전 입구로 돌아간다<br /><return_p><0xdb00><0xdb00>천인의 깃털
S1251	14	208	108	隠し扉を見つけた！<0xdb00>隠し階段を見つけた！<0xdb00>鍵がかかっている。<0xdb00>宝箱は空っぽだった。<0xdb>特に興味のある内容では<br />ないようだ。<0xdb>見事な掛けじくだ‼<0xdb00>見事な絵画だ‼<0xdb>見事な壁画だ‼<0xdb>ポスターが貼ってある。<br /><arrow>「メガＣＤゲーム・ソフト、<br />『聖魔伝説３×３ＥＹＥＳ』<br />大好評発売中‼」<0xdb00>＄<E7FD>!?見つけた！<0xdb00><E7FC>を、見つけた！	숨겨진 문을 찾았다!<0xdb00>숨겨진 계단을 찾았다!<0xdb00>자물쇠가 잠겨 있다.<0xdb00>보물상자는 비었다.<0xdb>딱히 볼 만한 내용은<br />아니다.<0xdb>훌륭한 족자다‼<0xdb00>훌륭한 그림이다‼<0xdb>훌륭한 벽화다‼<0xdb>포스터가 붙어 있다.<br /><arrow>「메가ＣＤ 게임 소프트,<br />『성마전설 ３×３ＥＹＥＳ』<br />대호평 발매중‼」<0xdb00>＄<E7FD>!?찾았다!<0xdb00><E7FC>을(를), 찾았다!
S2402	14	300	162	隠し扉を見つけた！<0xdb00>隠し階段を見つけた！<0xdb00>鍵がかかっている。<0xdb00>宝箱は空っぽだった。<0xdb>特に興味のある内容では<br />ないようだ。<0xdb>見事な掛けじくだ‼<0xdb00>見事な絵画だ‼<0xdb>見事な壁画だ‼<0xdb>ポスターが貼ってある。<br /><arrow>「メガＣＤゲーム・ソフト、<br />『聖魔伝説３×３ＥＹＥＳ』<br />大好評発売中‼」<0xdb00>＄<E7FD>!?見つけた！<0xdb00><E7FC>を、見つけた！<0xdb00>なんと！<br />魔天三十二禍図を見つけた！<arrow>[player]は魔天三十二禍図<br />のうちの１枚を燃やした！<0xdb>[player]は足もとを調べた。<br />しかし何も見つからなかった。	
S0563	12	71	49	業務月報をつけます。<br />よろしいですか？<0xdb>この仕事には危険がつきもの。<br />こまめに記録した方が<br />いいと思いますけど。<0xdb00>ゅ	업무 월보를 적겠습니다.<br />괜찮습니까?<0xdb>이 일엔 위험이 따르는 법.<br />부지런히 적는 편이<br />좋다고 봅니다.<0xdb00>유
S0598	12	173	112	え、また泊めてほしいって？<br />うう、君達も苦労してるんだ。<0xdb>内線で、鈴鈴さんから話しは<br />聞いてるよ。<0xdb00>あら、いらっしゃい。<0xdb00>これはこれは、<br />いらっしゃいませ。<0xdb>お泊まりは<br /><E7FD>!?＄になりますが<br />よろしいですか？<return_p>一泊<E7FD>!?＄だけど<br />泊まっていく？<return_p>宿泊は<br /><E7FD>!?＄となっておりますが、<br />よろしいでしょうか？	어, 또 재워 달라고?<br />으으, 너희도 고생이 많구나.<0xdb>내선으로 린린 씨한테<br />얘기는 들었어.<0xdb00>어머, 어서 오세요.<0xdb00>이거 이거,<br />어서 오십시오.<0xdb>숙박은<br /><E7FD>!?＄입니다만<br />괜찮으시겠습니까?<return_p>하룻밤 <E7FD>!?＄인데<br />묵고 갈래?<return_p>숙박은<br /><E7FD>!?＄로 되어 있습니다만,<br />괜찮으시겠는지요?
S0599	12	107	75	ちょっと汗くさいのは、我慢してね。<0xdb00>じゃあ<br />ごゆっくり¨¨。<0xdb00>では<br />ごゆるりと¨¨。<0xdb>疲れはとれた？<br />こんな所でよかったら、また<br />いつでも来ていいからね。<0xdb>おはよう！<br />ゆっくり休めたかしら。<br />また	땀 냄새 나는 건 참아 줘.<0xdb00>그럼<br />편히 쉬어¨¨.<0xdb00>그럼<br />편히 쉬시구려¨¨.<0xdb>피로는 풀렸어?<br />이런 데라도 괜찮으면, 또<br />언제든 와도 돼.<0xdb>잘 잤어!<br />푹 쉬었으려나.<br />또
S0600	12	83	62	寄ってくださいね。<0xdb00>おはようございます。<br />よく眼れたでしょうか。<br />またのお越しをお待ちしております。<0xdb>調子はどうですか。<br />何の治療をしましょうか？	들러 주세요.<0xdb00>안녕히 주무셨습니까.<br />잘 주무셨는지요.<br />또 오시기를 기다리겠습니다.<0xdb>몸은 좀 어떠십니까.<br />무슨 치료를 해 드릴까요?
S0601	12	131	84	預かっている品物がありません<0xdb>現在、次のような<br />仕事の依頼が来ています。<0xdb>現在、仕事の依頼は<br />入ってきていませんね。<0xdb00>では、どんな依頼（仕事）かと<br />いいますと¨¨。<0xdb>この依頼を引き受けます。<br />よろしいですか？	맡아 둔 물건이 없습니다<0xdb>지금 다음과 같은<br />일 의뢰가 들어와 있습니다.<0xdb>지금은 일 의뢰가<br />들어와 있지 않네요.<0xdb00>그럼, 어떤 의뢰(일)인가<br />하면¨¨.<0xdb>이 의뢰를 맡겠습니다.<br />괜찮으시겠습니까?
S0602	12	21	14	では、別の依頼を引き受けますか？	그럼, 다른 의뢰를 맡으시겠습니까?
S0603	12	109	73	では、またの機会に¨¨。<0xdb00>それでは、いってらっしゃい。<br />お気をつけて。<0xdb>お仕事おつかれさまでした。<br />大成功でしたね。<0xdb>仕事は失敗しちゃったみたいですね。<br /><0xdb00>別の依頼も見てみませんか？	그럼, 다음 기회에¨¨.<0xdb00>그럼, 다녀오십시오.<br />조심하시고요.<0xdb>일 하시느라 수고하셨습니다.<br />대성공이었네요.<0xdb>일은 실패하신 모양이네요.<br /><0xdb00>다른 의뢰도 보시겠습니까?
S0604	12	73	44	では、また仕事の依頼が入ったら<br />知らせます。<0xdb00>「あなたしか見えない」の巻<0xdb>「愛は山脈を越えて」の巻<br />「夢の狂宴‼	그럼, 또 일 의뢰가 오면<br />알려 드리겠습니다.<0xdb00>「너밖에 보이지 않아」편<0xdb>「사랑은 산맥을 넘어」편<br />「꿈의 광연‼
S0605	12	16	8	ああ、美女対決!?」の巻	아아, 미녀 대결!?」편
S0606	12	30	19	「獣になった少年」の巻<br />「マカオが熱いとき」の巻	「짐승이 된 소년」편<br />「마카오가 뜨거울 때」
S0607	12	52	25	「失われし憑魔の秘宝」の巻<0xdb>「香港妖魔変」の巻<br />「香港妖魔変２」の巻	「잃어버린 빙마의 비보」편<0xdb>「홍콩 요마변」편<br />「홍콩 요마변２」편
S0613	12	24	16	不老にして三つの目を持つ妖怪なり。	늙지 않고 눈이 셋인 요괴라.
S0614	12	23	16	よく人心を惑わし、長い生涯において	곧잘 사람을 홀리며, 긴 생애에
S0615	12	316	198	一度のみ人間の命を喰らう。」<br /><arrow>三只眼吽迦羅は人間に酷似しているが、<br />人間の額に当たる部分に<br />第三の目が存在する妖魔である。<br /><arrow>また第三の目が開いている時と<br />閉じている時とでは性格が全く異なる。<br />人間でいうところの二重人格である。<br /><arrow>不死身、不老不死をつかさどるといわれ<br />『聖地』と呼ばれる場所に<br />生息していたという伝承がある。<br /><arrow>妖魔の世界を統べるほど<br />その力は絶大で<br />知性も高かったとの記録もあるが<br />その歴史は未だ謎に包まれている。<0xdb>『幻の三只眼吽迦羅』	단 한 번 인간의 목숨을 먹는다.」<br /><arrow>삼지안 훔가라는 인간과 몹시 닮았으나,<br />인간의 이마에 해당하는 자리에<br />세 번째 눈이 있는 요마다.<br /><arrow>또한 세 번째 눈이 열려 있을 때와<br />닫혀 있을 때의 성격이 전혀 다르다.<br />인간으로 치면 이중인격인 셈이다.<br /><arrow>불사신, 불로불사를 관장한다고 하며<br />『성지』라 불리는 곳에<br />살았다는 전승이 있다.<br /><arrow>요마의 세계를 다스릴 만큼<br />그 힘은 절대적이고<br />지성도 높았다는 기록도 있으나<br />그 역사는 아직 수수께끼에 싸여 있다.<0xdb>『환상의 삼지안 훔가라』
S0616	12	177	114	著<br /><arrow>¨¨つまり、『万妖録』によれば<br />三只眼一族は人化の法という術を<br />生み出したか、あるいは発見したのだ。<br /><arrow>そして彼らは不老不死の法すらも捨て、<br />短い命しか持たない人間となった。<br />天寿をまっとうしていったのだ。<br /><arrow>しかし何故、<br />彼らは不死を捨ててしまったのかは<br />不明である。	저<br /><arrow>¨¨즉, 『만요록』에 따르면<br />삼지안 일족은 인화의 법이라는 술을<br />만들어 냈거나, 혹은 발견한 것이다.<br /><arrow>그리고 그들은 불로불사의 법마저 버리고,<br />짧은 목숨밖에 없는 인간이 되었다.<br />천수를 다하고 떠나간 것이다.<br /><arrow>허나 어찌하여<br />그들이 불사를 버렸는지는<br />알 수 없다.
S0617	12	30	12	¨¨¨¨¨¨<0xdb>『三只眼吽迦羅に関する報告』	¨¨¨¨¨¨<0xdb>『삼지안 훔가라에 관한 보고』
S0618	12	339	205	共著<br /><arrow>三体の三只眼が背向いにくっついた像、<br />それが『人間の像』と呼ばれる物の<br />正体であると考える。<br /><arrow><portrait_0B>古い写真に写っていた物しか<br />我々は確認していないので<br />その材質などは一切不明である。<br /><arrow>伝承から推測するに<br />三只眼一族が人化の法を行う際に<br />用いた道具が『人間の像』であろう。<br /><arrow>写真とはいえ、その存在が確認され<br />三只眼吽迦羅に関する伝承が<br />世界各地に残っていることから考え、<br /><arrow>三只眼吽迦羅が<br />我々人類、この世界と<br />何かしらのつながりを持っていたことは<br />間違いない。<0xdb>『万妖録研究	공저<br /><arrow>세 구의 삼지안이 등을 맞댄 상,<br />그것이 『인간의 상』이라 불리는 것의<br />정체라고 본다.<br /><arrow><portrait_0B>오래된 사진에 찍힌 것밖에<br />우리는 확인하지 못했으므로<br />그 재질 따위는 전혀 알 수 없다.<br /><arrow>전승으로 미루어 보건대<br />삼지안 일족이 인화의 법을 행할 때<br />쓴 도구가 『인간의 상』일 것이다.<br /><arrow>사진이라고는 하나 그 존재가 확인되고<br />삼지안 훔가라에 관한 전승이<br />세계 각지에 남아 있는 것으로 보아,<br /><arrow>삼지안 훔가라가<br />우리 인류, 이 세계와<br />어떤 연결을 지니고 있었음은<br />틀림없다.<0xdb>『만요록 연구
S0619	12	25	13	著<br /><arrow>「¨¨命喰われし者死人となりて、	저<br /><arrow>「¨¨목숨 먹힌 자 죽은 몸 돼
S0620	12	17	11	その血肉、滅すること無し。	그 피와 살 멸하지 않는다.
S0621	12	21	13	またその魂、かの三只眼吽迦羅	또 그 혼, 저 삼지안 훔가라
S0622	12	19	14	死す時まで救われる事かなわず。	죽을 때까지 구원받지 못하리라.
S0623	12	25	15	命喰われし死人、額に无の文字あり。	목숨 먹힌 자, 이마에 무 자 있다.
S0624	12	418	269	これ、无と呼ばれるゆえんなり。」<br /><arrow>三只眼吽迦羅に己の魂を奪われた者は<br />死ぬことができない体になる。<br /><arrow>つまり、三只眼に魂を抜かれた者は<br />忠誠を約束するかわりに<br />不老不死を授けられるのである。<br /><arrow>その者の額には「无」の文字が出現。<br />不死身ゆえに治癒能力に優れ、<br />歩くだけで体力すら回復するという。<br /><arrow>また、高度な術者であれ普通の人間では<br />精気を吸われて使うことができない<br />獣魔を体内で飼うことも可能とされる。<br /><arrow>无・三只眼の存在を確認できれば<br />これは歴史的な大発見である。<br /><arrow>しかし、不老不死という人類の夢を<br />悪用しようとする者も現れるだろう。<br />未知への探求は、いつの世も<br />何かを犠牲にしなくてはならないのか？<0xdb>『万妖録研究	이것이 무라 불리는 까닭이라.」<br /><arrow>삼지안 훔가라에게 제 혼을 빼앗긴 자는<br />죽을 수 없는 몸이 된다.<br /><arrow>즉, 삼지안에게 혼을 빼앗긴 자는<br />충성을 약속하는 대신<br />불로불사를 받게 되는 것이다.<br /><arrow>그 자의 이마에는 「무」의 글자가 나타난다.<br />불사신이기에 치유 능력이 뛰어나,<br />걷기만 해도 체력이 회복된다고 한다.<br /><arrow>또한 뛰어난 술자라 해도 보통 인간은<br />정기를 빨려 부릴 수 없는<br />수마를 몸 안에 기르는 것도 가능하다.<br /><arrow>무·삼지안의 존재를 확인할 수 있다면<br />이는 역사적인 대발견이다.<br /><arrow>허나 불로불사라는 인류의 꿈을<br />악용하려는 자도 나타나리라.<br />미지를 향한 탐구는, 어느 시대나<br />무언가를 희생해야만 하는 것인가?<0xdb>『만요록 연구
S0625	12	266	182	著<br /><arrow>ここで私が述べる聖地というのは、<br />エルサレムやメッカなど、キリスト教や<br />イスラム教でいうそれではない。<br /><arrow>この『万妖録研究』各巻で申し上げた<br />三只眼吽迦羅の暮らす地のことである。<br /><arrow>シャンバラ、桃源郷など各国に残る<br />不老不死伝説の根源も<br />ここにあるのではないかと思うのだ。<br /><arrow>そこにいたるためには<br />鍵とされる通行証のような物を用い、<br />昆侖と呼ばれるこの世との境目から<br />旅立たねばならないのである¨¨。<0xdb00>『ネクロノミコン	저<br /><arrow>여기서 내가 말하는 성지란,<br />예루살렘이나 메카 같은, 기독교나<br />이슬람교에서 말하는 그것이 아니다.<br /><arrow>이 『만요록 연구』 각 권에서 말한<br />삼지안 훔가라가 사는 땅을 말한다.<br /><arrow>샴발라, 도원향 등 각국에 남은<br />불로불사 전설의 뿌리도<br />여기에 있지 않을까 싶다.<br /><arrow>그곳에 이르려면<br />열쇠가 되는 통행증 같은 것을 쓰고,<br />곤륜이라 불리는 이승과의 경계에서<br />길을 떠나야만 하는 것이다¨¨.<0xdb00>『네크로노미콘
S0626	12	1014	641	訳<br /><arrow>伝説の大魔道師ベナレスが始祖とされる<br />強大な力を秘めた召喚魔法の一つ。<br />ベナレスが何者であるのかは一切不明。<br /><arrow>獣魔と呼ばれる妖魔の一種を従えさせ<br />己の血と引き換えに契約を行うことで<br />召喚することが可能となる。<br /><arrow>しかし、獣魔術を体得した者は<br />体内の獣魔に精気を吸われ続けるため<br />通常の人間にとっては命取りとなる。<br /><arrow>では、誰が獣魔術を体得できるのか？<br />日本の民族学の権威、藤井一氏によれば<br />无と呼ばれる不死の妖魔だけだという。<br /><arrow>无は不死身ゆえに治癒能力に優れ、<br />いくら生命力を失っても平気だという。<br />詳しくは氏の著書を読まれたい。<br /><arrow>獣魔と契約できる場所として<br />現在確認されているのは<br />リンド共和国ヴィエヌの北にある洞窟、<br /><arrow>中国を南北に分断する山脈の南側、<br />香港の北部の山脈沿いにある<br />古い寺院のふたつである。<br /><arrow>地面に刻まれた魔法陣の中央に立ち、<br />獣魔の卵を使うと<br />卵より獣魔がかえるという。<br /><arrow>獣魔を自らの体内に取り込むためには、<br />沢山の血と体力と精気が必要らしい。<br />まあ、どのみちあなたが<br />无でなければ関係ないが¨¨。<0xdb00>季刊『妖撃』特別号<br />総力特集「石化の歴史」<br /><arrow>古来より忌なる術の典型といわれた術、<br />それが石化の術である。<br /><arrow>本来なら不治の病や怪我の進行を<br />おさえたり、絶対なる死を一時の間でも<br />食い止めるため生み出されたとされる。<br /><arrow>その効果は術者によってまちまちだが、<br />『縛身』と呼ばれる石化と類似した<br />効果をもたらす術こそあれ、<br /><arrow>石化は術者をかけた者の<br />死によってしか解けないという。<br /><arrow>また石化術は練金術同様<br />基本的には不可能な術なのである。<br /><arrow>それを使うことができるのは<br />生まれつき、その術を使うことが<br />できるとされる一部の一族である。<0xdb00>『万妖録研究	역<br /><arrow>전설의 대마도사 베나레스를 시조로 하는<br />강대한 힘을 품은 소환 마법의 하나.<br />베나레스가 누구인지는 전혀 알 수 없다.<br /><arrow>수마라 불리는 요마의 일종을 따르게 하고<br />제 피와 맞바꾸어 계약을 맺음으로써<br />소환할 수 있게 된다.<br /><arrow>허나 수마술을 익힌 자는<br />몸 안의 수마에게 정기를 계속 빨리므로<br />보통 인간에게는 목숨을 앗아 간다.<br /><arrow>그럼, 누가 수마술을 익힐 수 있는가?<br />일본 민족학의 권위 후지이 하지메 씨에 따르면<br />무라 불리는 불사의 요마뿐이라 한다.<br /><arrow>무는 불사신이기에 치유 능력이 뛰어나,<br />생명력을 아무리 잃어도 끄떡없다고 한다.<br />자세한 것은 그의 저서를 읽기 바란다.<br /><arrow>수마와 계약할 수 있는 곳으로<br />지금 확인된 것은<br />린드 공화국 비에뉴 북쪽에 있는 동굴,<br /><arrow>중국을 남북으로 가르는 산맥의 남쪽,<br />홍콩 북부 산맥을 따라 있는<br />오래된 사원 둘이다.<br /><arrow>땅에 새겨진 마법진 한가운데에 서서,<br />수마의 알을 쓰면<br />알에서 수마가 깨어난다고 한다.<br /><arrow>수마를 제 몸 안에 들이려면,<br />많은 피와 체력과 정기가 필요하다고 한다.<br />뭐, 어차피 그대가<br />무가 아니라면 상관없지만¨¨.<0xdb00>계간 『요격』 특별호<br />총력 특집 「석화의 역사」<br /><arrow>예로부터 꺼리는 술의 전형이라 불린 술,<br />그것이 석화의 술이다.<br /><arrow>본래는 불치병이나 상처의 진행을<br />억누르거나, 절대적인 죽음을 잠시라도<br />막기 위해 만들어졌다고 한다.<br /><arrow>그 효과는 술자마다 제각각이지만,<br />『박신』이라 불리는 석화와 비슷한<br />효과를 내는 술은 있을지언정,<br /><arrow>석화는 술을 건 자의<br />죽음으로써만 풀린다고 한다.<br /><arrow>또한 석화술은 연금술과 마찬가지로<br />본디 불가능한 술인 것이다.<br /><arrow>그것을 쓸 수 있는 것은<br />타고나기를 그 술을 쓸 수<br />있다고 하는 일부 일족뿐이다.<0xdb00>『만요록 연구
S0627	12	596	391	著<br /><arrow>昆侖とは次元の裂け目の意であり、<br />下界と天界の境界を示す地名である。<br /><arrow>もう少し分かりやすくいえば<br />聖地と呼ばれる場所と<br />この世界をつなぐ扉とでもいえよう。<br /><arrow>地球上には、この昆侖と呼ばれる場所が<br />多数存在するといわれるが、<br />その所在は明らかではない。<br /><arrow>また土地によって、その呼び方も様々で<br />昆侖が存在するとされる<br />チベット奥地では聖堂と呼ばれている。<br /><arrow>また、もし昆侖が発見できたとしても<br />そう簡単に聖地に行くことは<br />できないと思われる。<br /><arrow>様々な文献を読み進んでいくうちに<br />わかったのだが、<br />どうやら『鍵』が必要らしいのである。<br /><arrow>つまり、聖地とこの世界を<br />渡り歩くための許可証、<br />手形が必要なわけだ。<br /><arrow>しかし、それらは我々が考えるような<br />鍵の形態をとっておらず、<br />香炉、剣など様々である。<br /><arrow>しかし、共通していることは<br />そのどれにも三ッ目模様が<br />刻まれているということなのである。<br /><arrow>聖地に関しては、本書第３巻にて、<br />三只眼に関しては、第１巻にて私見を交えながら解説しているので<br />そちらを参考にされたい。<0xdb>『博物誌』	저<br /><arrow>곤륜이란 차원의 틈이라는 뜻이며,<br />하계와 천계의 경계를 가리키는 지명이다.<br /><arrow>조금 더 알기 쉽게 말하면<br />성지라 불리는 곳과<br />이 세계를 잇는 문이라 하겠다.<br /><arrow>지구상에는 이 곤륜이라 불리는 곳이<br />여럿 있다고 하나,<br />그 소재는 분명치 않다.<br /><arrow>또 땅에 따라 부르는 법도 가지가지라<br />곤륜이 있다고 하는<br />티베트 오지에서는 성당이라 부른다.<br /><arrow>또한 설령 곤륜을 찾아낸다 해도<br />그리 쉽게 성지에 갈 수는<br />없으리라 여겨진다.<br /><arrow>여러 문헌을 읽어 나가는 동안<br />알게 되었는데,<br />아무래도 『열쇠』가 필요한 모양이다.<br /><arrow>즉, 성지와 이 세계를<br />오가기 위한 허가증,<br />증표가 필요한 셈이다.<br /><arrow>허나 그것들은 우리가 생각하는 그런<br />열쇠의 형태를 띠고 있지 않고,<br />향로, 검 등 가지가지다.<br /><arrow>허나 한 가지 공통된 점은<br />그 어느 것에나 세 눈 무늬가<br />새겨져 있다는 것이다.<br /><arrow>성지에 관해서는 본서 제３권에서,<br />삼지안에 관해서는 제１권에서 사견을 섞어 풀이했으니<br />그쪽을 참고하기 바란다.<0xdb>『박물지』
S0628	12	129	77	編<br /><arrow>¨¨この香炉の特色としては、<br />側面の三ッ目模様が挙げられる。<br /><arrow>またこの香炉に由来すると<br />思われる古文書が存在しており、<br />その内容は以下の通りである。<br /><arrow>「天帝の下界の都、昆侖の虚に	편<br /><arrow>¨¨이 향로의 특색으로는,<br />옆면의 세 눈 무늬를 들 수 있다.<br /><arrow>또 이 향로에서 비롯되었다고<br />여겨지는 고문서가 있는데,<br />그 내용은 다음과 같다.<br /><arrow>「천제의 하계 도읍, 곤륜의 허에
S0629	12	13	9	我をおさめ採生せよ。	
S0630	12	18	12	さすれば、輝鍵は天象を貫き	
S0631	12	16	12	神明の徳に通ずるをもって	
S0632	12	22	14	万物を鬼眼五将の契約にならい	
S0633	12	217	130	聖地に導かん。」<br /><arrow>日本の民族学者、藤井一氏によれば<br />その香炉が聖地に通じる鍵との事。<br /><arrow>香炉を昆侖や聖堂と呼ばれる場所の<br />魔法陣で使えば聖なる地へ行けると<br />藤井氏は言っている。<br /><arrow>香炉は近年、当博物館より消失し、<br />いく度か非公式オークションに出展、<br />現在はアジアのどこかにあると<br />思われる。<0xdb>『万妖録研究	
S0634	12	657	404	著<br /><arrow>本研究書の素材である『万妖録』だが、<br />その一部が事実であろうことを<br />裏付ける事象について報告したい。<br /><arrow>近年、大英博物館より消失した<br />三ッ目模様の刻まれた香炉についていた<br />古文書の解読に成功したのである。<br /><arrow>長年一緒に研究を続けてきた友人、<br />野中久君の助力により古文書の写真を<br />入手できたことが大きい。<br /><arrow>要約すると以下のようになる。<br /><arrow>昆侖と呼ばれる聖地へ続く地上界の門、<br />そこにあるシンボルのようなものに<br />まず、香炉を置く。<br /><arrow>その後、採生、分かりやすくいえば<br />香炉に血を捧げることによって、<br />香炉はその本来の役割を果たす。<br /><arrow>つまりは聖地へ続く門の鍵となり、<br />採生を行った者を聖地へと誘う、<br />そう書かれていたのだ。<br /><arrow>私がこの『万妖録研究』で述べてきた<br />「三只眼」「聖地」「昆侖」等の事象が<br />やっと一直線上に並んだのだ。<br /><arrow>私は今後も調査を続け、<br />自分が求める三只眼吽迦羅の存在を<br />突きつめるつもりだ。<br /><arrow>この研究書もここで一度筆を置く。<br />私はこれからチベット奥地に向かう。<br />この研究を完成させるために。<br /><arrow>¨¨最後にこの本を我が息子、<br />八雲に捧げる。	
S0635	12	382	238	一<0xdb00>『印度史解』<br />インド史における不明な点の一つに、<br />憑魔と呼ばれた謎の一族が挙げられる。<br /><arrow>古代インド史によれば、この一族は<br />憑魔術という他の生物との合体能力を<br />有するとされている。<br /><arrow>昆虫や動物など、別の生物の身体を<br />自分の身体の中に取り込み、<br />細胞ゆう合を起こすことにより<br /><arrow>その生物の形態や特性を獲得する<br />合身の秘術である。<br /><arrow>しかし彼らは、アーリア人の侵攻を境に<br />突如として、インド史上から姿を消し<br />その存在の正否は確認されていない。<0xdb>様々な本が雑然と積み上げられていて<br />読む気が起こらなかった。<br />誰かが整理してくれるのを<br />待とう¨¨。<0xdb00>季刊『妖撃』	
S0636	12	53	24	あなたも今日から妖撃社社員‼」<br /><arrow>鉄則１<br />『「練打」「身羅」「助速」の書を	
S0637	12	273	182	上手に使え‼』<br /><arrow>あなたがズブの素人でも<br />妖魔と互角の戦いができることだろう。<br /><arrow>レベルを上げて装備もちゃんと整えれば<br />強大な妖魔にも対抗しうる‼<br /><arrow>上級者を目指すなら、各々の書と<br />同じ効果を持つ術も<br />使いこなせなくてはならない。<br /><arrow>しかし、おごるべからず‼<br />これらの術も万能ではなく、<br />パワーアップにも上限があるのだ‼<br /><arrow>また、達人級の強さを持つ者には<br />術の効果が薄くなるとのこと。<br />くれぐれも注意されたい。<br /><arrow>「私も愛用してまーす‼」	
S0638	12	155	90	談<br /><arrow>鉄則２<br />『お守りは大切にせよ‼』<br /><arrow>お守りは世界に数少ない<br />貴重な品との情報を入手した。<br />大切にせよ‼<br /><arrow>また、当社の戦闘エキスパートの話では<br />「守り」→「御札」→「神紙」の順に<br />より効果があるらしいとのことである。<br /><arrow>「あら、お金でも	
S0639	12	17	12	買えないものってあるのね¨¨。」	
S0640	12	124	74	術を会得せよ‼』<br /><arrow>世界には我々の想像を越えた<br />不可思議な力を得た達人がいる。<br />彼らから術を学べ。<br /><arrow>先人の声に耳をかたむけよ‼<br />されば道は開かれん‼<br /><arrow>「うーん、私も学んでみたいわあ♥」	
S0641	12	133	82	談<br /><arrow>鉄則４<br />『殺られたら負けだ‼』<br /><arrow>戦いに敗れ、傷ついた身体でも<br />人と話をしたりすることは可能だ。<br /><arrow>しかし、安心してはいけない。<br />戦闘に使うような道具や装備を<br />使うことはできないのだから。<br /><arrow>「経費節減‼	
S0642	12	20	15	治療費だってばかにならないのよ‼」	
S0643	12	31	18	あなたに役立つ情報を¨¨。<br />妖撃社の願いです。	
S3153	12	30	23	パスポートをお持ちですね。<br />どちらへ行かれますか？<0xdb>香	
S0612	11	221	113	隠し扉を見つけた！<0xdb00>隠し階段を見つけた！<0xdb00>鍵がかかっている。<0xdb00>宝箱は空っぽだった。<0xdb>特に興味のある内容では<br />ないようだ。<0xdb>見事な掛けじくだ‼<0xdb00>見事な絵画だ‼<0xdb>見事な壁画だ‼<0xdb>ポスターが貼ってある。<br /><arrow>「メガＣＤゲーム・ソフト、<br />『聖魔伝説３×３ＥＹＥＳ』<br />大好評発売中‼」<0xdb00>＄<E7FD>!?見つけた！<0xdb00><E7FC>を、見つけた！<0xdb00>『万妖録研究	숨겨진 문을 찾았다!<0xdb00>숨겨진 계단을 찾았다!<0xdb00>자물쇠가 잠겨 있다.<0xdb00>보물상자는 비었다.<0xdb>딱히 볼 만한 내용은<br />아니다.<0xdb>훌륭한 족자다‼<0xdb00>훌륭한 그림이다‼<0xdb>훌륭한 벽화다‼<0xdb>포스터가 붙어 있다.<br /><arrow>「메가ＣＤ 게임 소프트,<br />『성마전설 ３×３ＥＹＥＳ』<br />대호평 발매중‼」<0xdb00>＄<E7FD>!?찾았다!<0xdb00><E7FC>을(를), 찾았다!<0xdb00>『만요록 연구
S0400	10	7	6	やも断ややい	やも断ややい
S2695	10	7	6	やは温やひく	
S3176	10	39	28	お荷物お持ちしましょうか？<br />あ、当然チップはいただきますけど。<0xdb00>ゅ	
S3185	10	36	26	昆明はいいところですよ！<br />ゆっくり楽しんで行って下さい！<0xdb00>し	쿤밍은 좋은 곳이에요!<br />천천히 즐기다 가세요!<0xdb00>し
S1878	9	19	10	どれを御所望かな？<return_p>どれ¨¨？	
S1879	9	97	58	残念ですが<br />お金が足りません。<0xdb>おいおい<br />金が足りないぜ。<0xdb>残念だけど<br />お金が足りないみたい。<0xdb>金が足りませんな。<0xdb>金、足りないし¨¨。<0xdb00><E7FC>ですね。<return_p><E7FC>だな。	죄송하지만<br />돈이 모자랍니다.<0xdb>이보게<br />돈이 모자라잖아.<0xdb>미안하지만<br />돈이 모자란 것 같아.<0xdb>돈이 모자라는군.<0xdb>돈, 모자라는데¨¨.<0xdb00><E7FC>이군요.<return_p><E7FC>이군.
S3146	8	45	30	あー、君。<br />楽しい荷物運びのアルバイトを<br />しないかい、俺の代わりに。<br />ダメ？	
S1001	7	316	169	隠し扉を見つけた！<0xdb00>隠し階段を見つけた！<0xdb00>鍵がかかっている。<0xdb00>宝箱は空っぽだった。<0xdb>特に興味のある内容では<br />ないようだ。<0xdb>見事な掛けじくだ‼<0xdb00>見事な絵画だ‼<0xdb>見事な壁画だ‼<0xdb>ポスターが貼ってある。<br /><arrow>「メガＣＤゲーム・ソフト、<br />『聖魔伝説３×３ＥＹＥＳ』<br />大好評発売中‼」<0xdb00>＄<E7FD>!?見つけた！<0xdb00><E7FC>を、見つけた！<0xdb00>『土爪の卵』がある。<0xdb><portrait_04>パイ：<speak><br />あれれれ？<br />ベッドの裏側に何かくっついてる。</speak></portrait><arrow><portrait_02>鈴鈴：<speak><br />何かの鍵みたいだけど</speak>¨¨？<0xdb00>[player]は足もとを調べた。<br />しかし何も見つからなかった。	숨겨진 문을 찾았다!<0xdb00>숨겨진 계단을 찾았다!<0xdb00>자물쇠가 잠겨 있다.<0xdb00>보물상자는 비었다.<0xdb>딱히 볼 만한 내용은<br />아니다.<0xdb>훌륭한 족자다‼<0xdb00>훌륭한 그림이다‼<0xdb>훌륭한 벽화다‼<0xdb>포스터가 붙어 있다.<br /><arrow>「메가ＣＤ 게임 소프트,<br />『성마전설 ３×３ＥＹＥＳ』<br />대호평 발매중‼」<0xdb00>＄<E7FD>!?찾았다!<0xdb00><E7FC>을(를), 찾았다!<0xdb00>『토조의 알』이 있다<0xdb><portrait_04>파이:<speak><br />어어어라?<br />침대 뒤쪽에 뭔가 붙어 있어</speak></portrait><arrow><portrait_02>링링:<speak><br />무슨 열쇠 같은데</speak>¨¨?<0xdb00>[player]은(는) 발밑을 살폈다<br />그러나 아무것도 찾지 못했다
S1880	6	21	9	何を売るの¨¨？<return_p>装備品<br />道	
S2029	6	7	6	やの温やはか	
S2292	6	37	21	効果→少しの間、敵と出会わなくなる<br /><return_p>妖魔寄せの書	
S2293	6	20	12	効果→瞬時に敵を呼び寄せる	
S3137	6	52	39	あぁ疲れた。毎日こんなに働いてるのは<br />世界中できっとオレだけだろうなぁ。<br />そう思うだろ？	
S0235	5	7	6	やわ断やをか	
S0557	5	11	8	やわ<portrait_00>やわ温やをこ	
S0890	5	7	6	やむ温やめに	
S0891	5	7	6	やめ鋭やもみ	
S1194	5	31	24	こらこら、うちのマンションに<br />勝手に入るんじゃない‼<0xdb>や	
S1405	5	311	220	いらっしゃいませ<br />どういった御用でしょう？<0xdb>どれになさいますか？<0xdb00>残念ですが<br />お金が足りません<0xdb00><E7FC>ですね<0xdb>どなたがお持ちになりますか？<0xdb>はい、どうぞ<br />他にも何か<br />お求めになりますか？<0xdb00>他に何か<br />お求めになりますか？<0xdb00>ほかに御用はありますか？<0xdb00>ありがとうございました<br />またおこし下さい<0xdb>[player]さんは<br />これを使えませんが<br />よろしいですか？<0xdb>[player]さんは<br />これを装備できませんが<br />よろしいですか？<0xdb00>おやめになるんですね<0xdb00>では<br />別の方にお渡ししましょうか？<0xdb00>[player]さんは<br />持ち物が一杯でもう持てません<0xdb>どの品物を<br />売っていただけますか？<0xdb00>装備品<br />道	
S1406	5	449	312	具<br />やめる<0xdb00>どの装備品を<br />売っていただけますか？<0xdb00>どの品物を<br />売っていただけますか？<0xdb00>どなたの装備品を<br />売っていただけますか？<0xdb00>どなたの品物を<br />売っていただけますか？<0xdb00><E7FC>なら<br /><E7FD>!?＄で<br />買い取らせていただきます<0xdb>売っていただけますか？<0xdb00>そうですか、残念です<0xdb00>ありがとうございます<0xdb00>ほかにも何か<br />売っていただけますか？<0xdb00>お客様は<br />売れるような物を<br />お持ちじゃありませんが<0xdb00>残念ですが<br />それは買い取れません<0xdb00>どの商品の説明を<br />させていただきましょう？<0xdb>ほかの商品の<br />説明もしましょうか？<0xdb>お待ちしておりました<0xdb>お泊まりは<br /><E7FD>!?＄になりますが<br />よろしいですか？<0xdb00>では<br />ごゆっくり¨<0xdb>おはようございます<br />御満足いただけましたでしょうか<0xdcdb>またのお越しをお待ちしております<0xdb00>調子が悪そうですね<0xdb00>ずいぶんと<br />お困りの様子だが¨<0xdb00>何の治療をしましょうか？<0xdb>毒<br />硬	
S1407	5	25	13	生<br />やめる<0xdb00>何がお望みかな？<0xdb00>毒<br />硬	생<br />그만두기<0xdb00>무엇을 원하시는가?<0xdb00>毒<br />硬
S1409	5	327	237	ほどこしましょう？<0xdb00>治療には<br /><E7FD>!?＄かかります<br />よろしいですか？<0xdb><E7FD>!?＄ほど<br />寄進していただけるかな<0xdb00>ほかの治療もしますか？<0xdb>ほかに御用はあるかな？<0xdb>それではお大事に<br />調子が悪くなったら<br />またいらしてください<0xdb00>それでは気をつけて行かれよ<br />旅の無事を祈っておりますぞ<0xdb>あなたがいっているような<br />状態ではありませんよ<0xdb>お見受けしたところ<br />そのような風には見えませんな<0xdb00>そのまま放っておいたら<br />大変なことになりますよ<0xdb00>そのような体では<br />もちませんぞ<0xdb00>おふせも払えんとは・・・<0xdb>こちらでは<br />荷物を預かります<br />どうしますか？<0xdcdb00>品物を引き出す時<br /><E7FD>!?＄<br />いただきますが	
S1410	5	106	78	どうぞ<br />ほかの物も<br />お返ししましょうか？<0xdb>預かっている品物がありません<0xdb>よく来たな<br />うちはいいもんがそろってるぜ<0xdb>さあどれにする？<br />とっとと決めな！<0xdb00>おいおい<br />金が足りないぜ<0xdcdb><E7FC>だな<0xdb00>で	
S1411	5	107	74	だれが持つんだ？<0xdb>ほれ<br />他にも何か買ってくか？<0xdb>ほかにも何かあるか？<0xdb>あんがとさん<br />また来いよ<0xdb>[player]はこれを使えねえが<br />構わないかい？<0xdcdb00>[player]はこれを装備できないが<br />構わないかい？<0xdcdb>なんだ	
S1412	5	178	115	別の人に渡すかい？<0xdb>[player]は<br />持ち物が一杯でもう持てないぞ<0xdb>どの品物を売ってくれるんだ？<0xdb>どの装備品を売ってくれるんだ？<0xdcdb00>どの品物を売ってくれるんだ？<0xdb>だれの装備品を<br />売ってくれるんだ？<0xdb>だれの品物を<br />売ってくれるんだ？<0xdb><E7FC>なら<br /><E7FD>!?＄で<br />買い取るぜ<0xdb00>本当に売ってくれるんだな？<0xdb00>そうか	
S1413	5	254	170	残念だな<0xdb00>ありがとうよ<0xdb00>ほかにも何か<br />売ってくれるのかい？<0xdb>おいおい<br />売れるような物を<br />持ってねえじゃねえか<0xdb>残念だが<br />それは買い取れねえな<0xdb>どの品物の<br />説明を聞きたいんだ？<0xdb>ほかの商品の<br />説明も聞くかい？<0xdb00>いらっしゃいませ～<br />どういった御用？<0xdb00>どれにします？<0xdcdb00>残念だけど<br />お金が足りないよ<0xdb00><E7FC>ですね<0xdb>だれがが持つの？<0xdb>はい！<br />他にも何か<br />買ってくれる？<0xdcdb>ほかに御用はあります？<0xdb>サンキュー<br />また来てね<0xdb00>[player]さんは<br />これ	
S1416	5	211	138	残念．．．<0xdb00>どうもありがとう<0xdb00>ほかにも何か<br />売ってよ？<0xdb00>あんた<br />売れるような物を<br />持ってないわよ<0xdcdb00>ちょっと<br />それは買い取れないわね<0xdb00>どの商品の説明が<br />聞きたいの？<0xdb00>ほかの商品の<br />説明も聞きたい？<0xdb00>いらっしゃいませ<br />当店自慢の品々をご覧ください<0xdb00>どれをさしあげましょう？<0xdb00>残念だが<br />お金が足りませんな<0xdb00><E7FC>ですな<0xdb>だれにお渡ししよう？<0xdb>では	
S1417	5	619	423	こちらをどうぞ<br />他にも何か<br />御入り用ですかな？<0xdb>ほかに御用はありますかな？<0xdb>ありがとうございました<br />またのご来店を心より<br />お待ち申し上げます<0xdb00>[player]さんは<br />これを使えませんが<br />構いませんかな？<0xdb00>[player]さんは<br />これを装備できんが<br />それでもいいかね？<0xdb>おやめになりますのか<0xdb00>では<br />別の人に渡そうかな？<0xdb00>[player]さんは<br />持ち物が一杯ですぞ<0xdb>どの品物を<br />売っていただけるのかな<0xdb00>どの装備品を<br />売っていただけるのか？<0xdb00>どの品物を<br />引き取りましょう？<0xdb>どなたの装備品を<br />売っていただけるのかな？<0xdb>どなたの品物を<br />引き取りましょう？<0xdb><E7FC>なら<br /><E7FD>!?＄で<br />買い取らせてもらいましょう<0xdb00>ゆずっていただけますか？<0xdb00>心変わりしましたか<0xdb>毎度どうも<0xdb>ほかにも何か<br />引き取らせていただきますが？<0xdb00>お客さんは売れるような物を<br />持ってらっしゃらないように<br />思えますが<0xdb00>その品は<br />うちでは買い取れません<0xdb>どの商品の説明を<br />しましょうか？<0xdcdb>ほかの商品の<br />説明もしましょうか？<0xdb>いらっしゃいまし。<br />符術用の符なら<br />ここに¨。<0xdb>どれを御所望かな？<0xdb00>金がたらんな。<0xdcdb><E7FC>ですな？<0xdcdb>だれにお渡ししよう？<0xdb>大切に使いなされ。<br />他にも何か<br />入り用かな？<0xdb>ほかに御用は？<0xdcdb00>ありがとう<br />また	
S1418	5	490	316	おいでなさい。<0xdb00>[player]どのは<br />これを使えん。<br />構わんかな？<0xdb00>[player]どのは<br />これを装備できんが<br />それでもいいかね？<0xdb>やめられるのか。<0xdb00>別の人に渡そうかな？<0xdb>[player]どのは<br />持ち物が一杯ですぞ。<0xdb00>どの品物を<br />売っていただけるのかな<0xdb00>どの装備品を<br />売っていただけるのか？<0xdb00>どの品物を<br />引き取ろうか？<0xdcdb00>どなたの装備品を<br />売っていただけるのかな？<0xdb>どなたの品物を<br />引き取ろうか？<0xdcdb00><E7FC>なら<br /><E7FD>!?＄で<br />買い取らせてもらおう。<0xdb00>どうするかね？<0xdcdb00>それは残念¨<0xdb00>どうも。<0xdb00>ほかにも何か<br />引き取ろうか？<0xdcdb00>おぬしは売れるような物を<br />持っておらんぞ。<0xdb00>その品は<br />買い取れん。<0xdb00>どの符の説明をする？<0xdb>ほかの符も説明しようか？<0xdb>いらっしゃい。<br />よくきく薬を<br />そろえてますよ。<0xdb00>どれにしましょう？<0xdb>お金がたりません。<0xdb00><E7FC>ですね？<0xdcdb>だれに渡しましよう？<0xdb>おまたせしました。<br />他にも何か<br />ご入り用ですか？<0xdb00>ほかに御用は？<0xdcdb00>ありがとうございました。<br />また	
S1723	5	7	6	やも温ややせ	やも温ややせ
S1928	5	7	6	やを温やんえ	
S2291	5	41	17	効果→戦闘中使うと防御力が上がる<br /><return_p><0xdb00><0xdb00><0xdb00><0xdb00>地虫	효과→전투 중 쓰면 방어력이 오른다<br /><return_p><0xdb00><0xdb00><0xdb00><0xdb00>땅벌레
S2549	5	31	17	効果→毒と硬直を回復させる<br /><0xdb>還魂の霊薬	효과→독과 경직을 회복시킨다<br /><0xdb>還魂の霊薬
S2550	5	33	17	効果→半死状態を回復させる<br /><0xdb00>天人の羽根	
S2551	5	30	18	効果→最後にセーブした町や村に戻る<br /><0xdb>地虫	효과→마지막 저장 마을로 돌아간다<br /><0xdb>땅벌레
S2552	5	29	17	効果→ダンジョンの入口に戻る<br /><0xdb00>退魔の鈴	효과→던전 입구로 돌아간다<br /><0xdb00>퇴마의 방울
S2553	5	30	18	効果→少しの間、敵と出会わなくなる<br /><0xdb00>サリー	효과→잠시 적을 만나지 않게 된다<br /><0xdb00>サリー
S2560	5	375	209	隠し扉を見つけた！<0xdb00>隠し階段を見つけた！<0xdb00>鍵がかかっている。<0xdb00>宝箱は空っぽだった。<0xdb>特に興味のある内容では<br />ないようだ。<0xdb>見事な掛けじくだ‼<0xdb00>見事な絵画だ‼<0xdb>見事な壁画だ‼<0xdb>ポスターが貼ってある。<br /><arrow>「メガＣＤゲーム・ソフト、<br />『聖魔伝説３×３ＥＹＥＳ』<br />大好評発売中‼」<0xdb00>＄<E7FD>!?見つけた！<0xdb00><E7FC>を、見つけた！<0xdb00>憑魔術について書かれている。<br />読みますか？<0xdb00>『憑魔術とは、古代インドの秘術で<br />昆虫や動物など、別の生物の身体を<br />自分の身体の中に取り込み、<br /><arrow>細胞ゆう合を起こすことによって<br />その生物の形態や特性を獲得する<br />合身の術である』<0xdb>憑魔の出産	
S2561	5	745	436	憑魔の出産について書かれている。<br />読みますか？<0xdb>『憑魔の血を受け継ぐ者は、<br />母体の中にいる胎児のうちから<br />合身能力を身につけている。<br /><arrow>よって、にんしん後、放置しておくと<br />胎児が母体と細胞ゆう合を起こし、脳も<br />破壊して知性のない怪物と化す。<br /><arrow>それを防ぎ、無事する出産する方法は<br />ただ一つ。<br />三只眼吽迦羅の不老不死の術である。<br /><arrow>母体が无であると、子は胎内にいる限り<br />不死となる。<br /><arrow>その間に胎児を、憑魔合身できぬよう<br />脳死状態にし、出産を可能なものにする<br />のである。<br /><arrow>異能な力を身につけた憑魔一族が<br />子孫を絶やさずに生き延びるには、<br />戦闘に長けた一族の力を三只眼に捧げ、<br />身ごもる女に不死の術を得る以外ない』<0xdb>ハチュウ類の図かんが置いてある。<0xdb>両生類の図かんが置いてある。<0xdb>『アグニ・マーヤー¨火と共に生きよ』<br />とある。<0xdb00>『幻の三只眼吽迦羅』¨¨<br />著者、藤井一。<br /><arrow>藤井教授の本だ‼<0xdb>『月刊妖撃・三只眼吽迦羅特集号』¨¨<br />かなり古いが、妖撃社の本だ！<0xdb>『古代の不老不死』¨¨。<br />中はエジプト語で読めない。<0xdb>『ワクワク貿易商法』¨怪しげな本だ。<0xdb00>『やさしい中国語入門』とある。<0xdb00>『幻の不老不死』¨¨。<br />中は知らない言語で読めない。<0xdb00>『古代インドの秘術』¨¨。<br />中は難しくて、読めない。	
S2915	5	7	6	やわ温やをせ	
S3107	5	7	6	やを鋭やんし	
S3171	5	7	6	やりましたよ！	해냈어요!
S3187	5	85	40	らてＢパスポートを拝見いたします。<br />¨¨¨¨¨¨¨<br />¨¨¨¨¨¨¨<br /><arrow>失礼しました。<br />世界航空第１６便、東京行き<br />まもなく出発です。<0xdb00>や	여권을 확인하겠습니다<br />¨¨¨¨¨¨¨<br />¨¨¨¨¨¨¨<br /><arrow>실례했습니다<br />世界航空第１６便、東京行き<br />곧 출발합니다<0xdb00>や
S3209	5	63	47	フ¨¨¨。この犬はなぁ<br />どんなに完璧にヤクを隠してても<br />たちどころに、かぎわけちまうんだ。<br />気をつけるこったな。<0xdb>ゅ	
S0570	4	22	14	さてと、訓練でもするかな¨¨。<br />はぁっ‼	
S0582	4	59	42	この医者、<br />腕がいいんだか悪いんだか<br />わからねぇなぁ¨¨。<arrow>ちょっと君達<br />ヒイキされてんじゃないの？<0xdb00>ゅ	
S0833	4	7	6	やね断やのぅ	
S1238	4	15	10	使うと火走の効果あり	
S1300	4	67	45	最近じゃ、強盗が押し入っただの<br />女の子が行方不明になっただの<br />マカオも段々と物騒になってきたよな。<0xdb>や	
S1301	4	55	38	王大人に何か御用ですか？<br />素性の知れない方を<br />お通しする訳にはまいりませんが。<0xdb>やあこ	왕대인께 볼일 있으십니까?<br />신원을 알 수 없는 분을<br />들여보낼 수는 없습니다만<0xdb>やあこ
S1314	4	53	40	私はダンサー。<br />でも、あまり売れてないから<br />普段はこうして<br />酒場でアルバイトしてるんです。<0xdb>ゅ	
S1319	4	13	8	さあ、見回るぞっ！<0xdb>ゅ	자, 순찰 돌자!<0xdb>유
S1542	4	7	6	やの鋭やはぉ	
S1992	4	19	13	おっ、藤井じゃないか。<br />どうした？	
S1998	4	78	56	最近になって聞いたんだけど<br />藤井くんも、バイクに乗ってんだって？<br />私もレディースのヘッドやってんの。<br />今度一緒に、走ろうじゃん？♥	
S2003	4	275	145	隠し扉を見つけた！<0xdb00>隠し階段を見つけた！<0xdb00>鍵がかかっている。<0xdb00>宝箱は空っぽだった。<0xdb>特に興味のある内容では<br />ないようだ。<0xdb>見事な掛けじくだ‼<0xdb00>見事な絵画だ‼<0xdb>見事な壁画だ‼<0xdb>ポスターが貼ってある。<br /><arrow>「メガＣＤゲーム・ソフト、<br />『聖魔伝説３×３ＥＹＥＳ』<br />大好評発売中‼」<0xdb00>＄<E7FD>!?見つけた！<0xdb00><E7FC>を、見つけた！<0xdb00>校内新聞『新宿西高ニュース』が<br />貼ってある。<br /><arrow>『これはオドロキ‼<br />Ｔ田先生は、実はカツラだった？！』	
S2166	4	22	15	踊りに夢中で、聞いちゃいない。<0xdb>やけ	춤에 정신이 팔려 듣지 않는다<0xdb>やけ
S2268	4	7	6	やは温やひん	
S2453	4	35	18	効果→戦闘中使うと防御力が上がる<br /><return_p>来治丸	효과→전투 중 쓰면 방어력이 오른다<br /><return_p>来治丸
S2462	4	44	31	ユマの工具を見つけた<0xdb>[player]は足もとを調べた。<br />しかし何も見つからなかった。	
S2489	4	25	15	これはこれは¨¨。<br />ささ、お通り下さい‼<0xdb00>や	이거 이거¨¨<br />자자, 지나가십시오‼<0xdb00>や
S2596	4	15	10	ささ、お通りください。<0xdb00>や	자자, 지나가십시오<0xdb00>や
S2910	4	28	14	効果→番死状態を回復させる<br /><return_p>金丹	
S3363	4	51	39	香港はいいよねぇ。<br />そう思うだろ？<br />ゴチャゴチャしてるけどさぁ、<br />そこがまたいいじゃない。<0xdb00>や	홍콩은 좋단 말이야<br />그렇게 생각하지?<br />복잡하긴 해도 말이야,<br />그게 또 좋잖아<0xdb00>や
S3364	4	53	31	中国には３０００年の<br />歴史があるんだ。<br />怪物の１匹や２匹いても<br />おかしくないよな。<0xdb00>や	중국에는 ３０００년의<br />역사가 있다고<br />괴물이 한두 마리 있어도<br />이상할 게 없지<0xdb00>や
S3365	4	37	23	機内に危険物は持ち込めません。<br />ご注意下さい。<0xdb>やあた	기내에 위험물은 반입할 수 없습니다<br />주의해 주십시오<0xdb>やあた
S3366	4	45	31	香港へは観光ですか？<br />スリや強盗には注意したほうが<br />いいですよ。<0xdb00>やあば	홍콩엔 관광 오셨나요?<br />소매치기나 강도는 조심하는 편이<br />좋아요<0xdb00>やあば
S3367	4	65	45	まだあの娘に会えないよぉ！<br />８年間の文通は長かったのに。<br />ペンフレンドの２人の恋は<br />実らないのかな。<0xdb00>やあヴ	아직 그 애를 못 만나겠어!<br />８년간의 편지는 길었는데<br />펜팔 두 사람의 사랑은<br />이뤄지지 않는 걸까<0xdb00>やあヴ
S3368	4	59	43	東京へ行きたいなぁ。あたしも、<br />お金ためて旅行しようっと。<br />香港がキライなわけじゃないけどね。<0xdb>やあ(	
S3369	4	22	15	気楽な学生に<br />もどりたいよ。<0xdb>やいく	마음 편한 학생으로<br />돌아가고 싶어<0xdb>やいく
S3370	4	46	32	そんな職業があるなんて¨¨。<br />キョンシーとか、<br />映画の見すぎじゃないの？<0xdb00>やいぼ	그런 직업이 있다니¨¨<br />강시라든가,<br />영화를 너무 본 거 아냐?<0xdb00>やいぼ
S3371	4	52	38	なんで立ってるのかって？<br />それが仕事なんだよ。<br />お金を稼ぐのは大変なんだからさ。<0xdb00>やいル	왜 서 있냐고?<br />그게 일이라고<br />돈 버는 건 힘든 거라고<0xdb00>やいル
S3372	4	53	32	あんた、顔色悪いな。<br />幽霊みたいだ。<br />霊媒師か医者に一度見てもらったら？<0xdb>やい0	당신, 안색이 안 좋군<br />유령 같다<br />영매사나 의사한테 한번 보이지?<0xdb>やい0
S3373	4	56	33	ここは香港国際空港。<br />様々な人々がここに降り立ち、<br />そして去っていく場所だ。<0xdb>やい	여기는 홍콩 국제공항<br />온갖 사람들이 여기에 내려서,<br />그리고 떠나가는 곳이다<0xdb>やい
S3374	4	53	36	パックツアーで来てるから、<br />時間に追われて大変だよ。<br />買物もせにゃならんし¨¨。<0xdb00>やうみ	패키지 투어로 와서,<br />시간에 쫓겨 힘들어<br />장도 봐야 하고¨¨<0xdb00>やうみ
S3375	4	33	27	忘れもんはないかなぁ。<br />みんなにおみやげ買ったよなぁ。<0xdb>やうぼ	빠뜨린 건 없으려나<br />다들 선물 샀겠지<0xdb>やうぼ
S3376	4	33	22	文通友だちとまだ<br />会えてないの¨¨見なかった？<0xdb00>やうテ	
S3377	4	11	6	あっそ¨¨。<0xdb00>やうォ	아 그래¨¨<0xdb00>やうォ
S3378	4	25	16	団体さんが来ると面倒くさいっ！<0xdb00>やう8	단체 손님 오면 귀찮다고!<0xdb00>やう8
S3379	4	67	49	ここは成田かって？<br />いや¨¨実はオレも知らないんよ。<br />細かいことはいいっこ・な・し。<br />キミとボクの秘密にしよう。<0xdb00>やえ	여기가 나리타냐고?<br />아니¨¨실은 나도 몰라<br />자잘한 건 따・지・기・없・기<br />너와 나의 비밀로 하자<0xdb00>やえ
S3380	4	57	42	仕事中にお腹がへるとつらいですよね。<br />そんな時、ボクはスニッキーズ。<br />さっ、出張がんばろうっと。<0xdb>ゅ	일하다 배고프면 괴롭죠<br />그럴 땐, 나는 스니키즈<br />자, 출장 열심히 해야지<0xdb>유
S3381	4	67	51	勝ちましたよ。<br />いやぁよかったよかった。<br />北海道は食べ物もおいしかったですよ。<br />いくらやじゃがいもが違うもの。<0xdb00>やえデ	이겼어요<br />아아 다행이다 다행이야<br />홋카이도는 음식도 맛있었어요<br />연어알이며 감자며 다르다니까<0xdb00>やえデ
S3382	4	35	26	こうしばって、こうしばって¨¨。<br />ムズカしいよね。なれないと。<0xdb>やえ2	이렇게 묶고, 또 묶고¨¨<br />어렵지. 익숙지 않으면<0xdb>やえ2
S3383	4	53	39	ザ・ガードマン！<arrow><br />といえばかっこいいけど¨¨<br />実際はずっーと立ってるだけ¨¨<br />トホホだよなぁ。<0xdb>ゅ	더・가드맨!<arrow><br />라고 하면 멋있지만¨¨<br />실제론 계속 서 있기만¨¨<br />참 딱하지<0xdb>유
S3384	4	41	28	とほほ¨¨乗る飛行機を間違えて、<br />こんな所にきちゃったよぉ。<0xdb>やおげ	아이고¨¨탈 비행기를 잘못 타서,<br />이런 데까지 와 버렸네<0xdb>やおげ
S3385	4	39	27	あなた、こんな所へ何しにきたの？<br />観光じゃないわよねぇ¨¨。<0xdb00>やおゾ	너, 이런 데 뭐 하러 왔어?<br />관광은 아니겠지¨¨<0xdb00>やおゾ
S3386	4	34	22	気をつけてください。<br />盗難事件が多いんです。<0xdb00>やお0ゅ	조심하세요<br />도난 사건이 많거든요<0xdb00>やお0ゅ
S3387	4	42	28	かなりヒマ¨¨そうよねぇ<br />飛行機なんて１日に<br />４便だけなんだもん。<0xdb00>やお	かなりヒマ¨¨そうよねぇ<br />비행기래야 하루에<br />４편뿐인걸<0xdb00>やお
S3388	4	45	31	厳しいチェックで麻薬は<br />絶対通さないぞ！<br />¨¨とボクは思っています。<0xdb>やかこ	엄격한 검사로 마약은<br />절대 못 지나간다!<br />¨¨라고 저는 생각합니다<0xdb>やかこ
S3390	4	43	27	う～ん、いいなぁ。私、三国志の<br />大ファンでして。特に孔明がね。<0xdb>やかぁ	으~음, 좋겠다. 나, 삼국지의<br />열혈 팬이라서요. 특히 공명이요<0xdb>やかぁ
S3391	4	33	25	へっぇー香港から来たの！<br />どうりであかぬけてるわ！<0xdb00>やかノ	헤에~ 홍콩에서 왔어!<br />어쩐지 세련됐더라!<0xdb00>やかノ
S3392	4	59	40	ここから北の国境をこえて<br />リンドへ行きたいんですけど。<br />あそこは入国手続きが複雑で¨¨。<0xdb00>やか０	여기서 북쪽 국경을 넘어<br />린드로 가고 싶은데요<br />거긴 입국 수속이 복잡해서¨¨<0xdb00>やか０
S3393	4	112	78	京<br />チベット<br />やめる<0xdb00>では、よい旅を。<0xdb>残念ですが、<br />パスポートをお持ちでない方は<br />出国できません。<0xdb00>またのご利用を<br />お待ちしております。<0xdb>きデきブきピきァきォきョき０き４き８き2き6き き、やき・	징<br />티베트<br />그만두기<0xdb00>즐거운 여행 되시길<0xdb>죄송하지만,<br />여권이 없으신 분은<br />출국 불가합니다<0xdb00>또 찾아 주시기를<br />기다리겠습니다<0xdb>きデきブきピきァきォきョき０き４き８き2き6き き、やき・
S0280	3	7	6	やな断やもよ	
S0512	3	263	144	隠し扉を見つけた！<0xdb00>隠し階段を見つけた！<0xdb00>鍵がかかっている。<0xdb00>宝箱は空っぽだった。<0xdb>特に興味のある内容では<br />ないようだ。<0xdb>見事な掛けじくだ‼<0xdb00>見事な絵画だ‼<0xdb>見事な壁画だ‼<0xdb>ポスターが貼ってある。<br /><arrow>「メガＣＤゲーム・ソフト、<br />『聖魔伝説３×３ＥＹＥＳ』<br />大好評発売中‼」<0xdb00>＄<E7FD>!?見つけた！<0xdb00><E7FC>を、見つけた！<0xdb00>正面の扉には<br />木の板が無数に打ちつけられ<br />封鎖されている。<br />中には入れそうにない。	
S0667	3	33	25	いらっしゃいませ。<br />このビルには病院と薬屋があります。<0xdb>ゅ	
S0863	3	7	6	やな断やにウ	
S1002	3	13	8	ようこそ黄邸へ。<0xdb00>や	황저입니다<0xdb00>や
S1334	3	8	7	ようひさしぶり！	
S1346	3	7	6	やめ温やもか	
S1630	3	7	6	やめ温やもり	
S1635	3	19	15	預かっている品物がありません<0xdb>よ	맡아 둔 물건이 없습니다<0xdb>よ
S1746	3	15	10	使うと雷刃の効果あり	
S1747	3	29	13	使うと小癒の効果あり<0xdb00><0xdb00><0xdb00><0xdb00>小癒丸	쓰면 소치유 효과 있음<0xdb00><0xdb00><0xdb00><0xdb00>小癒丸
S1754	3	248	133	隠し扉を見つけた！<0xdb00>隠し階段を見つけた！<0xdb00>鍵がかかっている。<0xdb00>宝箱は空っぽだった。<0xdb>特に興味のある内容では<br />ないようだ。<0xdb>見事な掛けじくだ‼<0xdb00>見事な絵画だ‼<0xdb>見事な壁画だ‼<0xdb>ポスターが貼ってある。<br /><arrow>「メガＣＤゲーム・ソフト、<br />『聖魔伝説３×３ＥＹＥＳ』<br />大好評発売中‼」<0xdb00>＄<E7FD>!?見つけた！<0xdb00><E7FC>を、見つけた！<0xdb00>無数のはずれ犬券が、捨てられている！<0xdb>特残メッセージ出力。	
S1824	3	21	13	効果→地上を浮いて移動できる	
S1882	3	58	43	寄ってくださいね。<0xdb>またのお越しをお待ちしております。<0xdb>調子はどうですか。<br />何の治療をしましょうか？	들러 주세요.<0xdb>또 오시기를 기다리겠습니다.<0xdb>몸은 좀 어떠십니까.<br />무슨 치료를 해 드릴까요?
S1884	3	373	188	隠し扉を見つけた！<0xdb00>隠し階段を見つけた！<0xdb00>鍵がかかっている。<0xdb00>宝箱は空っぽだった。<0xdb>特に興味のある内容では<br />ないようだ。<0xdb>見事な掛けじくだ‼<0xdb00>見事な絵画だ‼<0xdb>見事な壁画だ‼<0xdb>ポスターが貼ってある。<br /><arrow>「メガＣＤゲーム・ソフト、<br />『聖魔伝説３×３ＥＹＥＳ』<br />大好評発売中‼」<0xdb00>＄<E7FD>!?見つけた！<0xdb00><E7FC>を、見つけた！<0xdb00><portrait_09>友達の写真が置いてある。<0xdb>『東洋の妖怪』¨¨著者、藤井一。<0xdb>『チベット民俗学』¨著者、藤井一。<0xdb>『幻の三只眼吽迦羅』¨¨<br />著者、藤井一。<0xdb00>『バイクの魅力』¨八雲の本だ。<0xdb00>『ツーリング日記』¨八雲の日記だ。<0xdb>『チャーミング・アップ	
S1885	3	108	64	メイク法』¨<br />ママが貸してくれた、ハウツー本だ。<0xdb>『ハイテク美顔術』¨¨<br />ママの愛読書だ。<0xdb00>『やさしい着付け教室』¨¨<br />ママの本だ。<0xdb>新宿の地理に関する看板が<br />かけてある。	
S1886	3	73	37	ここより南¨¨¨¨¨新宿西高校<br />ここより東¨¨¨¨¨東新宿、ＭＳビル<0xdb>新宿の地理に関する看板が<br />かけてある。	ここより南¨¨¨¨¨新宿西高校<br />여기서 동쪽¨¨¨¨¨동신주쿠, ＭＳ빌딩<0xdb>신주쿠 지리에 관한 간판이<br />걸려 있다
S1887	3	75	38	ここより東¨¨¨¨¨東新宿、ＭＳビル<br />ここより南西¨¨¨¨¨新宿西高校<0xdb>新宿の地理に関する看板が<br />かけてある。	여기서 동쪽¨¨¨¨¨동신주쿠, ＭＳ빌딩<br />ここより南西¨¨¨¨¨新宿西高校<0xdb>신주쿠 지리에 관한 간판이<br />걸려 있다
S2005	3	66	39	あっそうか、</speak><br /><arrow><speak>不死身なんだもんねぇ</speak>¨¨<speak>元気よね。<br />あ、あたしも元気よ。<br />やぁねぇ。当然じゃない！<0xdb00>やあ	아 그렇군,</speak><br /><arrow><speak>불사신인걸</speak>¨¨<speak>잘 지내지<br />아, 나도 잘 지내<br />참나. 당연하잖아!<0xdb00>やあ
S2006	3	99	65	八雲ォ¨¨俺、好きな子できちゃった。<br />相手は講華女学院のバレー部の子¨¨。<br />でも講華はおじょうさん学校だからな。<br />俺なんか相手にしてくれるかどうか。<0xdb>やあテ	
S2007	3	64	46	大人なんて¨¨実際何も<br />わかろうとしないじゃないか！<br />こうなったら、オザキだ！<br />窓ガラス割りまくってやる！<0xdb>やあ４	
S2008	3	45	33	ボクって、キレイ？<br />ボクって、セクシー？<br />ボクって、君にピッタリだと思わない？<0xdb>やあ→	
S2010	3	12	7	タッちゃん：<br /><speak>ゲッ</speak>！	탓짱<br /><speak>ゲッ</speak>！
S2011	3	60	38	コソコソと。</speak></portrait><br /><arrow><portrait_07>タッちゃん：<br /><speak>いやなに、ヒ、ヒデさんがいい本を手に<br />入れたっていうから</speak>¨¨。<0xdb00>やいペ	슬금슬금</speak></portrait><br /><arrow><portrait_07>탓짱:<br /><speak>아니 뭐, 히, 히데 씨가 좋은 책을 손에<br />入れたっていうから</speak>¨¨<0xdb00>やいペ
S2012	3	47	27	なんだよ突然！<br />もう人間になれたのかよ！</speak></portrait><br /><arrow><portrait_00>八雲：<br /><speak>いや、まだだけどね。	뭐야 갑자기!<br />벌써 인간이 된 거냐!</speak></portrait><br /><arrow><portrait_00>야쿠모:<br /><speak>아니, 아직이지만
S2013	3	45	33	¨¨<speak>しかしキミたちは進歩がないね。<br />そんな本見てると頭がサビちゃうぞ。<0xdb>やうせ	
S2014	3	53	41	元気でやってるのか？<br />もっとちょくちょく遊びに来なさい。<br />みんな心配してるんだからな。<0xdb>やうキ	잘 지내고 있냐?<br />좀 더 자주 놀러 오렴<br />다들 걱정하고 있다고<0xdb>やうキ
S2015	3	39	25	なんだ、八雲。久しぶりだなぁ。<br />お前、最近なにしてんの？<0xdb00>やうヴ	뭐야, 야쿠모. 오랜만이네<br />너, 요즘 뭐 하냐?<0xdb00>やうヴ
S2016	3	69	44	最近、岡村くんの夏子への視線が<br />熱いのよ。<br />うかうかしてると、夏子を<br />岡村くんに、取られちゃうわよ！<0xdb00>やう！	요즘 오카무라 군의 나츠코를 향한 시선이<br />뜨겁다니까<br />멍하니 있다간, 나츠코를<br />오카무라 군한테 뺏긴다고!<0xdb00>やう！
S2042	3	57	41	俺、上司とどうしても<br />折り合いが合わないんだけど<br />やっぱり占ってもらった方が<br />いいかなぁ¨¨。<0xdb>ゅ	
S2055	3	44	31	追っかけられてばかりいるとさ、<br />無性に一人になりたくなるんだよな。<br /><arrow>¨¨え？	
S2103	3	15	10	使うと瞬光の効果あり	
S2104	3	31	13	使うと小癒の効果あり<0xdb00><0xdb00><0xdb00><0xdb00><0xdb00>小癒丸	쓰면 소치유 효과 있음<0xdb00><0xdb00><0xdb00><0xdb00><0xdb00>小癒丸
S2211	3	87	68	どーせ、あたいは<br />おじょうさま学校の中で浮いてる<br />はみだし者よ！<br /><arrow>あんた‼<br />あたいがここで、タバコ吸ってたこと<br />チクったりしたら<br />ただじゃおかないからねっ‼<0xdb>や	
S2212	3	55	41	へっへっへ¨¨えーながめやー¨¨。<br />兄ちゃんも、中のぞく？<br />ピチピチ・ギャルが<br />よりどりみどりだぜッ‼<0xdb>や	
S2215	3	39	24	新宿西高との練習試合も<br />もうすぐだわ。<br />今日も特訓よっ	
S2219	3	9	7	あら、めずらしい‼	
S2226	3	59	32	フフ¨¨。<br />放課後の理科室で、薬物実験¨¨。<br />たまらないわよね¨¨フフフ¨¨。<br />お兄さんもどう？	
S2236	3	82	55	綾小路さんは、いい生徒ですよ。<br />動物小屋の動物たちも、どういうわけか<br />彼女には異様なほど、なついているのを<br />私は知ってます。<0xdb00>し	
S2243	3	477	257	隠し扉を見つけた！<0xdb00>隠し階段を見つけた！<0xdb00>鍵がかかっている。<0xdb00>宝箱は空っぽだった。<0xdb>特に興味のある内容では<br />ないようだ。<0xdb>見事な掛けじくだ‼<0xdb00>見事な絵画だ‼<0xdb>見事な壁画だ‼<0xdb>ポスターが貼ってある。<br /><arrow>「メガＣＤゲーム・ソフト、<br />『聖魔伝説３×３ＥＹＥＳ』<br />大好評発売中‼」<0xdb00>＄<E7FD>!?見つけた！<0xdb00><E7FC>を、見つけた！<0xdb00>『東洋の妖怪』¨¨著者、藤井一。<br /><arrow>藤井教授の本だ。<0xdb00>『チベット民俗学』¨著者、藤井一。<br /><arrow>藤井教授の本だ。<0xdb00>『正しい男女交際の仕方』とある。<0xdb>『おじょー様のためのエチケット入門』<br />とある。<0xdb00>『お願い』<br /><arrow>『どなたか、子猫を飼ってくれる人を<br />探しています。』<br /><arrow>『可愛がって下さるという方は、ぜひ<br />２年３組の工藤まで、ご連絡下さい。』<0xdb00>スゴイッ‼<br />体育館の中は、ブルマー姿のピチピチ・<br />ギャルで一杯だぁ‼	
S2337	3	67	47	いそがしい人間はいそがしいし、<br />楽して生きていける人間も<br />世の中にはいるわ。<br />でも私は、今だにいそがしい¨¨。<0xdb>ゅ	
S2395	3	33	18	効果→少しの間、敵と出会わなくなる<br /><return_p>来治丸	효과→잠시 적을 만나지 않게 된다<br /><return_p>来治丸
S2469	3	119	80	この村も、子供が生まれなくて<br />年々わしらのような年寄りばかりが<br />増えていく¨¨。<br /><arrow>何がなくても子供たちさえいれば、<br />子孫が絶えることはないものを¨¨<br />もう、孫の顔を見ることも<br />ないのかのぅ¨¨。<0xdb00>ゅ	
S2475	3	55	38	ガルガの話は聞いておるが¨¨。<br />どうも、これで終わったという<br />気がせんのは何故じゃろう¨¨。<0xdb00>ゅ	가르가 얘기는 들었다만¨¨<br />아무래도, 이걸로 끝났다는<br />느낌이 안 드는 건 왜일까¨¨<0xdb00>유
S2477	3	41	26	どうか子がさずかりますように¨¨。<br />我ら一族をお救い下さい¨¨‼<0xdb00>ゅ	
S2680	3	7	6	やに温ややや	やに温ややや
S2754	3	33	17	効果→戦闘中使うと防御力が上がる<br /><return_p>地虫	효과→전투 중 쓰면 방어력이 오른다<br /><return_p>땅벌레
S2771	3	15	9	「わき出る水の<br />ほとり」？	
S2783	3	41	21	あった！<br />「自らの寝るをもって封ずるべし」？</speak></portrait><br /><arrow><portrait_03>紅娘：<br /><speak>ガウ。	있다!<br />「스스로 잠듦으로써 봉하라」?</speak></portrait><br /><arrow><portrait_03>홍냥:<br /><speak>가우
S2813	3	273	192	そりゃ大変だっ‼</speak><arrow><speak>この辺りは妖魔が強いから<br />パイちゃん１人じゃ危険だぜ‼<br />早く迎えに行ってやらなくちゃな‼</speak><arrow><speak>ちなみにおめぇの横で寝てた<br />ちょっと気が強そうな女¨¨、<br />あいつは大丈夫なのか？</speak><arrow><speak>かなり美人だったし<br />ちょっと布団めくって<br />のぞいてみた脚もきれいだったし¨¨。</speak><arrow><speak>とまぁ、それは冗談だが<br />とにかく見舞いに行ってやろうぜ。</speak><arrow><speak>女は大切にする、<br />それが俺様のポリシーだからな‼</speak></portrait><arrow>ジェイクが仲間になった‼<0xdb>かかのうナかかとうみかかそい～かかえいザかか	
S2814	3	478	340	いぢやいせダ・ラーラ：<br />アメリカ人？<br />おお、この寺の西側の池のほとりに<br />いましたぞ。<0xdb00>ダ・ラーラ：<br />ほう、行方不明の女の子を探して<br />水晶宮の方へ行かれるのか。<arrow>わしは手助けは出来んが<br />まぁがんばりなさい。<0xdb>ダ・ラーラ：<br />ほう、昆侖とやらを探して<br />日本とアメリカから来られたのか。<arrow>わしは手助けは出来んが<br />まぁがんばりなさい。<0xdb>ダ・ラーラ：<br />僧院長代理は<br />誰かにだまされているのじゃ。<arrow>必ず救ってやってくだされ。<br />さすれば、そなたたちの目的も<br />かなえられるでありましょうぞ。<0xdb>ダ・ラーラ：<br />何!?<br />僧院長代理と僧院長が死んだとな？<arrow>そうか¨¨、<br />わざわざ知らせに来てくれて<br />ありがとう¨¨。<0xdb00>ダ・ラーラ：<br />ついに昆侖にたどり着かれたか¨¨。<br />おめでとう。<arrow>それにしても<br />ただ者ではないとは思っておったが、<br />まさか三只眼と无じゃったとはな¨¨。<br />わしゃ、まだまだ甘いわい¨¨。<0xdb>かかのおげかかとおせかかそえ<speak>かかかえゾかかええぢやう	
S2815	3	462	327	この奥にいるダ・ラーラ様が<br />この町の宗教、政治、経済すべての<br />中心人物です。<arrow>そして私はその付き人。<br />ふっふっふ。<br />え、いばるな？<0xdb>この町の若者は<br />すべて僧を目指します。<arrow>しかし荒行に耐えて僧になれるのは<br />ほんの一握りの者だけです。<br />ふっふっふ。<br />え、いばるな？<0xdb00>ダ・ラーラ様がさらわれてしまった‼<br />私がついていながらなんということだ‼<arrow>しょせん私の実力は<br />そんなものなのか¨¨？<br />いや、そんなはずはない、<br />そんなはずは¨¨。<0xdb00>ダ・ラーラ様が無事でよかった¨¨。<br />すべてはあなた方のおかげだ。<br />ありがとう。<0xdb>えええっっ!?<br />僧院長様が亡くなった？<br />なんということだ¨¨。<0xdb>なんだかんだいっても<br />近いうちにダ・ラーラ様は<br />僧院長様の跡を継がれるだろう。<arrow>そうしたら私もこのラサを離れて<br />一生、大寺院に努めなければならない。<br />分かっていた事とは言え、<br />寂しいことだ¨¨。<0xdb>かかのきヒかかときんかかそか	
S2816	3	530	377	かかかかケいかえかたかおやお！わしゃ、スキーが得意じゃ。<br />そこでこの建物は柱の並びを<br />スラローム状にしてみたのじゃ。<br />しかし歩きだと結構疲れるのぉ¨¨。<0xdb00>ドニントンに会ったのか。<br />あやつはワシがライバルと認める程、<br />スキーが上手いからな。<arrow>今度会ったら<br />よろしく言っておいてくれ。<0xdb00>これは僧院長代理のクーデターじゃ。<br />といっても僧院長代理なんて<br />誰だかわからんじゃろう？<arrow>が、話によるとおぬしらは<br />昆侖を探しとるんじゃろう？<br />じゃったら僧院長代理には気を付けよ。<arrow>ま、わしから言えることは<br />それだけじゃ¨¨。<0xdb00>おお、そなた達が<br />ダ・ラーラ様を救ってくれたのか？<br />その勇気と知恵と行動力があれば<br />昆侖もそなた達を受け入れよう。<0xdb00>そうか、<br />僧院長様と僧院長代理が死んだか¨¨。<br />となるとダ・ラーラ様は<br />これから大変じゃな¨¨。<0xdb>大寺院も変わりつつあるが<br />ここも大きく変わるじゃろう¨¨。<br />まずはダ・ラーラが病死を装って<br />引退するであろうな¨¨。<0xdb>かかそし～かかかしヴこかえてき『かかるこォいか	
S2817	3	17	15	かるやき温ばこ（かろコことぶてき	
S2821	3	435	279	ジェイク：<br /><speak>そっか、ならいいんだけどよ、<br />あれがねぇと<br />昆侖に行く意味がねぇからな</speak>¨¨。<0xdb><portrait_02>ジェイク：<br /><speak>おいおい¨¨、<br />あれがねぇと<br />昆侖に行く意味がねぇんだぞ</speak>¨¨。<0xdb00><portrait_02>ジェイク：<br /><speak>¨どーもウソくさいなぁ。<br />本当は預けちゃったんだろ</speak>¨¨？</portrait><arrow><speak>まぁいい¨¨、<br />ただし早めに持っとかねぇと<br />後ですんげぇ後悔することになるぜ。<0xdb00><portrait_02>ジェイク：<br /><speak>なに言ってんだよ、<br />ちゃんと持ってるじゃねぇか</speak>¨¨。<arrow><speak>自分の持ち物くらい<br />ちゃあんと覚えとけよ</speak>¨¨。<0xdb><portrait_04>グプター：<br /><speak>なんでも僧院長代理とかいう奴が<br />反乱を起こしたらしい。</speak><arrow><speak>しかしそんな奴、<br />一体どこにいたのだろう¨¨？<0xdb00><portrait_04>グプター：<br /><speak>くわしいことは後で聞くとして<br />一歩、昆侖に近づいたようだな。</speak><arrow><speak>私も早く一緒に行動できるように<br />なればいいのだが¨¨。<br />まぁ、あと少しのしんぼうだな。	
S2822	3	155	103	誰が助けてくれたかって？<br />なんか妙な３人組の人達ですよ。<arrow>なんでもあなた達のおかげで<br />楽にこの町に来ることが出来た<br />お礼だと言ってましたが¨¨。<0xdb>水晶宮が爆発した時に<br />一緒にいた女の子を探しに行く？<arrow>無理ですよ、あの大爆発じゃ¨、<br />いや待てよ？	
S2823	3	27	19	ドニントンさんが<br />助けていればあるいは¨¨。<0xdb>何？	
S2824	3	540	390	昆侖を探しているですと!?<br />それでは残念ながら協力は出来ません。<arrow>なぜかというと<br />我々もよくは知らないからです。<br />お役に立てなくて申し訳ない¨¨。<arrow>ちなみに町の東の外れのおかの上に<br />住んでいる僧侶は我々の先輩なので<br />何か知っているかもしれませんよ。<0xdb00>ウワサには聞いていましたが<br />幻の大寺院の僧院長代理が<br />クーデターを起こしたそうです。<arrow>しかし僧院長代理がいるということは<br />僧院長という方もいて¨¨、<br />そして幻の大寺院も<br />本当にあるのだろうな¨¨。<0xdb00>ダ・ラーラ様も無事に戻られ<br />僧兵集団も去って¨¨。<br />よかったよかった、<br />これでまた安心して修行にはげめる。<0xdb00>グプターさんは、ケガが良くなったので<br />どこかに行かれてしまいました。<br />てっきりあなた方の所におられるかと<br />思っていましたが¨¨。<0xdb>ダ・ラーラ様から<br />大寺院のことを聞きました。<br />我々も一度行きなさい、との事でした。<arrow>¨ひょっとして出世したかな¨¨？<0xdb>かかのにょかかににとかかそなゾかかすなふかかくにブこかこてたぞこかきてたぉこかかてたチかかえちとかか	
S2825	3	510	345	あなたが寝てる間に何度か<br />ジェイクって人が訪ねて来ましたよ。<br />まだこの町にいるはずですが¨¨。<0xdb>ああ、ジェイクさんと会えましたか。<br />よかったですね。<arrow>そうそう、外人と言えば<br />あなた方を助けた３人組の方達が<br />町外れの地下倉庫に<br />寝泊まりしてるって話ですよ。<0xdb00>我々のような下級の僧には<br />知らされていない秘術や伝説が<br />この地域にはたくさんあります。<arrow>詳しく知りたいならば<br />この町の北にある<br />ガル寺院に行くといいですよ。<arrow>あそこの僧侶達はみんな、<br />ここでの修行を<br />終えた者ばかりですから¨¨。<0xdb00>僧院長代理とは一体¨¨？<br />ナパルバさんなら<br />知っているのだろうか¨¨？<arrow>ああ、ナパルバさんというのは<br />ガル寺院にいる<br />我々、修行僧の大先輩です。<arrow>この手紙を渡せば<br />仲間になってくれると思います。<br />あの方を仲間に出来れば百人力ですよ‼<arrow>『ナパルバへの文』を手にいれた‼<0xdb>僧院長代理とは一体？<br />ナパルバさんなら<br />知っているのだろうか¨¨？<arrow>え？	
S2826	3	1176	815	ナパルバさんに会った？<arrow>あの方は修行僧の頃から<br />ずば抜けて優秀だったので<br />今ではガル寺院を任されているんです。<arrow>この手紙を渡せば<br />仲間になってくれると思います。<br />あの方を仲間に出来れば百人力ですよ‼<arrow>『ナパルバへの文』を手にいれた‼<0xdb00>早くナパルバさんのところへ<br />行ってください‼<0xdb00>僧院長代理とは一体¨¨？<br />ナパルバさんなら<br />知っているのだろうか¨¨？<arrow>ああ、ナパルバさんというのは<br />ガル寺院にいる<br />我々、修行僧の大先輩です。<arrow>この手紙を渡せば<br />仲間になってくれると思いますが¨¨。<br />荷物がいっぱいのようですね。<arrow>持てるようになったら<br />また来てください。<br />あの方を仲間に出来れば百人力ですよ‼<0xdb>僧院長代理とは一体？<br />ナパルバさんなら<br />知っているのだろうか¨¨？<arrow>え、ナパルバさんに会った？<arrow>あの方は修行僧の頃から<br />ずば抜けて優秀だったので<br />今ではガル寺院を任されているんです。<arrow>この手紙を渡せば<br />仲間になってくれると思いますが¨¨。<br />荷物がいっぱいのようですね。<arrow>持てるようになったら<br />また来てください。<br />あの方を仲間に出来れば百人力ですよ‼<0xdb>どうぞ、ナパルバさんへの手紙です。<br />あの方と協力して<br />ダ・ラーラ様を助けてください。<arrow>きっと、あなた方の目的にも<br />近付けるはずです。<arrow>『ナパルバへの文』を手にいれた‼<0xdb>ああ、よかった¨¨。<br />ナパルバさんと仲間になれたのですね。<br />¨おひさしぶりです、ナパルバさん。<arrow><portrait_03>ナパルバ：<br /><speak>ああ、君の手紙のおかげで<br />彼らが妖しい者でないことも<br />ラサの状況もよくわかったよ。<0xdb00>あなた方とナパルバさんが<br />協力すれば必ずダ・ラーラ様を<br />救出できると思ってました¨¨。<arrow>¨ちなみに僧院長代理とは<br />誰だったんですか¨¨？<arrow><portrait_03>ナパルバ：<br /><speak>そのことについては<br />近いうちに君達全員に<br />詳しく話すことになるだろう</speak>¨¨。<0xdb>先日、ジェイクさんが来られましたよ。<br />グプターさんと二言三言、お話して<br />帰られてしまいましたが¨¨。<0xdb>大寺院の話を聞きました。<br />本当にあるんですね、<br />しかも１０００年も前から¨¨。<br />今から行くのが楽しみです。<0xdb>早くナパルバさんのところへ<br />行ってください‼‼<0xdb>どうぞ、ナパルバさんへの手紙です。<br />が、荷物がいっぱいのようですね。<arrow>持てるようになったら<br />また来てください。<br />あの方を仲間に出来れば百人力ですよ‼<0xdb00>んとょオあてぬとゅ	
S2827	3	173	121	こらこら、<br />入ってくるのはいいが<br />宝箱には手を出すなよ¨¨。<0xdb>僧兵が襲ってきたけど<br />店の物には手を出さなかったよ。<br />それどころか金を払って<br />服を買って行きやがった¨¨。<0xdb>ダ・ラーラ様を<br />救ってくれたんだってな。<br />それって俺の店で買った武器でだろ？<br />いやいや、鼻が高いね¨¨。<0xdb>んとょオあてぬ×ゅ	
S2828	3	157	107	買物なら表に回ってね。<br />それとも私に<br />個人的な用事があるのかな¨¨？<0xdb00>僧兵がラサ寺院の方へ行ったわ‼<br />何人かはもう町から<br />出て行っちゃったみたいだけど¨¨。<0xdb00>やっぱり平和がいいわね。<br />特にこーゆーのどかな町に<br />戦いは似合わないしね。<0xdb00>んとょオあてねゲゅ	
S2829	3	81	51	わぁ、びっくりした‼<0xdb00>わぁっ‼‼<br />僧兵かと思ったよ¨¨。<0xdb00>わぁっっ‼‼‼‼<br />¨って本当は驚いてないんだけど<br />なんとなくクセでね¨¨。<0xdb00>こかうてね	
S2830	3	209	145	かかそはテかかかはついかいのヒかうやのせ最近は<br />本当に便利な薬が増えたわねぇ¨¨。<arrow>でもいくら薬が<br />良くなっても基本は体力‼<br />体力がないのに全快丸を使っても<br />もったいないじゃない¨¨。<0xdb00>ドニントンなら<br />水晶宮の大爆発のすぐ後に店に来たよ。<br />薬なんて買ってくのは初めて見たね。<arrow>なんでも女の子を拾ったとか<br />言って大騒ぎしてたわよ¨¨。<br />え？	
S2831	3	220	155	たぶん知ってる娘だと思うって？<arrow>だったら見に行ってみなよ。<br />この町の南西にある<br />湖のほとりの小屋に住んでるからさ。<0xdb>僧兵達のうちの数人が<br />大きな袋を持って町から出て行ったよ。<arrow>形や動きから見て<br />袋の中身はたぶん人間だよ。<br />こわいねぇ¨¨。<0xdb00>まるで何事もなかったようだろ？<br />立ち直りが早いのが<br />この町の魅力さぁ¨¨。<0xdb>かかのふせかかそひ<arrow>かかかひゥかかえひスいか	
S2832	3	464	349	かいやは0大爆発が起こった湖の辺りには<br />ドニントンさんが住んでるんだ。<br />ドニントンさんはあんな爆発じゃ<br />ビクともしないくらい丈夫なんだよ。<0xdb>木コリのドニントンさんが<br />お母さんのところに¨¨、<br />ああ、お母さんは薬屋さんです。<arrow>¨とにかく丈夫なドニントンさんが<br />薬屋さんにいるなんて<br />すっごくめずらしいことなんだよっ‼<0xdb00>すぐ東にあるのが<br />見習い僧侶さん達の寮なんだよ。<br />よく遊びに行くんだけど<br />みんないい人ばっかりだよね。<0xdb>僧兵さん達が修行僧さん達の寮を<br />のぞいてたけど<br />誰もいなかったらしいんだ。<br />どこ行っちゃったんだろう¨¨？<0xdb>修行僧さん達が無事に戻ってきて<br />よかったよかった¨¨。<br />また遊びに行こうかなっ‼<0xdb>いつも遊んでくれてた修行僧さん達が<br />しばらくの間、<br />どこかに行っちゃうんだって¨¨。<arrow>でもでもっ‼<br />ウワサだけどドニントンさんが<br />この町に帰ってくるらしいんだって‼<0xdb>かかのへやかかそふＧかかふ<speak>かか	
S2833	3	183	132	ジェイクとかいわれる外国人の方が<br />あなたのことを探してましたよ。<br />まだ町の中におられるはずですが¨¨。<0xdb00>ようこそおいでくださいました。<br />この町はラサ、宗教の町です。<0xdb00>大変だ、大変だ‼<0xdb00>もうこのラサの町にも慣れたでしょう？<br />私もあなた方が<br />ただの観光客でなくてうれしいです。<0xdb>御久しぶりです。<br />ようこそラサへ。<0xdb>ゅ	
S2834	3	374	273	ダ・ラーラ様はこの町で<br />いちばんえらい僧侶なんだよ。<br />僕も将来はダ・ラーラ様みたいな<br />りっぱな僧侶になりたいんだ。<0xdb>この町の北には<br />小さな寺院があるんだよ。<br />ずっと前に一度だけ、お父さんに<br />連れて行ってもらったんだ。<0xdb>突然、僧兵さん達がいっぱい来て<br />びっくりしちゃったよ¨¨。<br />ラサ寺院の方へ行ったけど<br />ダ・ラーラ様は無事かなぁ¨¨？<0xdb>北の小さな寺院のさらに奥にも<br />小さな寺院があるんだってね。<arrow>僧兵さんの１人が<br />ここに来て話してったよ。<br />ちょっとお父さんに似てたけど¨¨。<0xdb00>お父さんが<br />ラサに帰って来るんだって‼<br />うれしいなったらうれしいなっ‼<arrow>でもその代わりに誰かが<br />いなくなっちゃうのはやだなぁ¨¨。<0xdb00>かかのみゲかかそみぅかかかま	
S2835	3	593	415	そういえばこの地方に<br />そこへと続く扉があったとか¨¨。<arrow>しかし探すのはいいが<br />この近辺は妖魔が強いから<br />十分に気を付けよ。<br />こまめに宿屋に行くようにな¨¨。<0xdb>聖地への扉の場所が知りたい？<br />うーむ、その類の話は<br />かなり上級の僧侶しか知らないはずだ。<arrow>だがこの町の上級僧侶は<br />治安、行政にいそがしいからな¨¨。<arrow>とりあえず、この町の北にある<br />ガル寺院に行ってみてはどうだ？<br />しかし傷ついた体で行くと危険、<br />宿屋で十分に休んでから行きなさい。<0xdb>こんな町外れに住んでるおかげで<br />家を荒されずによかったよかった¨¨。<arrow>みんなの避難場所にもなったし<br />まさに一石二鳥だな。<br />なつかしい友も訪れたし¨¨。<0xdb00>１人に慣れてるうちはいいが<br />たくさんいた客人が<br />いっせいに帰った後っていうのは<br />さみしいもんだな¨¨。<0xdb>今の修行僧達がガル寺院に行く頃、<br />ガル寺院から戻ってきた僧侶達と一緒に<br />新しいラサの政治に参加するんだ。<arrow>次々期の僧院長代理候補の<br />ドニントンさんも帰ってくることだし<br />さらに猛勉強せねばっ‼<0xdb>かかのめキこかそてむみかかかむ０かかえむユやむげぉむ<br />コことぶてむんやめつ	
S2836	3	45	27	水晶宮の大爆発、すごかったのよ。<br />火柱が天まで届いてたもの¨¨。<br />え？	
S2837	3	355	247	あの中にいたって？<br />ウソばっかり¨¨。<0xdb00>私はこんな古い町を離れて<br />都会に行きたいんだけどなぁ¨¨。<br />何かいいツテない？<0xdb>武装していても僧侶は僧侶、<br />女を襲って¨なんてことはないのね。<br />よかった、よかった。<0xdb00>町が平和に戻ってよかったよかった。<br />でもなんか物足りないな¨¨。<br />ねぇ、私のこと襲ってみない？<0xdb>うそうそ。<br />そんなかわいい彼女連れて<br />襲えるわけないじゃない。<0xdb>後ろの彼女が恐いんでしょ。<br />まったく最近の男は¨¨。<0xdb>別にこの町が嫌いなワケじゃないけど<br />とにかく社会が古くてねぇ¨¨。<br />古い社会の何が気に入らないって<br />女が軽く見られるのよ、やっぱ¨¨。<0xdb00>かかのやサかかそややかかかも(かかえもゃやめ；	
S2838	3	621	428	いにしえの神々が住む聖地への門¨¨、<br />って言うからもっと神秘的な町かと<br />思ってたんだがなぁ¨¨。<arrow>妙に居心地が良くて、<br />なぁんかひょうし抜けしちまったよ。<br />それにしても居心地がいいよな¨¨。<br />冒険なんて面倒くさくなったぜ‼<0xdb00>ほう、<br />ずいぶんと仲間が増えたじゃねぇか。<br />うらやましいこった。<arrow>俺もこの地方にあるという<br />伝説の寺院群を求めてここまで来たが<br />１人じゃなかなか動きがとれなくてな。<br />ま、がんばってみるさ。<0xdb>突然、わけのわからん坊主達が<br />襲ってきやがった¨¨。<arrow>しかしツルツル頭のマッチョってのは<br />恐いもんだなぁ¨¨。<br />伝説の寺院群を探し始めたら<br />あんなのがうじゃうじゃいるのか¨¨。<0xdb>ガル寺院とルト寺院を回った？<br />よそ者としては初の快挙じゃないのか？<br />すごいぞ、おまえ¨¨。<0xdb00>最近うすうす感づいたんだが¨¨。<arrow>この宿屋の居心地がいいのは<br />聖地への文化を調べようとする人間を<br />足止めするためらしい¨¨。<arrow>聖地に関する情報をくれる<br />岡の上の僧侶が、俺の体を心配して<br />しきりに宿屋を勧めるんだよ¨¨。<arrow>で、まぁ俺もこの宿屋の娘と<br />けっこんすることになっちゃって<br />超ラッキーなんだけどさ。<br />彼には感謝しなくちゃな¨¨。<0xdb00>やゆげ	
S2839	3	156	107	燐鬼：<br /><speak>おや¨、元気になったのかい？<br />いや、礼にはおよばないよ。</speak><arrow><speak>あんた達が水晶宮を<br />ブチ壊してくれたおかげで<br />あたし達もここにいるんだから</speak>¨¨。<arrow><speak>ところであんた達も<br />聖地を探しているのかい？<br />何か情報をつかんだら教えておくれ。<br />あたし達は教えないけどね¨¨。	
S2840	3	107	75	輪留鬼：<br />聖地に行くためには<br />昆侖という所を通るらしいな¨¨。<arrow>それはそうと、<br />ここいらに俺のそっくりさんが<br />出没するらしいんだが知らないか？<br />なんでも呪鬼というらしい¨¨。<0xdb>やよぼ	
S2841	3	91	65	愚呂鬼：<br />燐鬼様もこのゲームの主人公だったら<br />こんな倉庫に寝なくてもすむのになぁ。<arrow>しかし聖地さえ見つかれば<br />こんな生活ともおさらばだっ‼<0xdb00>やよォ	
S2842	3	165	119	いやいや一応、俺も<br />ダ・ラーラ様を<br />さらいに来たんだけどな¨¨。<arrow>以前は、ここの奴と一緒に<br />修行してたもんでなつかしくてな。<arrow>しかもダ・ラーラ様には<br />その頃えらく世話になってるもんだから<br />手は出したくないんだよ。<arrow>ラサ寺院の周り囲んでる<br />仲間の僧兵にはないしょだぜ¨¨。<0xdb>やらぴ	
S2843	3	57	36	僧院長代理様万歳‼<br />これからは僧院長代理様がこのラサをも仕切るのだ‼<0xdb00>はらヲかけ	
S2844	3	77	51	私がまだ修行僧だった頃、<br />ダ・ラーラ様には<br />お世話になったのに¨¨。<arrow>もっと平和的な方法は<br />なかったのだろうか¨¨？<0xdb>はら～かけ	
S2845	3	63	45	それにしても修行僧の奴らは<br />どこに行きやがった¨¨？<br />せっかく仲間にしてやろうと<br />思ったのに¨¨。<0xdb>はりしかけ	
S2846	3	95	69	いくら命令とはいえ<br />町を乗っ取るなんて<br />いい気分じゃないですよ。<arrow>でも僧院長代理が<br />よりよい社会を作りだした時には<br />みんなもわかってくれるだろう¨¨。<0xdb>やりヒ	
S2847	3	71	52	この場できさまらを倒したいところだが<br />あまり事を荒立てるのはまずいからな。<br />勝負はお預けだ。<br />ありがたく思えよ¨¨。<0xdb>やり4	
S2848	3	56	37	僧院長代理様の術を見たことがあるか？<br />いまやあの人は<br />僧院長を越えられたのだ‼<0xdb00>やり	
S2849	3	672	424	この町には息子がいるのだが<br />私は今は修行中の身、<br />しかもクーデターに参加している¨¨。<arrow>やはり会うわけにはいかないだろう。<br />だが、父親であることを隠して<br />ちょっとだけ会うなら¨¨。<0xdb00>ぉるスあダ・ラーラ：<br />¨ナパルバ、<br />そして三只眼吽迦羅とその仲間達よ。<arrow>どうか僧院長代理を<br />救ってやってはくれまいか？<br />このままでは奴は僧院長の命まで¨¨。<arrow>そうなるとそなた達が求める<br />昆侖への道も閉ざされてしまうのじゃ。<arrow><portrait_00>八雲：<br /><speak>えっ!?</speak><arrow></portrait><portrait_02>ジェイク：<br /><speak>さっきから話してる僧院長代理とか<br />僧院長てーのは何者なんだ¨¨？</speak><arrow></portrait><portrait_03>ナパルバ：<br /><speak>それは私から説明します。</speak><arrow></portrait><portrait_02>ジェイク：<br /><speak>簡単に頼むぞ‼</speak><arrow></portrait><portrait_03>ナパルバ：<br /><speak>はい¨¨。</speak><arrow><speak>はるか昔、この地域は大寺院を中心に<br />異世界との交流がありました。</speak><arrow><speak>我々が話しているのは、その大寺院の<br />僧院長と僧院長代理のことです。</speak><arrow></portrait><portrait_01>パイ：<br /><speak>で、どうして昆侖への道が<br />閉ざされちゃうの？？？</speak><arrow></portrait>ダ・ラーラ：<br />つまり「昆侖への鍵」のありかは<br />僧院長しか知らないのじゃよ。<arrow>彼のいる大寺院に行くためには<br />ナム川を渡らねばならない。<arrow>普通には見えないが<br />川沿いに魔法の橋がある。<br />場所はナパルバが知っているはずじゃ。<br />急いで大寺院を目指してくれ‼	
S2856	3	36	20	効果→戦闘中使うと防御力が上がる<br /><return_p>金のなる木	
S2857	3	25	14	効果→戦闘中使うと倍の所持金が	
S2860	3	7	6	やぞ温やだは	
S2865	3	7	6	やづ温やでぁ	
S2868	3	322	206	ようこそ、<br />ここがガル寺院です。<0xdb00>ようこそ、<br />ここがガル寺院です。<br />なんて言ってる場合じゃない‼<br />大変だ、大変だ‼<0xdb>ようこそ、<br />ここがガル寺院です。<br />なんて言ってる場合じゃない‼<arrow>大変だ、大変だ¨¨、<br />あ、あなた方は以前にもいらした¨¨。<br />どうぞ、お入りください。<0xdb>ようこそ、<br />ここがガル寺院です。<br />って¨なんだ、ナパルバも一緒か¨¨。<0xdb>大変だ大変だっ‼<br />大寺院では大事件が<br />起きているらしいぞっ‼<0xdb>ようこそガル寺院へ。<br />¨って言うのもあと何回あるか¨¨。<br />次の練習でもしておこう。<arrow>ようこそ大寺院へ。<br />¨うーん、まだ甘いな¨¨。<0xdb>かかのい	
S2869	3	434	287	ようこそ、<br />ここがガル寺院です。<0xdb00>大変だ、大変だ‼<br />ダ・ラーラ様が何者かに<br />さらわれたらしい‼<0xdb>やはり僧院長代理様の<br />クーデターなのですか？<br />なんということだ¨¨。<arrow>僧院長様と僧院長代理様と<br />ダ・ラーラ様¨¨。<br />下手をすると長引くぞ¨¨。<0xdb00>この北にあるルト寺院の僧侶は<br />僧院長代理様側の、<br />しかも戦闘訓練している僧兵ばかりだ。<br />気を付けろよ。<0xdb>僧院長様と僧院長代理様が¨¨、<br />そうか、残念なことだが<br />沈んでばかりもいられない。<arrow>こういう時こそ現場にいなかった<br />私達が冷静に行動せねば¨¨。<0xdb00>ルト寺院で僧兵訓練を<br />することになりました。<arrow>ほとんどの僧侶は僧兵訓練をすると<br />体力ばかりに目がいってしまい<br />勉学を忘れがちですが<br />そうならないようがんばってきます。<0xdb>こかしてうヂかかさおやソ	
S2870	3	141	91	ようこそ、<br />ここがガル寺院です。<0xdb00><portrait_03>ナパルバ：<br /><speak>まさか僧院長代理がクーデターを¨¨？<br />とにかく私もラサに行ってみよう‼</speak><arrow><speak>しかしその間にここも襲われたら!?<br />やはり私は動くわけにはいかない¨¨。<br />むぅ¨、どうしたものか¨¨。<0xdb00><portrait_03>ナパルバ：<br /><speak>え？	
S2871	3	175	109	私に手紙ですか？<br />ちょっと失礼¨¨、</speak><arrow>¨¨¨¨¨¨¨¨¨¨。<br /><speak>なるほど、あなた方でしたか、<br />昆侖を探しているというのは¨¨。</speak><arrow><speak>残念ながら私の一存で昆侖のことは<br />お話しできません¨¨。</speak><arrow><speak>が、ダ・ラーラ様を助け出せば<br />なんとかなるかもしれません。<br />私といっしょに<br />ダ・ラーラ様を救出しましょう‼	
S2873	3	449	307	ようこそ、<br />ここがガル寺院です。<0xdb00>大変だ、大変だ‼<br />ラサの町では大騒ぎだそうだ‼<0xdb00>ラサの様子を見てきたのですか？<br />え、ナパルバへの手紙を持っている？<br />早く届けてやってください。<0xdb>協力してはくれないのですか¨¨。<br />残念です。<arrow>いえ、<br />ラサの様子を伝えてくれただけでも<br />感謝しています。<arrow>でも¨¨、<br />本当に協力してはくれないのですか？<0xdb>ありがとうございます‼<br />では、すぐにナパルバに‼<0xdb00>僧院長代理様は多分、<br />ルト寺院にいるはずです。<br />この真北ですが¨¨、<br />くわしくはナパルバに聞いてください。<0xdb00>なんと僧院長様と僧院長代理様が<br />お亡くなりになった!?<br />そうか、あの不老不死と呼ばれた<br />僧院長様もついに¨¨。<0xdb00>ナパルバに変わってここガル寺院を<br />任されることになりました。<br />そう遠くないうちにラサから修行僧が<br />来るということで今から楽しみです。<0xdb>やきァ	
S2874	3	51	31	燐鬼：<br /><speak>なんだい、またあんた達かい</speak>¨¨。<arrow><speak>それで聖地は見つかりそうなのかい？<br />何？	
S2875	3	75	57	あたし達がいなくなったとたんに<br />ラサでクーデターが起こったって？</speak><arrow><speak>ふーん、なんかウサンくさいね。<br />聖地に関係ありそう¨¨かね？<0xdb>やくふ	
S2876	3	141	94	輪留鬼：<br />だいぶん前に俺が<br />僧侶に変身したのを覚えてるか？<arrow>正直言ってまた変身しようかと<br />迷ってるんだ¨¨。<arrow>というのも実は<br />俺にそっくりな呪鬼という奴が<br />そーとー悪者らしくてな¨¨、<br />間違われると結構やっかいなんだ。<0xdb00>やく４	
S2877	3	134	88	愚呂鬼：<br />ラサの倉庫よりはずっと寝心地いいし<br />燐鬼様も満足しているようだ¨¨。<arrow>燐鬼様って一見「高飛車女」に<br />見えるけど、実は部下思いだし<br />ケバケバして金かかりそうだけど<br />全然かかんないし¨イイ女なんだぜ‼	
S2880	3	7	6	やね鋭やのヌ	
S2881	3	7	6	やは断やひぁ	
S2883	3	7	6	やて温やとず	
S2885	3	70	60	どうぞ<br />ほかの物も<br />お返ししましょうか？<0xdb>預かっている品物がありません<0xdb>めげめずめぢめばめぼめぺめぅめゃめアめオめケめスめチやめナ	자<br />다른 물건도<br />돌려드릴까요?<0xdb>맡아 둔 물건이 없습니다<0xdb>めげめずめぢめばめぼめぺめぅめゃめアめオめケめスめチやめナ
S2972	3	231	123	隠し扉を見つけた！<0xdb00>隠し階段を見つけた！<0xdb00>鍵がかかっている。<0xdb00>宝箱は空っぽだった。<0xdb>特に興味のある内容では<br />ないようだ。<0xdb>見事な掛けじくだ‼<0xdb00>見事な絵画だ‼<0xdb>見事な壁画だ‼<0xdb>ポスターが貼ってある。<br /><arrow>「メガＣＤゲーム・ソフト、<br />『聖魔伝説３×３ＥＹＥＳ』<br />大好評発売中‼」<0xdb00>＄<E7FD>!?見つけた！<0xdb00><E7FC>を、見つけた！<0xdb00>階段はくずれかかっていて<br />危険だ。	
S3096	3	17	9	人間はみな、ピトリ¨¨。<0xdb00>ゅ	인간은 모두, 피트리¨¨<0xdb00>유
S3190	3	37	23	機内に危険物は持ち込めません。<br />ご注意下さい。<0xdb>やあバ	기내에 위험물은 반입할 수 없습니다<br />주의해 주십시오<0xdb>やあバ
S0024	2	7	6	やも温ややよ	やも温ややよ
S0110	2	7	6	だ・か・らぁ！	
S0125	2	7	6	やに温やぬぁ	
S0204	2	7	6	やも鋭ややぅ	やも鋭ややぅ
S0366	2	14	11	もういっちゃうの？<br />ちぇっ！	
S0402	2	7	6	やな鋭やにざ	
S0403	2	7	6	やの鋭やはソ	
S0404	2	7	6	やね断やのソ	
S0405	2	7	6	やは温やひウ	
S0771	2	7	6	やほ鋭やまで	
S0798	2	7	6	やな断やにア	
S0799	2	7	6	やに温やぬス	
S0806	2	49	35	奴はチベットの奥地で<br />怪我したらしい。<br />とんでもねー女戦士が<br />いるってことだ。<0xdb>ゅ	그놈은 티베트 오지에서<br />다쳤다는 모양이야<br />엄청난 여전사가<br />있다는 거야<0xdb>유
S0867	2	11	7	お帰りなさい。<0xdb00>ぉ	어서 오세요<0xdb00>ぉ
S0880	2	23	18	黄さんが<br />いなくなっちゃったんだって。<0xdb00>ゅ	
S0881	2	49	35	俺って妖撃社の中でケガするほうが<br />表で戦ってケガするより<br />多いんでやんの¨¨。<0xdb>ゅ	
S0889	2	7	6	やの断やはナ	
S1079	2	58	44	奥様が帰らないなんて、<br />そんなバカなこと、あるわけないだろ‼<br />ちくしょう、ここから探してやる‼<br />ぅお～いッ‼	
S1127	2	35	22	奥様が行方不明になって<br />黄邸は大さわぎですよ。<0xdb00>や	
S1128	2	73	51	番犬達は奥様になついてたから、<br />奥様がいなくなってからというもの<br />遠ぼえするわ、飯は食わなくなるわで<br />大変だよ¨¨。<0xdb00>や	
S1129	2	37	26	連絡をとらずに<br />いなくなるような<br />奥様じゃないのに¨¨。<0xdb00>やあこ	
S1130	2	35	28	奥様がいなくても<br />おそうじは<br />しなきゃならないでしゅー‼<0xdb00>やあん	
S1141	2	24	17	奥様はいったい<br />どこに行ったのだろう¨¨。	
S1191	2	7	6	やに温やぬぺ	
S1302	2	19	11	なんだか変よねぇ¨¨最近。<br />え？	
S1303	2	19	10	街の南西よ、南西。<0xdb00>やあぞ	남서쪽이야, 남서쪽<0xdb00>やあぞ
S1304	2	35	29	マカオはいいよ。なんてったって<br />ギャンブル！これにつきるよ！<0xdb00>やあサ	마카오는 좋아. 뭐니 뭐니 해도<br />도박! 이게 최고야!<0xdb00>やあサ
S1305	2	71	51	欲望と快楽の町マカオへようこそ！<br />ここは欲しいものは何でも<br />手に入る町よ！<br />もちろんあんたの腕次第だけどね。<0xdb>やあヵ	욕망과 쾌락의 도시 마카오에 어서 와!<br />여긴 원하는 건 뭐든<br />손에 넣을 수 있는 도시야!<br />물론 네 실력에 달렸지만<0xdb>やあヵ
S1306	2	25	18	マカオ¨¨<br />ギャンブルはズルズルだぞぉ。<0xdb00>やあ、	
S1307	2	28	19	ここだけの話¨¨<br />王大人ってキライなんだ。<0xdb>やあ	여기서만 하는 얘긴데¨¨<br />왕대인은 싫어<0xdb>やあ
S1308	2	39	29	ちくしょー、<br />また、はぐれちまった。<br />みんなあ、どこ行ったんだあ～！<0xdb>やいえ	제길,<br />또 일행을 놓쳤다<br />다들, 어디 간 거야~!<0xdb>やいえ
S1309	2	75	48	あの人、こりもせずに<br />また、あの女と会ってる¨¨。<br />呪い続けてやるわっ！<br /><arrow>もう一度、<br />私に振り向いてくれる日まで¨¨。<0xdb>やいょ	저 사람, 또 질리지도 않고<br />또 그 여자랑 만나고 있어¨¨<br />계속 저주해 주겠어!<br /><arrow>다시 한번,<br />날 돌아봐 주는 날까지¨¨<0xdb>やいょ
S1310	2	93	57	はいはい、どなた様？<br />ここは男子禁制、<br />花の女性専用アパートよ<br /><arrow>ま、そうはいっても<br />最近の若い女の子は<br />規則を守らないから大変よ¨¨。<0xdb00>やい８	네네, 뉘신지?<br />여긴 남자 금지,<br />꽃다운 여성 전용 아파트야<br /><arrow>뭐, 그렇다고는 해도<br />요즘 젊은 여자애들은<br />규칙을 안 지키니 큰일이야¨¨<0xdb00>やい８
S1311	2	129	103	ペリーヌの手下げ袋はどこだあっ！<br />ガルチェの関連リングはどこだあっ！<br />ポンジンのデジタル時計はどこだあっ！<br /><arrow>チファニーのオープンカートはどこだ！<br />ビトンのカードロープはどこだ！<br />ヘルメスのバンダナはどこだあっ！<br />¨¨って、俺こればっか。<0xdb>ゅ	
S1313	2	69	39	このお店、<br />酒場と宿屋が一緒になってるの。<br />どういう意味かわかる？<br /><arrow>♥♥．．．まあ、便利ってことよ。<0xdb00>やう(	이 가게,<br />술집이랑 여관이 같이 있어<br />무슨 뜻인지 알아?<br /><arrow>♥♥．．．뭐, 편하다는 거지<0xdb00>やう(
S1315	2	83	59	この店には何でも置いてあるのよ。<br />こういう店がこの町以外にもあるわ。<br />装身具とか薬とかが一度に買えるから<br />便利なんじゃない？<0xdb00>やえゃ	이 가게엔 뭐든 다 있어<br />이런 가게가 이 마을 말고도 있어<br />장신구나 약을 한 번에 살 수 있어서<br />편하지 않아?<0xdb00>やえゃ
S1316	2	57	44	うちの人ったら、どこいったのかしら？<br />ギャンブル場に行ってたりしたら<br />今度こそ許さないわっ！<0xdb00>やえズ	우리 양반은 어딜 간 걸까?<br />도박장에 가 있기라도 하면<br />이번엔 정말 용서 안 해!<0xdb00>やえズ
S1317	2	75	53	ここはマカオのメインストリート。<br />でも最近は治安が悪いせいか<br />客足は遠のくばかりで¨¨。<br />あんた、何か買ってかないかい？<0xdb00>やえ×	
S1320	2	43	33	ギャンブル場は<br />この辺と聞いてきたんだが<br />一体どこにあるんだろう？<0xdb00>やおギ	도박장은<br />이 근처라고 들었는데<br />대체 어디 있는 걸까?<0xdb00>やおギ
S1321	2	59	38	老大人に御用ですか？<br />老様はおいそがしい身、<br />あまりお時間を<br />取らせないで下さいね。<0xdb00>やお、	노대인께 볼일 있으십니까?<br />노대인께선 바쁘신 몸,<br />너무 시간을<br />빼앗지 말아 주세요<0xdb00>やお、
S1322	2	60	46	何だってマカオには<br />金持ちが多いんだろう？<br />ま、そのおかげで俺達ガードマンは<br />食っていけるんだがね。<0xdb>やお	어째서 마카오엔<br />부자가 많은 걸까?<br />뭐, 덕분에 우리 경비원들은<br />먹고살 수 있는 거지만<0xdb>やお
S1324	2	49	40	ギャンブル場はここよっ！<br />ギャンブルが公営で認められてんのは<br />ここしかないわよっ！<0xdb>やかナ	도박장은 여기야!<br />도박이 공영으로 인정되는 건<br />여기밖에 없다고!<0xdb>やかナ
S1325	2	122	80	ギャンブルで負けて<br />金をなくした位で何だ！<br /><arrow>俺はなぁ、人生のカケに敗れて<br />これから旅立つんだぞっ！¨¨<br />¨¨といい続けて、はや１年。<br /><arrow>それでも俺は人生のカケに敗れたんだ、<br />意地でも旅立つぞっ！<0xdb00>やか	
S1326	2	57	44	俺、ドッグレースの予想屋やってるけど<br />これがまた、当たらんのよ。<br />どうしたらいいんだろうねえ？<0xdb00>やきふ	나, 도그레이스 예상가 하는데<br />이게 또, 안 맞는다니까<br />어쩌면 좋을까?<0xdb00>やきふ
S1327	2	11	9	ごきげんよう。<0xdb>やきり	안녕하세요<0xdb>やきり
S1328	2	55	37	日本からの観光客って<br />どうして<br />あんなに沢山おみやげを買っていくの？<br />謎だわ¨¨。<0xdb00>やきソ	일본에서 온 관광객은<br />どうして<br />저렇게 선물을 많이 사 가는 거야?<br />수수께끼야¨¨<0xdb00>やきソ
S1329	2	33	24	マカオって治安が悪いのよねぇ<br />¨¨どうにかしてよ。<0xdb00>やきギ	
S1330	2	69	49	美星ってば、おてんばだから<br />いつ何時、とんでもない事しでかすか<br />ホント心配¨¨。<br /><arrow>でもあたしはレズじゃないわよ。<0xdb00>やき▼	미호시는 말괄량이라서<br />언제 무슨 엄청난 일을 저지를지<br />ホント心配¨¨。<br /><arrow>근데 난 레즈는 아니야<0xdb00>やき▼
S1331	2	57	40	明日はデートなのっ！<br /><arrow>私、初めてだから怖くって。<br />男はオオカミっていうしー<br />困っちゃう。<0xdb00>やくい	내일은 데이트라고!<br /><arrow>나, 처음이라 무서워서<br />남자는 늑대라고들 하고~<br />난감하다니까<0xdb00>やくい
S1332	2	49	35	坊や、何か御用？<br />ここはあんたみたいなガキが<br />来るような場所じゃないわよ。<0xdb00>やくざ	꼬마야, 무슨 일이니?<br />여긴 너 같은 꼬마가<br />올 만한 곳이 아니야<0xdb00>やくざ
S1333	2	41	26	ここは大金持ち、王大人の家だ。<br />勝手に入るんじゃない！<0xdb>やくス	여긴 큰 부자, 왕대인의 집이다<br />함부로 들어오지 마!<0xdb>やくス
S1342	2	54	39	俺って手先は器用だからなぁ。<br />もうからない鍵屋はやめて、<br />違う商売でもやってみようかな。	난 손재주가 좋으니까<br />돈 안 되는 열쇠집은 그만두고,<br />다른 장사라도 해 볼까
S1367	2	18	11	なんだか変よねぇ¨最近。<br />え？	
S1368	2	18	10	街の南西よ、南西。<0xdb>やあず	남서쪽이야, 남서쪽<0xdb>やあず
S1369	2	35	29	マカオはいいよ。なんてったって<br />ギャンブル！これにつきるよ！<0xdb00>やあケ	마카오는 좋아. 뭐니 뭐니 해도<br />도박! 이게 최고야!<0xdb00>やあケ
S1370	2	71	51	欲望と快楽の町マカオへようこそ！<br />ここは欲しいものは何でも<br />手に入る町よ！<br />もちろんあんたの腕次第だけどね。<0xdb>やあョ	욕망과 쾌락의 도시 마카오에 어서 와!<br />여긴 원하는 건 뭐든<br />손에 넣을 수 있는 도시야!<br />물론 네 실력에 달렸지만<0xdb>やあョ
S1371	2	23	18	マカオ¨ギャンブルはズルズルだぞぉ。<0xdb00>やあ 	
S1372	2	29	19	ここだけの話¨¨<br />王大人ってキライなんだ。<0xdb>やあ→	여기서만 하는 얘긴데¨¨<br />왕대인은 싫어<0xdb>やあ→
S1373	2	38	28	ちくしょー、<br />また、はぐれちまった。<br />みんなあ、どこ行ったんだあ～！<0xdb>やい	제길,<br />또 일행을 놓쳤다<br />다들, 어디 간 거야~!<0xdb>やい
S1374	2	75	48	あの人、こりもせずに<br />また、あの女と会ってる¨¨。<br />呪い続けてやるわっ！<br /><arrow>もう一度、<br />私に振り向いてくれる日まで¨¨。<0xdb>やいぉ	저 사람, 또 질리지도 않고<br />또 그 여자랑 만나고 있어¨¨<br />계속 저주해 주겠어!<br /><arrow>다시 한번,<br />날 돌아봐 주는 날까지¨¨<0xdb>やいぉ
S1375	2	91	57	はいはい、どなた様？<br />ここは男子禁制、<br />花の女性専用アパートよ<br /><arrow>ま、そうはいっても<br />最近の若い女の子は<br />規則を守らないから大変よ¨。<0xdb>やい２	
S1376	2	129	103	ペリーヌの手下げ袋はどこだあっ！<br />ガルチェの関連リングはどこだあっ！<br />ポンジンのデジタル時計はどこだあっ！<br /><arrow>チファニーのオープンカートはどこだ！<br />ビトンのカードロープはどこだ！<br />ヘルメスのバンダナはどこだあっ！<br />¨って、俺こればっか。<0xdb00>ゅ	
S1377	2	61	45	俺は酔っぱらってないぞお！<br />若い姉ちゃんにだまされて<br />ぼったくられてなんか<br />いないぞお！¨¨うっく¨¨。<0xdb00>やうマ	
S1378	2	69	39	このお店、<br />酒場と宿屋が一緒になってるの。<br />どういう意味かわかる？<br /><arrow>♥♥．．．まあ、便利ってことよ。<0xdb00>やう6	이 가게,<br />술집이랑 여관이 같이 있어<br />무슨 뜻인지 알아?<br /><arrow>♥♥．．．뭐, 편하다는 거지<0xdb00>やう6
S1379	2	87	62	やう断この店には何でも置いてあるのよ。<br />こういう店がこの町以外にもあるわ。<br />装身具とか薬とかが一度に買えるから<br />便利なんじゃない？<0xdb00>やえぁ	
S1380	2	57	44	うちの人ったら、どこいったのかしら？<br />ギャンブル場に行ってたりしたら<br />今度こそ許さないわっ！<0xdb00>やえギ	우리 양반은 어딜 간 걸까?<br />도박장에 가 있기라도 하면<br />이번엔 정말 용서 안 해!<0xdb00>やえギ
S1381	2	73	53	ここはマカオのメインストリート。<br />でも最近は治安が悪いせいか<br />客足は遠のくばかりで¨。<br />あんた、何か買ってかないかい？<0xdb>やえ～	
S1382	2	101	82	ここだけの話ですが<br />かわいい美星ちゃんはブラコンなんです。<br />ブラザーコンプレックスでしたっけ？<br /><arrow>アニメコンプレックスじゃありません！<br />ボ、ボクだって違いますよ！<br />ところで、おたくは？<0xdb00>やおげ	여기서만 하는 얘긴데<br />귀여운 미호시는 브라콘이에요<br />브라더 콤플렉스였던가요?<br /><arrow>애니 콤플렉스가 아닙니다!<br />저, 저도 아니라고요!<br />그런데, 댁은?<0xdb00>やおげ
S1383	2	43	33	ギャンブル場は<br />この辺と聞いてきたんだが<br />一体どこにあるんだろう？<0xdb00>やおル	도박장은<br />이 근처라고 들었는데<br />대체 어디 있는 걸까?<0xdb00>やおル
S1384	2	59	38	老大人に御用ですか？<br />老様はおいそがしい身、<br />あまりお時間を<br />取らせないで下さいね。<0xdb00>やお6	노대인께 볼일 있으십니까?<br />노대인께선 바쁘신 몸,<br />너무 시간을<br />빼앗지 말아 주세요<0xdb00>やお6
S1385	2	115	83	何だってマカオには<br />金持ちが多いんだろう？<br />ま、そのおかげで俺達ガードマンは<br />食っていけるんだがね。<0xdb>やお断また負けた¨。<br />全財産スッちまった。<br />あんたもギャンブルする時にゃ、<br />気ィつけな¨¨。<0xdb>やかれ	
S1386	2	49	40	ギャンブル場はここよっ！<br />ギャンブルが公営で認められてんのは<br />ここしかないわよっ！<0xdb>やかサ	도박장은 여기야!<br />도박이 공영으로 인정되는 건<br />여기밖에 없다고!<0xdb>やかサ
S1387	2	121	80	ギャンブルで負けて<br />金をなくした位で何だ！<br /><arrow>俺はなぁ、人生のカケに敗れて<br />これから旅立つんだぞっ！¨¨<br />¨といい続けて、はや１年。<br /><arrow>それでも俺は人生のカケに敗れたんだ、<br />意地でも旅立つぞっ！<0xdb>やか＄	
S1388	2	57	44	俺、ドッグレースの予想屋やってるけど<br />これがまた、当たらんのよ。<br />どうしたらいいんだろうねえ？<0xdb00>やきた	나, 도그레이스 예상가 하는데<br />이게 또, 안 맞는다니까<br />어쩌면 좋을까?<0xdb00>やきた
S1389	2	11	9	ごきげんよう。<0xdb>やきふ	안녕하세요<0xdb>やきふ
S1390	2	53	37	日本からの観光客って<br />どうして<br />あんなに沢山おみやげを買っていくの？<br />謎だわ¨。<0xdb>やきア	
S1391	2	31	24	マカオって治安が悪いのよねぇ<br />¨どうにかしてよ。<0xdb>やきム	
S1392	2	67	49	美星ってば、おてんばだから<br />いつ何時、とんでもない事しでかすか<br />ホント心配¨。<br /><arrow>でもあたしはレズじゃないわよ。<0xdb>やき6	미호시는 말괄량이라서<br />언제 무슨 엄청난 일을 저지를지<br />ホント心配¨。<br /><arrow>근데 난 레즈는 아니야<0xdb>やき6
S1393	2	107	74	明日はデートなのっ！<br /><arrow>私、初めてだから怖くって。<br />男はオオカミっていうしー<br />困っちゃう。<0xdb00>やきＡ坊や、何か御用？<br />ここはあんたみたいなガキが<br />来るような場所じゃないわよ。<0xdb00>やくめ	
S1394	2	41	26	ここは大金持ち、王大人の家だ。<br />勝手に入るんじゃない！<0xdb>やくぉ	여긴 큰 부자, 왕대인의 집이다<br />함부로 들어오지 마!<0xdb>やくぉ
S1395	2	38	25	最近、<br />龍さんったら<br />妖撃社にいりびたりだからなぁ¨。<0xdb00>やくロ	
S1396	2	49	36	龍さんに言っておいてくださいよ。<br />たまには事務所に顔を<br />出してくださいって。<0xdb>やく８	룽 씨한테 말해 두세요<br />가끔은 사무소에 얼굴 좀<br />비춰 달라고요<0xdb>やく８
S1397	2	60	44	ほっほっほっ。<br />私に何か御用かな？<br />用がないなら、とっととお帰り。<br />カーペットが汚れてしまうからな。<0xdb>やく	호호호<br />나한테 무슨 볼일인가?<br />볼일 없으면, 썩 돌아가게<br />카펫이 더러워지니까<0xdb>やく
S1398	2	45	36	ロイヤルソアラには<br />化物のたぐいがたむろしていると聞くが<br />本当なのかい？<0xdb>やけは	로열 소아라에는<br />괴물 같은 것들이 모여 있다던데<br />정말인가?<0xdb>やけは
S1399	2	39	27	龍さん¨最近マカオに帰ってこないの。<br />どうしたのかしら¨¨。<0xdb00>やけぼ	
S1400	2	19	13	さて¨今日はなにようで？<0xdb00>やけオ	
S1401	2	30	23	おじょう様は<br />学校へ行ってらっしゃいますが。<0xdb>やけル	아가씨께선<br />학교에 가 계십니다만<0xdb>やけル
S1402	2	57	40	俺って手先は器用だからなぁ。<br />もうからない鍵屋はやめて、<br />違う商売でもやってみようかな。<0xdb00>さ	난 손재주가 좋으니까<br />돈 안 되는 열쇠집은 그만두고,<br />다른 장사라도 해 볼까<0xdb00>さ
S1403	2	11	8	やて<portrait_00>やて温やとこ	
S1404	2	11	8	やに<portrait_00>やに断やぬこ	
S1419	2	415	276	おいで下さい。<0xdb00>[player]さんは<br />これを使えません。<br />構いませんか？<0xdcdb00>[player]さんは<br />これを装備できませんが<br />それでもいいですか？<0xdb00>やめるんですね？<0xdb00>では<br />別の人に渡しますか？<0xdb00>[player]さんは<br />持ち物が一杯です。<0xdb>どの品物を<br />売っていただけますか？<0xdb00>どの装備品を<br />売っていただけますか？<0xdb00>どの品物を<br />引き取りましょうか？<0xdb00>どなたの装備品を<br />売っていただけますか？<0xdb00>どなたの品物を<br />引き取りましょう？<0xdb><E7FC>なら<br /><E7FD>!?＄で<br />買い取ります。<0xdcdb>どうしますか？<0xdcdb00>それは残念¨。<0xdcdb00>どうも<br />ありがとうございます。<0xdb>ほかにも何か<br />引き取りますか？<0xdb00>お客様は売れるような物を<br />持ってませんが。<0xdb00>その品は<br />買い取れません。<0xdb00>どの説明をしましょう？<0xdb>ほかのものも説明しますか？<0xdb>まぅまゃまアまオまケまスまチまナまノまヘまムやまユ	
S1420	2	43	31	ここが東洋一の豪華さをほこる<br />ホテル「ロイヤルソアラ」で<br />ございます。<0xdb00>や	
S1482	2	220	153	寄ってくださいね。<0xdb>おはようございます。<br />よく眼れたでしょうか。<br />またのお越しをお待ちしております。<0xdb>またのお越しをお待ちしております。<0xdb>フフフッ。私は旅行中の謎の無免許医。<br />私の天才的ウデを必要とするかね？<return_p>かあぁぁぁぁぁぁぁぁぁっ‼<br />何がお望みかな？<return_p>いかがされましたか。<br />何か治療をお望みかな？<return_p>私の天才的ウデを必要とするかね？<return_p>何ぞ治療をお望みかな？	
S1483	2	25	19	だれにこの私の神がかり的テクを<br />使おうか？	
S1484	2	15	14	どなたにほどこしをしましょう？	누구에게 베풀어 드릴까요?
S1485	2	55	34	生<br />やめる<0xdb00>それじゃキャッシュで１０億＄。<br />¨のところ、仏のような情け心で<br /><E7FD>!?＄にしておこう。	
S1486	2	19	13	!?＄ほど<br />寄進していただけるかな？	!?＄쯤<br />시주해 주시겠는가?
S1487	2	37	25	ほかに私の超人的オペを試す所は？<return_p>ほかに御用はあるかな？	
S1488	2	311	218	ほかにも治療をお望みかな？<return_p>また私を頼りにしたまえ。<br />はっはっは！<0xdb>それでは気を付けて行かれよ。<br />旅の無事を祈っておりますぞ。<0xdb00>ではお大事に。<0xdb>なんだ、私が手を下すほどの状態じゃ<br />ないぞ。<0xdb>お見受けしたところ<br />そのような風には見えませんな。<0xdb>あなたの言うようには<br />見えませんが¨¨。<0xdb00>やせがまんはよしたほうがいい。<0xdb>そのような体では<br />もちませんぞ。<0xdb>そのままでいると<br />良くないですぞ¨¨。<0xdb00>残念ですが<br />お金が足りません。<0xdb>おふせも払えんとは¨¨。<0xdb>お金が足りないようです<br />残念ですが¨¨。<0xdb00>こちらでは<br />荷物を預かります<br />どうしますか？	
S1490	2	216	113	隠し扉を見つけた！<0xdb00>隠し階段を見つけた！<0xdb00>鍵がかかっている。<0xdb00>宝箱は空っぽだった。<0xdb>特に興味のある内容では<br />ないようだ。<0xdb>見事な掛けじくだ‼<0xdb00>見事な絵画だ‼<0xdb>見事な壁画だ‼<0xdb>ポスターが貼ってある。<br /><arrow>「メガＣＤゲーム・ソフト、<br />『聖魔伝説３×３ＥＹＥＳ』<br />大好評発売中‼」<0xdb00>＄<E7FD>!?見つけた！<0xdb00><E7FC>を、見つけた！<0xdb00>ピンポーン‼	숨겨진 문을 찾았다!<0xdb00>숨겨진 계단을 찾았다!<0xdb00>자물쇠가 잠겨 있다.<0xdb00>보물상자는 비었다.<0xdb>딱히 볼 만한 내용은<br />아니다.<0xdb>훌륭한 족자다‼<0xdb00>훌륭한 그림이다‼<0xdb>훌륭한 벽화다‼<0xdb>포스터가 붙어 있다.<br /><arrow>「메가ＣＤ 게임 소프트,<br />『성마전설 ３×３ＥＹＥＳ』<br />대호평 발매중‼」<0xdb00>＄<E7FD>!?찾았다!<0xdb00><E7FC>을(를), 찾았다!<0xdb00>ピンポーン‼
S1540	2	7	6	やめ鋭やもふ	
S1559	2	135	95	ようこそ南寧へ。<br />でもまだ来るには早いんじゃないか？<0xdb00>ようこそおいでなさった、<br />ここが南寧じゃ。<br />何もない町じゃが<br />まぁ、ゆっくりしていきなされ。<0xdb00>宿屋の主人が<br />「旅人から手紙を預かっている。」<br />と言っていたぞ。<0xdb00>こいおさいうて	
S1560	2	405	274	クイ：<br />私の名はクイ。<br />見ての通りの旅人だ。<arrow>だがその旅もいよいよ終わりそうだ。<br />なぜならここがあの有名な¨¨、<br />おっと、しゃべりすぎのようだな¨¨。<0xdb>クイ：<br />私が記憶喪失を直せる？<br />誰に聞いた？<arrow>¨まぁいい。<br />確かに私にとって記憶喪失を直すのは<br />そう難しいことではない。<arrow>だがほこらの門番を倒すのは難しい。<br />逆にあなた方は記憶喪失は直せないが<br />ほこらの門番を倒せるかもしれない。<arrow>もし門番を倒してくれたなら<br />記憶を取り戻そう。<br />いかがかな？<0xdb00>そうか、<br />わけは聞かぬのか。<br />ありがとう。<br />クイが仲間に加わった<0xdb00>残念だ。<br />だが私も村の人達のためには¨¨、<br />いや、わけなどいいのだ。<br />お願いできないか？<0xdb>ありがとう。<br />クイが仲間に加わった<0xdb00>残念だ¨¨。<0xdb00>こいなていォこいとついォら	
S1561	2	97	55	宿屋：<br />旅人からの手紙¨¨？<br />おお、確かに預かってるぞ。<arrow>ほれ、これじゃ。<br />読んでみなされ。<arrow><portrait_02>鈴鈴：<speak><br />ありがとう。<br />じゃ、読むわよ。</speak><arrow>「あたしだよ、燐鬼だよ。	
S1562	2	18	13	今回は負けを認めてあげるよ。	
S1563	2	10	7	次は負けないよ。	
S1566	2	77	51	やう―僕はこの町で<br />唯一の男の子なんだよ。<0xdb00>宿屋にいる旅人の人って<br />すごいんだよ。<br />北のほこらの門番と戦うんだって‼<arrow>え？	
S1571	2	309	210	俺はこの家のボディガードだ。<br />でもはっきり言って仕事はない¨¨。<0xdb>せっかく女の子がいるってのに<br />ジャンケンで負けたおかげで<br />ここで番してなきゃならない¨¨。<br />くやしいぜ‼<0xdb00>ひと昔前は孔明の財宝で<br />一獲千金を狙った男達が<br />よく町に来てたんだ。<arrow>おかげでこの町も<br />結構、活気があったんだが¨¨。<br />今じゃブームも過ぎて誰も来やしない。<arrow>おっと、<br />１人宿屋に泊まってるんだっけ。<br />確かクイとかいう¨¨。<0xdb00>孔明の財宝を取りに行く？<br />だが、北のほこらは数年前から<br />カギがかかってるはずだぞ。<0xdb>孔明の宝を取ったのか‼<br />何？	
S1574	2	293	198	おう、黄邸で会ったのう。<br />どうだ？<br />元気にやってるか？<0xdb00>おう、黄邸で会ったのう。<br />どうだ？元気にやってるか？<arrow>ところで、<br />最近、記憶を失った少女が<br />この町に流れ着いたんだ。<arrow>目のパッチリした、<br />なかなかかわいい娘だぞ。<br />どこかで見た気もするがな¨¨。<arrow>で、とりあえず<br />わしの家で預かってるが、<br />夜の相手には、まだ若すぎるな。<br />はっはっはっ‼<0xdb>おお、そうじゃ。<br />確かに黄邸では<br />あんたらと一緒にいたわい。<arrow>あと１０年たったら遊びに来い。<br />赤い服のねーちゃんは<br />今すぐでもいいがな‼<br />はっはっはっ‼<0xdb>何？	
S1575	2	164	111	孔明の財宝を手に入れる？<br />がんばれよ。<br />わしゃ、金はもういらん¨¨。<arrow>ただし‼<br />客寄せになるような財宝だったら<br />わしが買い取るぞ。<arrow>この町にもっと若者を<br />増やしたいのじゃ。<br />特に女をな。<0xdb00>さっきな、<br />えらく色っぽいねーちゃんが来て<br />こー言うんだ。<arrow>「ほこらの番人は退治した。	
S1576	2	16	12	あそこを観光名所にすれば	
S1577	2	9	6	人も来るだろ？	
S1580	2	77	55	それでどうだ？」<arrow>と言ったが、<br />刺激のない毎日はイヤだそうだ。<br />でもたまには遊びに来てくれる<br />と言っていたから楽しみじゃの¨¨。<0xdb00>ぞい	
S1582	2	252	171	こんな平和な町じゃ<br />俺みたいな奴は<br />うさんくさく見えるよな¨¨。<0xdb00>その子、<br />記憶喪失らしいんだ。<br />知合いかい？<0xdb>若いのに大変だねぇ。<0xdb>じゃ、何しに来たんだ？<0xdb>記憶が消えたわけじゃない。<br />きっかけさえあれば<br />すぐにでも取り戻せるさ。<br />がんばれよ。<0xdb00>昔、多くの武人が<br />ほこらの門番に挑戦したらしいが<br />まだ勝った者はいない。<br />さすがは孔明のカラクリ。<0xdb>ほこらの門番に勝ったのか？<br />すごい奴だな、おまえ¨¨。<br />サインくれ、サイン‼	
S1625	2	18	13	おまえが妖撃社の<br />ハンターか？	
S1653	2	33	25	ちょっと、いま着替えてるんだから<br />こっちに来ないでよ！<0xdb00>や	
S1654	2	67	42	あらボク、一緒に入りたいの？<br />いいわよ、背中流してあげる¨¨。<br /><arrow>あらごめんなさい、<br />彼女連れだったのね¨¨。<0xdb00>や	
S1656	2	33	20	温泉から見る外の景色って、<br />最高だわね。<0xdb00>やあモ	
S1658	2	65	40	当宿は１階が温泉、<br />２階が大ステージ、<br />３階が宿泊施設となっております。<br />おきゃくさん、ごゆっくり！<0xdb00>ゅ	
S1661	2	81	54	本当ならここへの旅行は<br />彼女も一緒に来る予定だったんですが<br />彼女、仕事がいそがしくて¨¨。<br />おみやげを買って行かなくちゃ。<0xdb00>ゅ	
S1681	2	29	17	効果→ダンジョンの入口に戻る<br /><return_p>退魔の鈴	효과→던전 입구로 돌아간다<br /><return_p>퇴마의 방울
S1682	2	40	20	効果→少しの間、敵と出会わなくなる<br /><return_p><0xdb00><0xdb00>天人の羽根	효과→잠시 적을 만나지 않게 된다<br /><return_p><0xdb00><0xdb00>천인의 깃털
S1686	2	214	111	隠し扉を見つけた！<0xdb00>隠し階段を見つけた！<0xdb00>鍵がかかっている。<0xdb00>宝箱は空っぽだった。<0xdb>特に興味のある内容では<br />ないようだ。<0xdb>見事な掛けじくだ‼<0xdb00>見事な絵画だ‼<0xdb>見事な壁画だ‼<0xdb>ポスターが貼ってある。<br /><arrow>「メガＣＤゲーム・ソフト、<br />『聖魔伝説３×３ＥＹＥＳ』<br />大好評発売中‼」<0xdb00>＄<E7FD>!?見つけた！<0xdb00><E7FC>を、見つけた！<0xdb00>なんと！	숨겨진 문을 찾았다!<0xdb00>숨겨진 계단을 찾았다!<0xdb00>자물쇠가 잠겨 있다.<0xdb00>보물상자는 비었다.<0xdb>딱히 볼 만한 내용은<br />아니다.<0xdb>훌륭한 족자다‼<0xdb00>훌륭한 그림이다‼<0xdb>훌륭한 벽화다‼<0xdb>포스터가 붙어 있다.<br /><arrow>「메가ＣＤ 게임 소프트,<br />『성마전설 ３×３ＥＹＥＳ』<br />대호평 발매중‼」<0xdb00>＄<E7FD>!?찾았다!<0xdb00><E7FC>을(를), 찾았다!<0xdb00>아니!
S1687	2	31	21	季刊「妖撃」の<br />バックナンバーが、全てそろえてある！	
S1811	2	13	8	ようこそ、寧波へ！<0xdb>や	
S1812	2	39	29	たゆたう川の流れは¨¨いったいどこに<br />流れ着くんじゃろうかのぉ。<0xdb00>や	
S1813	2	27	20	なっ、なんだよぉ、<br />なにジロジロ見てんだよぉ。<0xdb00>や	
S1814	2	37	26	最近、なんか化け物が強いんだよ。<br />なんとかして欲しいよな。<0xdb>や	
S1815	2	61	42	しっかし¨¨こう妖魔の害が多いと、<br />他の町へ買い物にも行けないわ。<br />政府はなにやってるのかしら。<0xdb>ゅ	
S1820	2	60	40	中国は¨¨確かに技術的には<br />遅れているかもしれんが、<br />じきに追いこすよ。<br />漢民族の誇りにかけて。	
S1823	2	33	18	効果→少しの間、敵と出会わなくなる<br /><return_p>浮走石	효과→잠시 적을 만나지 않게 된다<br /><return_p>浮走石
S1864	2	55	38	部長のやつ、<br />俺のことバカにしやがって¨‼<br />俺が一体、何をしたって言うんだッ‼<br />バカヤローッ‼	
S1913	2	55	44	わしのひいきのマリちゃんは<br />まだかいの。<br />仕事がらたまったストレスは<br />ここではらすのが一番じゃ！<0xdb00>ゅ	내가 아끼는 마리는<br />아직인가<br />일하며 쌓인 스트레스는<br />여기서 푸는 게 최고지!<0xdb00>유
S2024	2	73	50	岡村くんって、誰にでも<br />情熱的なのよねぇ。<br />でも、もうアタシの心は止まらない¨¨。<br />ああ、本当にダメかもしれないっ¨‼<0xdb>やいめ	
S2025	2	111	73	世の中、どっちを向いても<br />華やいでるよな¨¨。<br />こーなったら合コンしよーぜ‼<0xdb>やう鋭俺の従兄弟は、音楽教師として<br />講華女学院で勤めている。<br />うらやましい話だよな、全く。<0xdb00>やえず	
S2034	2	7	6	やの温やはみ	
S2035	2	7	6	やの温やはず	
S2036	2	68	54	どうぞ<br />ほかの物も<br />お返ししましょうか？<0xdb>預かっている品物がありません<0xdb>へゲへズへヂへバへボへペへゥへャへヵへ２へ６へ0やへ4	자<br />다른 물건도<br />돌려드릴까요?<0xdb>맡아 둔 물건이 없습니다<0xdb>へゲへズへヂへバへボへペへゥへャへヵへ２へ６へ0やへ4
S2117	2	45	32	君ィ‼<br />メガドライブのソフト買うんだったら<br />これなんかどうだい？<br /><arrow>『聖魔伝説	
S2118	2	55	26	３×３ＥＹＥＳ』‼<br />発売が延びてたけど<br />やっと入荷したんだ！<br />出てよかったぁ～¨¨。<0xdb00>や	３×３ＥＹＥＳ』‼<br />발매가 미뤄졌지만<br />드디어 입하됐어!<br />나와서 다행이야~¨¨<0xdb00>や
S2119	2	27	21	ロープレっつったら<br />マップは基本だよな‼<0xdb00>やあね	
S2120	2	39	31	シナリオで手いっぱいで<br />戦闘バランスの悪いゲームなんてねぇ。<0xdb00>やあぶ	
S2121	2	29	19	ぱいちゃんって本当に<br />可愛いよなぁ¨¨。<0xdb00>やあス	파이는 정말<br />귀엽단 말이야¨¨<0xdb00>やあス
S2122	2	29	20	なんか、ヒマだよな¨¨。<br />ゲームでもやるかな¨¨。<0xdb>やあロ	뭔가, 한가하네¨¨<br />게임이나 할까¨¨<0xdb>やあロ
S2123	2	33	21	マウスの改造に失敗して<br />穴、あけちゃった¨¨。<0xdb00>やあォ	
S2124	2	29	16	む!?<br />あなた¨¨‼<br />女難の相が出てますよ‼<0xdb>やあ(	む!?<br />あなた¨¨‼<br />여난의 상이 나왔어요‼<0xdb>やあ(
S2125	2	55	38	先生ったら、病人が女子高生だと<br />すぐ喜んじゃって<br />女の子たちが困ってるのよね。<0xdb>やいず	선생님은 환자가 여고생이면<br />すぐ喜んじゃって<br />여자애들이 곤란해한다니까<0xdb>やいず
S2126	2	47	32	ここのお医者さん、<br />なーんか視線が気になるのよね。<br />気のせいかしら¨¨。<0xdb00>やいナ	
S2127	2	33	25	いらっしゃいませー。<br />どういった服を、お探しですか？<0xdb00>やいズ	
S2128	2	80	62	チクショー‼<br />どうせ、俺はダサイ男だよ‼<br />うっうっうっ¨¨。<br /><arrow>でも、あきらめるもんかっ<br />次こそイカしたかっこで<br />ダンス・キングをねらってやるーッ‼<0xdb>やい	
S2129	2	53	39	彼にセーターを<br />プレゼントしたいんだけど¨¨。<br />うーん、やっぱり<br />手編の方がいいかなぁ。<0xdb00>やうた	
S2130	2	73	51	あなた、前<br />「カルチャー・ショック」にいた子ね？<br />真行寺さん、この店のお得意様なのよ。<br />よろしく伝えてちょうだいね。<0xdb00>やうス	너, 전에<br />「컬처 쇼크」에 있던 애지?<br />신교지 씨, 이 가게 단골이야<br />안부 전해 줘<0xdb00>やうス
S2131	2	67	46	あんな、小娘に私が破れるなんて¨¨‼<br />甘かったわ。<br />次こそ、ダンス・クィーンの座を<br />取り戻してみせるから‼<0xdb00>やうョ	
S2132	2	58	40	ショック‼<br />ダイエットに成功したと思ったら、<br />反動で食べ過ぎて<br />また太っちゃったみたい¨¨。<0xdb00>やう	
S2133	2	75	52	君、ルックスも声もバッチリ‼<br />その気になりゃスター間違いなしよ!?<br />女子校制服の似合うアイドルとして<br />売り出そう‼<0xdb00>やえれ	너, 외모도 목소리도 완벽해‼<br />마음만 먹으면 스타는 따 놓은 당상!?<br />여고 교복이 어울리는 아이돌로<br />売り出そう‼<0xdb00>やえれ
S2134	2	51	39	でもぉ<br />パパやママが何て言うか、<br />わかんないしぃ。<br />学校もそういうのには厳しいしぃ。<0xdb>やえテ	でもぉ<br />아빠 엄마가 뭐라고 할지,<br />모르겠고<br />학교도 그런 건 엄격하고<0xdb>やえテ
S2135	2	63	47	ここはタレント事務所だよ？<br />君たちなら、タレントというより<br />お笑いの方が、<br />向いてるんじゃないかなあ。<0xdb00>やえヵ	여긴 연예 기획사야?<br />너희라면, 탤런트보다는<br />개그 쪽이,<br />맞지 않을까<0xdb00>やえヵ
S2136	2	31	22	サ店のマスターってのも<br />結構ヒマなんだよね¨¨。<0xdb>やえ；	
S2137	2	29	22	ここのマスター、<br />ちょっとシブくて、イイのよね♥<0xdb>あら？	
S2138	2	43	33	あなたの連れてる後ろの男性も<br />なかなか味があって、イイじゃないの。<0xdb00>やおせ	
S2139	2	79	48	講華女学院で生物教えてる俺の従兄弟が<br />最近、教え子とけっこんしたんだよ。<br /><arrow>やっぱ、オイシイよなぁ¨¨高校教師‼<0xdb00>ゅ	강화여학원에서 생물 가르치는 내 사촌이<br />얼마 전에 제자랑 결혼했다고<br /><arrow>역시, 좋단 말이야¨¨고교 교사‼<0xdb00>유
S2140	2	47	37	あそこに座ってるボーヤ、<br />どっかで見覚えがあるのよねぇ。<br />どこでだったかしら。<0xdb00>やおゥ	저기 앉아 있는 꼬마,<br />어디서 본 적 있는데<br />어디였더라<0xdb00>やおゥ
S2141	2	128	82	君もそうなのかい？<br /><arrow>じゃ、君も何かに追われているんだね。<0xdb00>やおＡここから西へ行くと世田谷だ。<br /><arrow>親父が世田谷の方に、配達に出てて<br />店番、頼まれてんだ。<br />デカイ屋敷が多くて大変なんだってさ。<0xdb00>やかぅ	
S2143	2	27	20	いらっしゃいませー。<br />彼女にプレゼント？<0xdb00>やかボ	어서 오세요~<br />여자친구한테 선물?<0xdb00>やかボ
S2144	2	37	25	こっちのイヤリングも、可愛いナァ♥<br />アーン、迷っちゃう。<0xdb00>やか 	
S2145	2	81	52	ここが原宿だよ。<br /><arrow>寄り道しようか、<br />家に帰って勉強しようか、<br />どうしようかな¨¨。<0xdb00>やか温今日はどこに寄って行こうかな♥<0xdb00>やきし	
S2146	2	33	23	相変わらず、せかせかと<br />いそがしそうだな、八雲。<0xdb00>やきん	여전히, 부산스럽게<br />바빠 보이는군, 야쿠모<0xdb00>やきん
S2147	2	29	22	あたしィ？<br />やだ、アタシ、ナンパされたの初めて‼<0xdb>やきょ	나아?<br />어머, 나, 헌팅당한 거 처음이야‼<0xdb>やきょ
S2148	2	57	39	あら、八雲くんじゃない。<br />これから講華の先生とデートなのよ。<br />うふふ、邪魔しないでね♥<0xdb00>やきゾ	어머, 야쿠모 군 아냐<br />이제 강화 선생님이랑 데이트야<br />후후, 방해하지 마♥<0xdb00>やきゾ
S2149	2	53	41	あーん、トミーが見つからないのよ。<br />おかしいわねぇ、まちがいなくこの辺に<br />いるはずなのに¨¨。<0xdb>やき，	아아, 토미가 안 보여<br />이상하네, 분명 이 근처에<br />있을 텐데¨¨<0xdb>やき，
S2150	2	125	95	ぱいちゃんのことはあきらめて、<br />別の子をスカウトすることにしたよ。<br />おしい気もするけどな。<0xdb00>やき鋭困ったわねぇ¨¨。<br />トミーったらどこへ行ったのかしら。<br />撮影の時間に遅れたら<br />怒られるのはマネージャーの私なのに！<0xdb00>やくば	
S2151	2	27	19	今日も夜はディスコで<br />燃えつきるわ‼<0xdb00>やくケ	
S2152	2	25	17	どっかに可愛い娘、いねーかなー¨¨。<0xdb>やくモ	
S2153	2	57	36	タレントか¨¨。<br /><arrow>それもいいよな。<br />女の子たちに騒がれてさ。<br /><arrow>俺も、誘ってくんねーかな¨¨。<0xdb>やく８	
S2154	2	17	10	俺も踊りてーなー¨¨。<0xdb>やく，	
S2155	2	13	10	いらっしゃいませ。<0xdb>やく（	어서 오십시오.<0xdb>やく（
S2156	2	12	10	いらっしゃいませ。<0xdb>やく	어서 오십시오.<0xdb>やく
S2157	2	47	32	踊りに夢中で、聞いちゃいない。<0xdb>やく断踊りに夢中で、聞いちゃいない。<0xdb>やけし	
S2158	2	21	15	みんなぁっ‼<br />私を見てぇーッ‼<0xdb>やけめ	みんなぁっ‼<br />날 봐 줘어‼<0xdb>やけめ
S2159	2	23	16	踊りに夢中で、聞いちゃいない。<0xdb>やけぢ	춤에 정신이 팔려 듣지 않는다<0xdb>やけぢ
S2160	2	23	16	踊りに夢中で、聞いちゃいない。<0xdb>やけア	춤에 정신이 팔려 듣지 않는다<0xdb>やけア
S2161	2	23	16	踊りに夢中で、聞いちゃいない。<0xdb>やけノ	춤에 정신이 팔려 듣지 않는다<0xdb>やけノ
S2162	2	23	16	踊りに夢中で、聞いちゃいない。<0xdb>やけギ	춤에 정신이 팔려 듣지 않는다<0xdb>やけギ
S2163	2	23	16	踊りに夢中で、聞いちゃいない。<0xdb>やけァ	춤에 정신이 팔려 듣지 않는다<0xdb>やけァ
S2164	2	23	15	踊りに夢中で、聞いちゃいない。<0xdb>やけ2	춤에 정신이 팔려 듣지 않는다<0xdb>やけ2
S2165	2	23	15	踊りに夢中で、聞いちゃいない。<0xdb>やけ―	춤에 정신이 팔려 듣지 않는다<0xdb>やけ―
S2167	2	23	16	踊りに夢中で、聞いちゃいない。<0xdb>やこつ	춤에 정신이 팔려 듣지 않는다<0xdb>やこつ
S2168	2	53	39	ここの黒服さん、カッコイイの♥<br />もうメロメロよぉ～っ<br />きっと、彼を手に入れてみせるわ‼<0xdb>やこチ	여기 지배인, 멋있어♥<br />완전 반해 버렸어~<br />반드시, 그를 손에 넣고 말겠어‼<0xdb>やこチ
S2169	2	37	27	実は俺、バイト、クビになってよ。<br />なんか、いいバイトないか？<0xdb00>やこズ	
S2173	2	90	58	ドンちゃん：<br /><speak>パー坊が戻って、本当によかった！<br />もう、何も言うことはないわ！</speak><br /><arrow><speak>でも、強いてあげるとすれば</speak>¨¨<br /><speak>あとは、素敵な彼氏さえいたらなー♥	ドンちゃん：<br /><speak>파이가 돌아와서, 정말 다행이야!<br />이제, 더 바랄 게 없어!</speak><br /><arrow><speak>근데, 굳이 꼽자면</speak>¨¨<br /><speak>이제 멋진 남자친구만 있으면~♥
S2174	2	25	16	効果→ダンジョンの入口に戻る<br /><return_p>やぬざ	효과→던전 입구로 돌아간다<br /><return_p>やぬざ
S2175	2	7	6	やの断やはユ	
S2182	2	43	29	おお、八雲さん‼<br />ぱいを無事、帰して下さって<br />ありがとうございます‼<0xdb00>や	
S2183	2	45	33	これでもう、本当に<br />ぱいは私たちの孫です。<br />本当にありがとうございました。<0xdb>や	
S2184	2	33	22	最近では、裏のお家をのぞく人も<br />見なくなったわ。<0xdb00>や	
S2185	2	49	31	裏の家のお姉ちゃん、<br />とっても優しいんだよ。<br />時々、一緒に遊んでくれるの。<0xdb00>や	
S2186	2	79	56	妻も娘も、私の帰宅前はいつも二人で<br />おしゃべりしとるようだ。<br />年頃も近いし、仲がいいんだな。<br />よかった、よかった。わっはっは。<0xdb>やあゃ	
S2187	2	83	62	なんだかんだ言いながら、あの子も<br />あれでなかなか、可愛い所があるわ。<br />一時はどうなるかと思ったけど<br />母親として、何とかやっていけそう。<0xdb00>やあョ	
S2188	2	68	49	あの人も、思ってたよりは<br />やなヤツじゃないのよね¨¨。<br />少し意地張ってたけど、母親として<br />認めてやってもいっか。<0xdb>やあ	
S2189	2	113	76	あれだけ激しく母娘ゲンカした後で、<br />なんで仲直りできるわけ？<br />俺、女ってのが信じられない¨¨。<br /><arrow>でも、ま。<br />今回一番マヌケだったのは<br />何にも知らずに平和な顔してた<br />親父だよな。<0xdb>やいケ	
S2190	2	75	51	うちの家系は代々優秀で<br />長男も東大に行っておりますの。<br />次は次男のカズオに<br />ガンバってもらわなくてはね。おほほ。<0xdb00>やい０	
S2191	2	60	41	カズオの奴、<br />ずいぶん帰りが遅いなぁ¨¨。<br />もしかしてテストの点が悪くて<br />家に入れないんじゃ¨¨。<0xdb00>やい	
S2192	2	57	41	講華女学院の生徒さんなら<br />うちにもよく来てくれますよ。<br />可愛いおじょうさんがたです。<0xdb00>やうほ	
S2193	2	27	19	立ち読みしないで、ちゃんと買ってね♥<0xdb00>やうぢ	
S2194	2	39	28	講華女学院ならここをまっすぐ<br />北に行った所にあるわよ。<0xdb>やうチ	
S2195	2	57	41	講華のお嬢さんがたは<br />元気で明るくて<br />本当に気持ちがいいおじょうさんばかり<br />ですよ。<0xdb00>やうゥ	
S2196	2	55	37	ここが世田谷よ。<br /><arrow>友達と原宿で遊ぶ約束してたんだけど<br />待っててくれてるかしら。<0xdb>やう×	
S2197	2	89	57	妹の大切な友達が、帰ってきたらしい。<br />三人とも本当に幸せそうでさ。<br />でも、相変わらず言ってるよ。<br />「素敵な彼氏がほぴーっ♥」ってさ。<0xdb>やえん	
S2198	2	46	30	なんか楽しいこと、な～い？<br />女子校なんて、女の子ばっかで<br />タイクツ¨¨。<br />あーっ	
S2199	2	14	10	シゲキが欲しい‼<0xdb00>やえヒ	
S2200	2	33	23	そろそろ帰って、宿題でもした方が<br />いいかなぁ¨¨。<0xdb>やえデ	
S2201	2	47	24	今日こそ‼<br />彼女にラブレター、渡すぞ‼<br />今日こそ‼<br />¨¨¨ううぅ¨¨¨。<0xdb>やえ～	
S2202	2	59	43	この辺りで見かけてた不審な人影って<br />変質者だったんですって‼<br />でも、つかまってよかったわ。<0xdb00>やおく	
S2203	2	59	34	テストで、ぬた赤点取っちった¨¨。<br />母さん¨¨怒るだろーなー¨¨。<br />家¨¨入りづれーなー¨¨。<0xdb00>やおア	
S2204	2	51	36	気持ちのいい天気ですなぁ。<br />こないだまでの、異様な空気が<br />ウソのようですな。<0xdb00>やおザ	
S2205	2	41	29	ぱいちゃん、旅行から帰って来てから<br />また少し、変わったみたい。<0xdb>やお0	
S2206	2	15	8	くぅ～ん、くぅ～ん。<0xdb00>やお，	
S2207	2	73	47	九十九先生は、亡くなったらしい。<br />本当に人形を愛されてて<br />いい人形師だったのに¨¨。<br />おしい方をなくした。<0xdb00>やかこ	
S2208	2	129	91	前に九十九のおじちゃんが言ってたよ。<br />おじちゃんの家族はもう、<br />人形たちだけなんだって。<br /><arrow>おじちゃんは人形に<br />自分の魂を込めて、作るんだって。<br />だから、おじちゃんの作る人形は<br />生きてるみたいなんだって¨¨。<0xdb00>やかヂ	
S2210	2	179	133	[player]：<br /><portrait_00><speak>それじゃあ、お言葉に甘えて・・・</speak></portrait><0xdb00>お泊まりは<br /><E7FD>!?＄になりますが<br />よろしいですか？<0xdb00>それでは、どうぞごゆっくり¨¨。<0xdb00>おはようございます。<br />よく休めましたか？<arrow>くれぐれも孫のぱいを<br />よろしくお願いしますね。<0xdb>くれぐれも孫のぱいを<br />よろしくお願いしますね。<0xdb>こたことこねこふこみこやこりこわこぎこざこぞこでこぶやこぴ	
S2244	2	61	41	はぁー¨¨。恋って切ない¨¨。<br />こんな想いを、いったい誰に<br />相談すればいいのっ？<br />お星さまのバカッ<0xdb00>やあは	하아¨¨. 사랑은 애틋해¨¨<br />이런 마음을, 대체 누구에게<br />상담해야 하는 거야?<br />별님 바보<0xdb00>やあは
S2245	2	39	25	あ～ら、お兄さんたち転校生？<br />¨¨なんてわけ、ないわよねぇ。<0xdb00>やあぼ	어~머, 오빠들 전학생?<br />¨¨그럴 리는, 없겠지<0xdb00>やあぼ
S2246	2	15	11	わしに何か用かね？<0xdb>やあア	나한테 무슨 볼일인가?<0xdb>やあア
S2247	2	43	30	次の試合では、私たちの新しい技を<br />見せてやりましょうね、こずえ‼<0xdb>やあ0	다음 시합에선, 우리의 새 기술을<br />보여 주자, 코즈에‼<0xdb>やあ0
S2248	2	26	16	いやーッ‼<br />先輩、変な男がいるーッ‼<0xdb00>やあ	いやーッ‼<br />선배, 이상한 남자가 있어요‼<0xdb00>やあ
S2249	2	47	30	何だ、お前はッ‼<br />女子更衣室は、神聖なものだ‼<br />のぞくんじゃないッ‼<0xdb>やいせ	뭐야, 넌‼<br />여자 탈의실은 신성한 곳이다‼<br />훔쳐보지 마‼<0xdb>やいせ
S2250	2	45	33	男の人じゃない‼<br />あなた、いい身体してるわね♥<br />モデルになってくれない？<0xdb>やいぺ	남자잖아‼<br />너, 몸 좋은데♥<br />모델 해 주지 않을래?<0xdb>やいぺ
S2251	2	31	21	部外者は、本を借りることは<br />できないわよ。<0xdb00>やいナ	외부인은 책을 빌릴 수<br />없어<0xdb00>やいナ
S2252	2	23	14	何か面白い本、ないかしら¨¨。<0xdb>やいヲ	뭔가 재밌는 책, 없을까¨¨<0xdb>やいヲ
S2253	2	128	84	本、読みたいんだったら<br />これなんかおすすめよ！<br /><arrow>魂を食べられて不老不死になった少女が<br />自分を不死にした妖怪の男の子を探して<br />世界を旅して歩く物語‼<br />剣と魔法のオリエンタル冒険活劇よ♥<0xdb>やう	책 읽고 싶으면<br />이건 어때, 추천이야!<br /><arrow>혼을 먹혀 불로불사가 된 소녀가<br />자신을 불사로 만든 요괴 소년을 찾아<br />세계를 여행하는 이야기‼<br />검과 마법의 오리엔탈 모험활극이야♥<0xdb>やう 
S2254	2	87	60	ぱいちゃん、最近しばらく<br />学校休んでたんだけど<br />また、少し感じが変わったみたい¨¨。<br /><arrow>でも、すっごく生き生きしてて<br />幸せそう。<br />よかったわ。<0xdb00>やうキ	
S2255	2	29	21	困ったわ！<br />宿題のプリント、なくしちゃった！<0xdb>やうユ	큰일이야!<br />숙제 프린트를 잃어버렸어!<0xdb>やうユ
S2256	2	45	28	抜打ちテストは、教師の快感だけど<br />採点するのが、面倒ねぇ¨¨。<0xdb>やうヵ	
S2257	2	66	46	もういいっ‼<br />気にすんのやめた‼<br /><arrow>どーせ、僕たち、けっこんしたんだし！<br />生徒と恋愛して何が悪いってんだよ‼<0xdb00>やう	
S2258	2	67	48	テストの採点が残ってんだけど¨¨。<br />今日は、ちゃっちゃと帰って、ディスコ<br />『マリオネット』に行きたいのよねぇ。<0xdb00>やえわ	시험 채점이 남았는데¨¨<br />오늘은 후딱 돌아가서, 디스코<br />『마리오네트』에 가고 싶단 말이야<0xdb00>やえわ
S2259	2	61	42	綾小路さん、しばらく休学してたけど<br />元気に学校に出て来るようになって<br />本当によかったわ！<0xdb>やえ4	아야노코지 씨, 한동안 휴학했는데<br />건강하게 학교에 나오게 돼서<br />정말 다행이야!<0xdb>やえ4
S2260	2	125	91	こないだ作ったパソコン・ゲーム、<br />バグが出ちゃって、次に進めないの。<br />我ながら頭にくるわ！<br />キーッ‼<0xdb00>やえ温ベイベー、そんなにボクの歌が<br />聞きたいのかい？<br /><arrow>いいとも、いくらでも聞かせてあげる。<br />ラララ～ラ、ラララ～♥<0xdb>やおげ	
S2261	2	115	79	いつものように<br />早く歌ってくれないかしら♥<br />徳永先生の歌って、サイコーなのよッ‼<br />キャ♥<0xdb>ぱいちゃん、しばらく学校を<br />休んでたけど<br />学校に戻って来てから、感じが少し<br />変わったみたい。<0xdb00>やお０	
S2262	2	97	64	先生ってば、また悩んでるのかしら。<br /><arrow>他の人なんて関係ないわよ！<br />誰にも私たちの恋は邪魔させないわ‼<br /><arrow>なんちゃってね、うふふ¨¨。<br />やぁ～ん、照れちゃう♥<0xdb00>やかく	선생님은 또 고민 중이신가<br /><arrow>다른 사람은 상관없어!<br />누구도 우리 사랑을 방해 못 해‼<br /><arrow>뻥이야, 후후¨¨<br />아~앙, 부끄러워♥<0xdb00>やかく
S2263	2	67	42	今はまだ、教頭だが<br />いずれは私が、校長の座に‼<br />校長の生ぬるいやり方では<br />寄付金は集まらん¨¨‼<0xdb>やかぉ	지금은 아직 교감이지만<br />언젠가는 내가, 교장 자리에‼<br />교장의 미지근한 방식으로는<br />기부금은 안 모인다¨¨‼<0xdb>やかぉ
S2265	2	7	6	やの断やはソ	
S2269	2	72	48	どうぞ<br />ほかの物も<br />お返ししましょうか？<0xdb>預かっている品物がありません<0xdb>まヵま２ま６ま0ま4ま8ま(ま，ま；ま▼ま～ま「ま×ま→ま<arrow>ま	자<br />다른 물건도<br />돌려드릴까요?<0xdb>맡아 둔 물건이 없습니다<0xdb>まヵま２ま６ま0ま4ま8ま(ま，ま；ま▼ま～ま「ま×ま→ま<arrow>ま
S2283	2	67	47	はいはい、今行きますよぉ～。<br />こんなさびれた町でも<br />いそがしい人間はいそがしいのよ。<br />生きていくって大変ね¨¨。<0xdb00>ゅ	
S2321	2	7	6	やは断やひみ	
S2352	2	41	30	うちのおじいちゃん<br />あの事件以来、すっかり<br />元気をなくしてるのよ。<0xdb>や	
S2353	2	37	28	ラサへの道ができて<br />わしらの生活も<br />ちったあ安定したわいな。<0xdb>や	라싸로 가는 길이 생겨<br />우리 생활도<br />조금은 안정됐구먼<0xdb>や
S2354	2	23	14	ポカラの人達は<br />今日も元気っ‼<0xdb>や	
S2355	2	78	52	そうか、三只眼は死んじまったか。<br />俺達の研究も止まってしまうか¨¨。<br />でも、謎は謎のままなほうが<br />いいのかも知れないな¨¨。<0xdb00>やあ	
S2356	2	49	35	さあ、聖地のなぞを解明せんがため<br />我々はまたも<br />研究にいそしむのであった‼<0xdb>やあげ	
S2357	2	39	28	私も信心深くすれば、<br />聖地へ行けるようになるでしょうか？<0xdb>やあケ	
S2358	2	25	16	どうだい、旅のほうは。<br />順調かい？<0xdb00>やあモ	
S2359	2	49	34	ロマンチックな水晶宮に<br />またひとつ、悲しい伝説が<br />生まれてしまったわね¨¨。<0xdb>やあ０	
S2360	2	69	50	サティさんが探していた人もまた<br />あの人だったなんて¨¨。<br />不幸なめぐり合わせです。<br />おふたりのために祈りましょう¨¨。<0xdb00>ゅ	
S2361	2	65	40	三只眼とその无の死、<br />このような現実の前には<br />我々の学問探求など<br />何の力もないんだな¨¨。<0xdb>やいで	삼지안과 그 무의 죽음,<br />이런 현실 앞에서는<br />우리의 학문 탐구 따위<br />아무 힘도 없구나¨¨<0xdb>やいで
S2362	2	37	24	あの娘がこの町を訪れた<br />三只眼の无だったのか¨¨。<0xdb00>やいチ	그 소녀가 이 마을을 찾아온<br />삼지안의 무였던 건가¨¨<0xdb00>やいチ
S2363	2	50	39	サティちゃんっていったっけ？<br />あのきれいな娘さんが<br />なくなったそうね。<br />かわいそうに¨¨。<0xdb00>やい	
S2364	2	87	59	サティちゃん、死んじゃったの？<br />この町に来た時、記憶喪失だったけど<br />気の合ういい友達だったのに¨¨。<br />天国では幸せになれるといいね¨¨。<0xdb>やうぶ	
S2365	2	61	41	水晶宮っていうのは<br />本当に神様がいる場所へと続く<br />神聖な場所だったのかも知れないわね。<0xdb00>ゅ	수정궁이라는 건<br />정말로 신이 있는 곳으로 이어진다<br />신성한 곳이었는지도 모르겠네<0xdb00>유
S2366	2	63	41	サティちゃん、死んじゃったんだ¨¨。<br />かわいそうに¨¨。<br />でも、天国で小竜さんと<br />一緒になれるといいね¨¨。<0xdb>ゅ	사티, 죽어 버렸구나¨¨<br />안됐구나¨¨<br />그래도, 천국에서 샤오룽 씨와<br />함께할 수 있으면 좋겠다¨¨<0xdb>유
S2367	2	63	44	え、三ッ目の老人とサティちゃんは<br />死んじゃったの？<br />こうやって悲しい伝説が<br />作られていくのね¨¨。<0xdb00>やえと	어, 세 눈의 노인과 사티는<br />죽어 버린 거야?<br />이렇게 슬픈 전설이<br />만들어져 가는구나¨¨<0xdb00>やえと
S2368	2	101	66	そうか、三只眼様もあの娘さんも<br />死んでしまったのか¨¨。<br /><arrow>悩み、困っている人を救えないとは¨¨<br />わしら人間は<br />こんなにも無力なのか‼<br />わしは、わしは悲しい¨¨。<0xdb00>やえル	
S2369	2	73	47	香港の妖撃社からきた人と<br />憑魔一族の女性が<br />ラサから聖地に向かったそうじゃ。<br />おや、そこの人はあの時の¨¨。<0xdb>ゅ	
S2371	2	7	6	やは鋭やひぶ	
S2372	2	23	17	預かっている品物がありません<0xdb>み＄み<br />み	맡아 둔 물건이 없습니다<0xdb>み＄み<br />み
S2403	2	29	19	砂漠町にゃめずらしい、<br />果物はどうだいっ!?<0xdb00>や	
S2404	2	45	28	ここは、ヴィエヌ。<br />砂漠の旅人が行きかう、リンド共和国の<br />都町だ。<0xdb>や	
S2405	2	71	50	ここ、リンド共和国は広いけど小国で<br />この町ヴィエヌと、もう一つの砂漠町、<br />ビジャリアの二つから成るんだそうだ。<0xdb00>や	
S2406	2	81	60	温うちのお父さんは、商人なんだ！<br />ビジャリアのガルガ様とも親しくて<br />たんだけど、ガルガ様最近来ないんだ。<br />どうしちゃったのかなぁ¨¨。<0xdb>やあぼ	
S2407	2	73	49	昔は、ビジャリアの地方の王族に<br />妖魔と合身する秘術が<br />受け継がれていると聞いていますが¨¨<br />今はどうだか。<0xdb00>やあヂ	
S2408	2	147	108	ここリンド共和国じゃ<br />子供が生まれなくてねぇ¨¨。<br /><arrow>このヴィエヌもそうなんだけど<br />リンドのもう一つの町、ビジャリアでは<br />もっと出生率が低いんだよ。<br /><arrow>中でも旧王族は特に子供が生まれなくて<br />このままでは血が途絶えてしまうという<br />うわさだよ。<0xdb>やいみ	
S2409	2	109	78	この辺じゃ、子供が生まれにくいんだ。<br />それでシヴァ・リンガという性器崇拝が<br />盛んになった。<br /><arrow>しかし、ここよりも更に、ビジャリアは<br />子供が生まれにくいと聞く。<br />気の毒なことだ。<0xdb00>やいデ	
S2410	2	110	78	この地方じゃ、子供がめったに<br />生まれないってのに<br />うちじゃ、三つ児が生まれたんだ‼<br /><arrow>もう、うれしくて仕方がないんだ。<br />この大テーブルを囲って<br />家族そろって食事する日も近いよ。<0xdb00>やい	
S2411	2	49	35	ここの家の主人に、誰でもいいから<br />祝いの宴にきてくれと<br />言われたんだが¨¨。<0xdb>やうぎ	
S2412	2	73	58	一人でも生まれてくれれば<br />ありがたいと思っていたのに三人も‼<br />これも毎日シヴァ・リンガに<br />祈りをあげていたおかげかしら。<0xdb>やうル	
S2413	2	9	6	ばぶー。<0xdb00>やうゲ	응애<0xdb00>やうゲ
S2414	2	9	6	ばぶー。<0xdb00>やうデ	응애<0xdb00>やうデ
S2415	2	9	6	ばぶー。<0xdb00>やうペ	응애<0xdb00>やうペ
S2416	2	39	29	最近じゃビジャリアも、<br />それほど物騒じゃなくなったって話だ。<0xdb>やう「	
S2417	2	111	75	武器が欲しいなら、娘が開いてる露店の<br />方で買っとくれ‼<br />俺の作った武器は、切れ味がいいぜ‼<br /><arrow>ついでに、いすなんかもどうだい？<br />相変わらず道楽で作ってるが<br />腕は上げたぜ！<0xdb>やえぶ	
S2418	2	33	21	日本人が来るなんて、めずらしいねぇ。<br />観光かい？<0xdb00>ゅ	
S2419	2	61	47	ビジャリアを治める、やり手の貿易商の<br />ガルガがなくなったらしい。<br />これからあの村は、どうすんだろうな。<0xdb>やえ２	
S2420	2	27	20	らっしゃい‼<br />好きなだけ飲んでってくんな‼<0xdb>やえ；	
S2421	2	54	44	ここまで来たんだから<br />どうせならビジャリアまで<br />足をのばそうかとも思うんだが<br />ちょっとナァ¨¨。<0xdb>やえ	
S2422	2	109	76	このヴィエヌから北に進んだ所には<br />不思議なほこらがあるそうよ。<br /><arrow>中には魔法陣が一つあるだけで<br />なんでも昔『獣魔』と呼ばれる妖魔を<br />獲得する儀式に使われたらしいわ。<0xdb00>やおノ	
S2423	2	45	33	ビジャリアの貿易商ガルガ様が<br />なくなるなど¨¨わしには未だに<br />信じられん‼<0xdb>ゅ	
S2424	2	7	6	やと温やなざ	
S2425	2	7	6	やね鋭やのん	
S2426	2	7	6	やに温やぬサ	
S2427	2	21	16	預かっている品物がありません<0xdb>み<br />み	맡아 둔 물건이 없습니다<0xdb>み<br />み
S2487	2	61	40	古代から伝えられているという<br />不思議な秘術を見たくて、この村に<br />来たんですが¨¨。<br />あなたは？<0xdb00>や	
S2488	2	55	36	若王のガルガ様が亡くなり、<br />憑魔一族の次期王は、<br />グプター様が継がれたそうです。<0xdb>や	
S2490	2	37	27	最近ではこの村でも、物騒なことは<br />なくなったようじゃ。<0xdb00>やあつ	
S2491	2	39	27	老王様の後は、グプター様が<br />一族の長となられたそうよ。<0xdb>やあぢ	
S2492	2	29	19	どうか、私にも<br />子供をおさずけ下さい¨¨‼<0xdb>やあキ	부디, 저에게도<br />아이를 내려 주소서¨¨‼<0xdb>やあキ
S2493	2	39	29	最近じゃ、ガルガ様が消えたことを<br />口にするやつもいなくなった。<0xdb00>ゅ	
S2494	2	61	45	あんた、観光客かい？<br />ビジャリアなんかに来たって、<br />たいして見るものないだろうに。<br />もの好きだねぇ。<0xdb00>やいぉ	
S2495	2	91	64	鍵屋のユマ：<br />ガルガ様がなくなっても<br />まだ、グプター様がおられる¨¨‼<br /><arrow>老王様もおさびしいだろうが<br />何とか元気に、長生きしていただきたい<br />ものじゃ。<0xdb>やい２	
S2496	2	64	44	商人のサパタ：<br />最近じゃ俺も、ちったぁ真面目に<br />自分の力でやって行こうと<br />がんばっているんだぜ！<0xdb00>やい	
S2497	2	61	45	ガルガ様がなくなったのは<br />お気の毒だけれど、<br />うちの息子には、ちょうどいい<br />薬かもしれませんね¨¨。<0xdb00>やうり	
S2498	2	103	77	ビジャリアでは、祈りのほとんどが<br />子宝を望むことだから、寺院にも<br />シヴァ・リンガしか置いてないのよ。<br /><arrow>僧侶も、何ができるわけでもないので<br />二階に上がって降りてこないわ。<0xdb>やう「	
S2499	2	59	45	あんなに物騒だったこのビジャリアも<br />最近じゃ、めっきり不審な事件も<br />起こらなくなったんだよ。<0xdb>やえば	
S2500	2	42	31	憑魔宮の警備は相変わらずじゃが<br />だいぶ静かに、おだやかになったのう。	
S2504	2	7	6	やに鋭やぬチ	
S2507	2	53	41	やま温いらっしゃいませ。<br />どういった御用でしょう？<return_p>よく来たな。<br />うちはいいもんがそろってるぜ。	
S2509	2	258	142	隠し扉を見つけた！<0xdb00>隠し階段を見つけた！<0xdb00>鍵がかかっている。<0xdb00>宝箱は空っぽだった。<0xdb>特に興味のある内容では<br />ないようだ。<0xdb>見事な掛けじくだ‼<0xdb00>見事な絵画だ‼<0xdb>見事な壁画だ‼<0xdb>ポスターが貼ってある。<br /><arrow>「メガＣＤゲーム・ソフト、<br />『聖魔伝説３×３ＥＹＥＳ』<br />大好評発売中‼」<0xdb00>＄<E7FD>!?見つけた！<0xdb00><E7FC>を、見つけた！<0xdb00>特残メッセージ出力。<0xdb00>特残メッセージ出力。<0xdb00>こえつつむケこえててむケぉむスゅ	숨겨진 문을 찾았다!<0xdb00>숨겨진 계단을 찾았다!<0xdb00>자물쇠가 잠겨 있다.<0xdb00>보물상자는 비었다.<0xdb>딱히 볼 만한 내용은<br />아니다.<0xdb>훌륭한 족자다‼<0xdb00>훌륭한 그림이다‼<0xdb>훌륭한 벽화다‼<0xdb>포스터가 붙어 있다.<br /><arrow>「메가ＣＤ 게임 소프트,<br />『성마전설 ３×３ＥＹＥＳ』<br />대호평 발매중‼」<0xdb00>＄<E7FD>!?찾았다!<0xdb00><E7FC>을(를), 찾았다!<0xdb00>특잔 메시지 출력.<0xdb00>특잔 메시지 출력.<0xdb00>こえつつむケこえててむケぉむスゅ
S2563	2	15	9	ささ、お通り下さい。<0xdb00>や	
S2618	2	61	44	ガルガ様も<br />ここに眼る者達のことを考えれば<br />聖魔様を傷つけることなど<br />できんかったじゃろうに¨¨。<0xdb00>や	
S2619	2	22	17	ささ、お通りください。<0xdb00>かきふあつかきか	자자, 지나가십시오<0xdb00>かきふあつかきか
S2620	2	119	85	聖地ってどんなところなの？<br />なにか新しい情報は<br />入手した？<br />ねえってば¨¨。<0xdb>老王はガルガ様のことを<br />たいそう気にしておられます¨¨。<0xdb00>そうですか、若王は<br />なくなられたのですか¨¨。<0xdb>かきふあデかきかあソやあぢ	
S2621	2	125	90	八雲様、<br />ガルガ様が聖地にいたというのは<br />本当ですかっ？<0xdb00>やはりガルガ様は<br />聖地にいらっしゃいましたか。<br />しかもベナレスといっしょとは¨¨。<0xdb00>そうですか、<br />ガルガ様はふたたび倒れましたか¨¨。<0xdb>かきふいざかきかあ幅あ8	
S2622	2	213	156	ガルガ様が聖地に？<br />ガルガ様は何を考えているのだ。<br />我々憑魔一族の存亡など<br />どうでもいいのか？<0xdb>お願いです八雲様、<br />ガルガ様を目覚めさせて下さい。<br />きっと若王はベナレスに<br />そそのかされているのです‼<0xdb>ガルガ様はなくなりましたか¨¨。<br />しかし、生きて恥をさらすより<br />きちりとカタをつけて死した分だけ<br />王としてはよかったのかも知れません。<0xdb00>かきふうわかきかい「やいデ	
S2623	2	295	195	老王：<br /><speak>ガルガを聖地で見かけたとのこと。<br />あやつ、いまだに聖魔様の<br />不老不死をねらっておるのですか？<0xdb><portrait_05>老王：<br /><speak>ガルガめ、あやついったい<br />何を考えておるのじゃ。</speak><br /><arrow><speak>地下神殿でのあやまちを<br />再びくりかえそうとしておるのならば<br />とめねばならん、一刻も早く‼<0xdb><portrait_05>老王：<br /><speak>そうですか、ガルガは<br />死にましたか</speak>¨¨。<br /><arrow><speak>しかし一族のためには<br />その方がよかったのかも知れぬ。</speak><br /><arrow><speak>八雲どの、そしてグプター。<br />聖魔様をお願いしましたぞ。<br />我が一族のためだけではなく<br />皆のこれからのために</speak>¨¨。<0xdb00>やう8	
S2624	2	68	51	年をめされた老王様の面倒は<br />私どもにおまかせください。<br />皆様の無事を祈っておりますぞ。<0xdb>かきふえぞかきかえりやう	
S2625	2	83	56	ガルガ様が何で<br />聖地にいるのだ？<br />何を考えておられるのだ、若王は。<0xdb>ガルガ様をとめて下さい‼<0xdb00>そうか、ガルガ様は<br />なくなったか¨¨。<0xdb00>やえア	
S2626	2	67	47	我々はここを離れることはできません。<br />我々の分も、聖魔様をよろしく<br />お願いいたします‼<0xdb>かきふえ寒きかえ6やえピ	저희는 이곳을 떠날 수 없습니다<br />저희 몫까지, 성마님을 부탁드립니다<br />お願いいたします‼<0xdb>かきふえ寒きかえ6やえピ
S2627	2	121	87	ガルガ様は聖地にいるんだって？<br />でも、本当かな¨¨。<0xdb>ガルガ様はきっと<br />ベナレスとかいう鬼眼王の无に<br />たぶらかされているのです。<br />そう、あの時と同じように‼<0xdb00>そうですか、ガルガ様は<br />なくなったのですか¨¨。<0xdb>やおた	
S2628	2	77	52	使用人たちの食事を作るのは<br />量が多くて大変だし、<br />老王様のおかゆを作るのは<br />気を使うんだよ。<0xdb00>かきふお，かきかお０やおス	하인들 식사를 만드는 건<br />양이 많아서 힘들고,<br />노왕님의 죽을 만드는 건<br />신경이 쓰인다고<0xdb00>かきふお，かきかお０やおス
S2629	2	158	115	ガルガ様が聖地に？<br />でもガルガ様は地下神殿で倒れたはず。<br />だれかがガルガ様を死のふちから<br />呼び覚ましたのでしょうか？<0xdb>ベナレスがガルガ様を<br />助けたのでしょうか¨¨。<0xdb>ガルガ様もここまでだったか。<br />野心家というのは<br />いつの時代でも短命だな¨¨。<0xdb00>かきふかロかきかかぞやお	
S2630	2	175	126	たぶん、ガルガ様の遺体を<br />地下神殿から持ち出した奴が<br />ガルガ様を操っていた奴よ、きっと。<0xdb>やはりベナレスがガルガ様に<br />入れ知恵していたのね。<br />それにしても聖魔様の命をねらうなんて<br />ベナレスもガルガ様も¨¨。<0xdb>ベナレスの口先にのった<br />ガルガ様もガルガ様だけど、<br />ベナレスも許せない奴ね‼<0xdb00>やか８	
S2631	2	112	75	私も、八雲殿やグプター様に継ぐような<br />りっぱな戦士になりたいと思います‼<0xdb>やか<portrait_00>我ら一族の危機を、お救い下さるとは<br />やはり、三只眼吽迦羅は聖魔様で<br />ございました‼<0xdb>かきふき	저도 야쿠모 님이나 굽타 님에 버금가는<br />훌륭한 전사가 되고 싶습니다‼<0xdb>やか<portrait_00>저희 일족의 위기를 구해 주시다니<br />역시, 삼지안 훔가라는 성마님이<br />ございました‼<0xdb>かきふき
S2632	2	299	205	ここだけの話だけど、老大臣エナク様の<br />一人娘で、憑魔一の女戦士と歌われる<br />アルマリック・グプター様も<br /><arrow>本当は若王ガルガ様のことが、<br />お好きだったのよ。<br />女心って複雑よね¨¨。<br />おおっと、しゃべりすぎたわね¨¨。<0xdb00>グプター様も再び聖地で<br />ガルガ様とあいまみえることに<br />なるとは心中複雑でしょうね¨¨。<br /><arrow>おおっと、おしゃべりが<br />すぎたわね¨¨。<0xdb00>ガルガ様も一族の者の手にかかって<br />死んだのなら本望かも知れません。<br />しかしそれがグプター様となれば¨¨<br />グプター様も心中複雑でしょうね¨¨。<0xdb>やくウ	
S2633	2	71	48	私は信じます！<br />いつかきっと、我ら一族の女たちが<br />安心して無事子供を産めるように<br />なる日が来ることを¨‼<0xdb>やくゥ	
S2634	2	41	27	三只眼様は、まこと我らの聖魔様です‼<0xdb00>かきふけふかきかく×やく！	
S2635	2	327	214	ガルガ様が聖地に!?<0xdb00>ガルガ様もなぜにそこまで<br />聖魔様の不老不死を欲するのか。<br />それも私利私欲のために¨¨。<br />一族の恥さらしめ¨¨。<0xdb>裏切り者には死あるのみだ‼<br />うっ、すまぬ¨¨<br />グプターがいっしょだったのだな¨¨。<0xdb>かきふけ，やけアガルガ様は我が一族の若王。<br />しかし、我々の未来まで<br />うばうことはできません。<br /><arrow>もし、若王が生きているのならば<br />どうぞ聖魔様、そして八雲様、<br />彼を正しき道にお導き下さい。<0xdb>若王はなくなりましたか¨¨。<br />裏切り者とはいえ<br />一族の代表者だった男。<br />冥福を祈りましょう¨¨。<0xdb00>かきふこゲかきかこばやこせ	
S2636	2	157	115	ガルガ様を聖地で見かけたって!?<br />ねえ、聖地にはどうやって行くの？<br />教えてよ‼<0xdb00>ガルガ様は聖地にいるんでしょ？<br />だったら、私と会わせてよ。<br />私のビボーにくらべたら<br />不老不死なんてゴミみたいなものよ‼<0xdb>ちくしょう、グプター‼<br />ガルガ様を返してよっ‼<0xdb>かきふさぼかきかさしやこ６	
S2637	2	227	148	若王が聖地にいるとのこと。<br />もしそれが本当ならば<br />彼を止めなくてはなりません。<br /><arrow>彼が再びあやまった行いに<br />はしる前に¨¨。<br />我が一族のほこりにかけても¨¨。<0xdb00>グプター¨¨。<br />我々のかわりに聖魔様を守ってくれ。<br />そして若王を改心させてくれ¨¨。<0xdb00>ガルガは死んだか¨¨。<br />グプター、気に病むな。<br />仕方なかったんだ¨¨<br /><arrow>すまん、<br />なぐさめる言葉もなくて¨¨。<0xdb00>かきふしんかきかさ<arrow>やさバ	
S2638	2	193	135	聞くところによれば<br />鬼眼王の无、ベナレスは<br />獣魔と呼ばれる精気を食らうけものを<br />操る術を発明した張本人だそうだ。<0xdb00>若王は三只眼像との合身には失敗したが<br />ベナレスといっしょとあれば<br />強大な力を手にいれたかも知れない。<br />気をつけたほうがいいよ¨¨。<0xdb>そうか、ガルガ様は<br />なくなったか¨¨。<0xdb00>かきふし，かきかしルやしア	
S2639	2	121	81	ガルガが聖地に現れた？<br />むむう、あやつ<br />何を考えておるのじゃ¨¨。<0xdb00>ガルガを死のふちから呼び戻し<br />不老不死をねらうベナレス。<br />そして鬼眼王の无となれば<br />打つ手があるのだろうか¨¨。<0xdb>グプター¨¨。<0xdb>やし～	
S2640	2	46	32	聖魔様が、我ら一族を<br />お救い下さいますように¨‼<0xdb00>かきふすスかきかすりやし	
S2641	2	119	87	ガルガ様が聖地にいる!?<br />また、悪いたくらみなど<br />考えていなければいいが¨¨。<0xdb>ガルガ様はやはり聖地にいたんですね。<br />しかし、ガルガ様は<br />いったい何を考えているのでしょう？<0xdb00>ガルガ様はなくなったのか¨¨。<0xdb00>やすモ	
S2642	2	53	36	我が一族の存亡は<br />聖魔様にかかっております。<br />八雲さん、よろしくお願いしますね。<0xdb>ゅ	
S2643	2	7	6	やて温やとと	
S2645	2	7	6	やめ断やもチ	
S2685	2	35	23	ダヌパァの民はたそがれの民¨¨。<br />我らが村にようこそ¨¨。<0xdb>や	
S2686	2	71	52	そうですか。サージくんは¨¨<br />ボクに、出来ることはなんでしょう？<br />彼のように、他人のために生きることが<br />出来るでしょうか？<0xdb>や	
S2687	2	13	10	ねぇねぇサージはぁ？<0xdb00>や	
S2688	2	55	37	くそう。俺に守り人の力があれば¨¨<br />なぜ、あんな子供が死なねばならん？<br />なぁ、教えてくれ！<0xdb>ゅ	
S2689	2	55	34	温私たちは、季節によって村の場所を<br />変えます。<br />食料のある場所によって¨¨。<0xdb00>やあり	
S2690	2	51	33	お気をつけて¨¨サージの魂が<br />大地に祝福されるよう<br />祈るとしましょう¨¨¨¨¨。<0xdb>やあサ	
S2691	2	67	45	私たちには¨¨もう<br />祈ることしか出来ません。<br />妖魔の力は強大すぎて、戦うことも<br />不可能なのですから。<0xdb>やあャ	
S2692	2	39	29	あのときワシが止めていれば¨¨。<br />こんなことにならなかったのに¨¨。<0xdb>やあ▼	
S2693	2	67	45	サージが¨¨なんてこと¨¨<br />すいません¨¨もうしわけないですが<br />帰って下さい¨¨。気持ちの整理が<br />できるまで¨¨。<0xdb>やいし	
S2696	2	7	6	やと鋭やなケ	
S2712	2	19	12	昆明はいい所だろ？<0xdb00>どうだい？	
S2784	2	121	77	こんにちわ！<br />中国雲南省、昆明市にようこそ。<arrow><br />ここはすごくすごしやすいのよ。<br /><arrow>気温が、真夏で２０度、冬でも１０度<br />ぐらいまでにしか下がらないの。<br />コートのいらない、<br />「常春の都」と呼ばれてるわ。<0xdb>や	
S2785	2	43	28	このあたりは、三国志で孔明軍が<br />南下した際の戦場だったんだ。<0xdb>ゅ	
S2786	2	73	49	温昆明はこれでも、省の中心、<br />省都なんだぜ。<br />そりゃ魔物のせいで昔よりも¨¨¨¨<br />かなり、さびしくなっちゃったけど。<0xdb>やあぢ	
S2787	2	79	52	水のせせらぐ音を聞いていると¨¨¨<arrow><br />何千年も前に生きていた人々へ<br />思いを、はせてしまいます。<br />中国とはそういう所です。<0xdb00>やあゾ	
S2788	2	48	33	それなら、周の店だな。<br />あそこはなぁ¨¨<br />ブキミな物しかあつかってないから。<br /><arrow>場所？	
S2789	2	25	19	町のはずれだよ、はずれ。<br />すぐわかるって。<0xdb>やあ	
S2790	2	53	41	あらあらあら、やーねぇやーねぇ。<br />あたしはけっして<br />怪しい者じゃないのよ<br />本当だってば。<0xdb00>やいと	
S2791	2	55	37	この辺は倉庫街だから、<br />人通りが少ないのよねぇ。<br />夜の一人歩きはちょっち怖いかな。<0xdb>ゅ	
S2792	2	113	84	ボクこの前、魔物に襲われそうに<br />なったんだけど、知らないお兄ちゃんに<br />助けてもらったんだ。<br /><arrow>そのお兄ちゃん、スッゴク強かったよ。<br />妖魔は呪文でバタバタ倒れていくんだ！<br />かっこよかったしね。<0xdb>やい！	
S2793	2	55	45	そういえば¨¨トレジャーハンターの<br />なんとかっていうヤツも、<br />あなたたちと同じ物を捜してたわよ。<0xdb>やうか	
S2794	2	83	52	私は旅をしながら我が神の教えを<br />説いているのですが¨¨¨。<br />最近流行のインチキ新興宗教のせいで<br />僧侶の信用が落ちてて¨¨。<0xdb00>ゅ	
S2795	2	51	36	がんばってくれ。頼む。おまえさん<br />たちの戦っている闇は、<br />あまりに強大すぎる¨¨¨。<0xdb>やうョ	
S2797	2	88	62	俺、留守番なんだぁ。あっ留守番っても<br />あれだよ、副番とか画板とか<br />ババンババンバンバンとは関係ないよ。<br />似てるけどね。兄ちゃんもわかるだろ？<0xdb00>し	
S2799	2	30	17	効果→少しの間、敵と出会わなくなる<br /><return_p>やた８	효과→잠시 적을 만나지 않게 된다<br /><return_p>やた８
S2801	2	7	6	やに断やぬソ	
S2803	2	319	168	八雲：<br /><speak>ふう¨あったぁ。このビンが、<br />醜猫鬼の爪？</speak></portrait><br /><arrow><portrait_03>紅娘：<br /><speak>ガウ！<0xdb00>隠し扉を見つけた！<0xdb00>隠し階段を見つけた！<0xdb00>鍵がかかっている。<0xdb00>宝箱は空っぽだった。<0xdb>特に興味のある内容では<br />ないようだ。<0xdb>見事な掛けじくだ‼<0xdb00>見事な絵画だ‼<0xdb>見事な壁画だ‼<0xdb>ポスターが貼ってある。<br /><arrow>「メガＣＤゲーム・ソフト、<br />『聖魔伝説３×３ＥＹＥＳ』<br />大好評発売中‼」<0xdb00>＄<E7FD>!?見つけた！<0xdb00><E7FC>を、見つけた！<0xdb00>[player]は足もとを調べた。<br />しかし何も見つからなかった。<0xdb00>こおりてみ（いおつめくおなやむ→<portrait_00>八雲：<br /><speak>ん？	
S2923	2	25	21	もういっちょ¨¨<br />も・う・い・っ・ち・ょ・いくぅ？	
S2973	2	77	53	きびしい使役を命じられ<br />今度は結界に精気を吸い取られ、<br />死んでいかなくてはならないなんて<br />なんて悲しい一生なんだ¨¨。<0xdb00>や	
S2974	2	77	54	快楽の都が一瞬にして<br />どん底の世界に変わっちまった。<br />ベナレス様は何を考えているのだ。<br />我々のことなどどうでもいいのか？<0xdb00>や	
S2975	2	75	49	鬼眼王様の不老不死の力を<br />ベナレス様は本当に私達に<br />与えてくださるつもりなのか？<br />しかし、この仕打ちは¨¨。<0xdb>やあず	
S2976	2	93	69	ベナレスの究極結界を破る<br />破結符という物があったそうだ。<br /><arrow>誰が開発したのかはわからないが<br />ベナレスによっぽどの<br />恨みを持つ者が作ったのだろうな。<0xdb>やあボ	
S2977	2	80	54	これは試練よ。<br />私達が鬼眼王様の不老不死の力を<br />与えてもらうのにふさわしい者なのか<br />ベナレス様は試しているのだわ¨¨。<0xdb00>やあ	
S2978	2	69	47	私の仕えていた御主人様は<br />結界に力を吸いつくされて<br />死んでしまいました。<br />これで私も自由の身です。<0xdb00>やいわ	
S2979	2	225	156	新鬼眼城の２階には<br />強制的に移動させられてしまう<br />床があるそうだ。<br /><arrow>床の模様をよく見れば、<br />先に進むことはできるというが¨¨。<br /><arrow>また、４階には石像が立ち並び、<br />その前に立つと別の石像のところに<br />瞬間移動させられてしまうそうだ。<br /><arrow>そこを通らねば鬼眼王の眼る場所には<br />たどりつけないそうだが、<br />おそろしく入り組んでいて<br />ひとすじなわではいかないという話だ。<0xdb00>やうせ	
S2980	2	236	156	力が抜けてく¨¨<br />それでも働かなくっちゃ¨¨<br />ならないんだ¨¨。<0xdb>かきにう2やうぢ結界がはられる直前、<br />ベナレス直属の迅鬼様が<br />新鬼眼城へ向かわれました。<br /><arrow>でも、迅鬼様は<br />ベナレス様より捕えよとの命が<br />出ているのを知っていたはず¨¨。<br />なのに何故、あえて鬼眼城へ!?<0xdb>そうですか、迅鬼様は<br />なくなられたのですか。<br /><arrow>でも、聖魔様の力にふれ<br />幸福に死んでいったのかも<br />知れませんね¨¨。<0xdb>やう	
S2981	2	77	56	ベナレス様は６つの壺を使って<br />ここに結界をはっていたのですね。<br />しかしその壺がここに住む者の力をも<br />吸い取っていたなんて¨¨。<0xdb00>ゅ	
S2982	2	101	66	新鬼眼城へと続く瞬間移動のレリーフは<br />結界がはられたときに壊れてしまった。<br />新鬼眼城に行くには、旧鬼眼城の<br />長い回廊を使って行くしかないな。<0xdb00>やえ8	
S2983	2	64	46	結界のせいで<br />わしの力は吸い取られてしまった。<br />たのむ、助けてくれ‼<br />金でも何でも欲しいだけやるから¨¨<0xdb>やえ	
S2984	2	91	62	ベナレスの直下になった憑魔一族の男は<br />結界がはられるちょっと前、<br />三只眼を捕らえに城から出てったわ。<br />もしかしてその娘、三只眼なの？<0xdb00>やおオ	
S2985	2	142	93	３００年前の戦いで<br />旧鬼眼城はその回廊部分を残して<br />そのほとんどが破壊されてしまった。<br /><arrow>しかし、回廊部分は昔から<br />迷路のように入り組んでいたから<br />新鬼眼城へ向かう侵入者よけとして<br />今でも機能しているらしい。<0xdb00>やお	
S2986	2	235	157	３００年前の戦いで<br />旧鬼眼城はその回廊部分を残して<br />そのほとんどが破壊されてしまった。<br /><arrow>しかし、回廊部分は昔から<br />迷路のように入り組んでいたのに、<br />それがぶっ壊れたんだから大変だ。<br /><arrow>調査に行った奴の話では<br />北西の壁が大きく崩れていて<br />道はめちゃめちゃだそうだ。<br /><arrow>なんでもその３階の裂け目から<br />一度下に落ちないと<br />新鬼眼城には<br />たどり着けないという話だが。<0xdb00>やか『	
S2987	2	219	152	ベナレス様は自分自身だけを防御する<br />究極結界の術を持っているというわ。<br /><arrow>その結界を破る破結符という術が<br />ある魔導士によって<br />開発されたらしいけど、<br /><arrow>その魔導士はベナレスに殺され、<br />住んでいた村もベナレス様の<br />術の実験で滅ぼされたらしいわ。<br /><arrow>まあ、その村の生き残りでもいなければ<br />ベナレス様を簡単に倒すことなんて<br />できないでしょうね¨¨。<0xdb00>やき８	
S2988	2	109	74	新鬼眼城はベナレスの強力な力で<br />破壊をまぬがれたが<br />この町も旧鬼眼城もめちゃくちゃだ。<br /><arrow>ベナレスめ、<br />鬼眼王と自分のこと以外は<br />黙殺しようというのか¨¨？<0xdb>ぉくれらきとト	
S2989	2	137	91	ベナレス様以外の者が<br />新鬼眼城の王塔に上がるためには<br />三只眼にまつわる道具を持った上で<br /><arrow>双子の塔、それぞれの最上階にある<br />大水晶に触れ、王塔の扉の封印を<br />解かねばならんのだ。<0xdb00>かきにけャかきとけくやく4	
S2990	2	315	208	鬼眼城へ通じる階段も<br />瞬間移動のレリーフへ向かう階段も<br />結界が張られて壊れてしまいました。<br />現在、急いで修理しています。<0xdb00>旧鬼眼城への階段は修復できました。<br />そういえば、先ほどお仲間も旧鬼眼城へ<br />向かわれたようですが¨¨。<br /><arrow>瞬間移動のレリーフへ向かう階段も<br />現在修復中です。<br />もうすぐ直ると思いますが、とりあえず<br />旧鬼眼城への階段を使って下さい。<0xdb>瞬間移動のレリーフへ向かう階段も<br />やっと修復できました。<br />これで新鬼眼城への行き来も<br />楽になることでしょう。<0xdb00>かきのこみやけ	
S2991	2	135	96	新鬼眼城の王塔には<br />侵入者よけの恐ろしい罠が<br />しかれていると聞きます。<0xdb>皆さんのお仲間がここに立ち寄ってから<br />鬼眼城へと向われましたけど、<br />見たことのない牛乳ビンの底みたいな<br />眼鏡をかけたおっさんもいたなあ¨¨。<0xdb>ゅ	
S2992	2	73	51	ここの宿屋の主は<br />結界に力を吸い取られ死んだ。<br />だからわしが新しい主になった。<br />この世は金と力がすべてなのだ‼<0xdb>やこ―	
S2993	2	71	52	ベナレス様は何のお達しもなく<br />この鬼眼城に結界をはられました。<br />そのおかげで多くの者が<br />傷つき倒れたのです。<0xdb00>やさつ	
S2994	2	75	49	結界内に閉じ込められた我々は<br />日毎、精気を結界に吸い取られ<br />いつ死んでしまうのかと<br />おびえていたのです¨¨。<0xdb00>やさス	
S2995	2	128	93	燐鬼：<br /><speak>あんたたち、助けてよっ‼</speak><br /><arrow><speak>ベナレスとかいう奴がはった結界で<br />たくさんの者が死んだわ。</speak><br /><arrow><speak>そしたら突然、私達をつかまえて<br />やつらの代わりにこのあたしを<br />ドレイにするっていうのよ‼<br />いったいどうなってんのっ‼<0xdb>やさ	
S2996	2	49	33	愚呂鬼：<br />せっかくいい暮しが<br />できると思ってたのに¨¨。<br />なあ、助けてくれっ‼<0xdb>やしと	
S2997	2	62	38	輪留鬼：<br />姉御がよく言ってたっけ。<br />『うまい話にゃ裏がある』って。<br />ちぇっ、俺達もここまでか¨¨。<0xdb00>し	
S3002	2	7	6	やも温ややぢ	やも温ややぢ
S3041	2	406	286	ル『聖魔の杖』は武器としても<br />相当な効果があるそうですよ。<0xdb>聖魔様‼<br />マドゥライ様をとめてください‼<0xdb00>マドゥライ様はなくなりましたか¨¨。<0xdb>ベナレスは鬼眼王の持つ<br />強大な権力をにぎっているから<br />この地に君臨することが<br />できるのではないだろうか？<0xdb>かきとあ・かきこあ6かきかあォやあみ反乱分子が集まった村だから<br />いつ何時<br />ベナレスに襲われても不思議はない。<br /><arrow>これまでも襲われることを考えて<br />ビクビクしてきたが、<br />これで鬼眼王が復活したら¨¨。<br />でも、鬼眼王は本当に悪い奴なのか？<0xdb00>マドゥライ様のところに<br />お急ぎください‼<0xdb00>マドゥライ様¨¨。<0xdb00>暴力と殺りくが聖なる力だとは<br />とうてい思えません。<br />そんな考え方を鬼眼王にうえつけたのは<br />ベナレス以外に考えられません‼<0xdb00>ゅ	
S3042	2	157	98	かきかいピやいげ<portrait_05>マドゥライ：<br /><speak>それは『聖魔の杖』。<br />聖魔様のお母様、３世も使われた物。</speak><br /><arrow><speak>懐かしゅうございます</speak>¨¨。<br /><speak>それを聖魔様が<br />引き継がれたわけですね</speak>¨¨。<0xdb00><portrait_05>マドゥライ：<br /><speak>なにもおっしゃいますな</speak>¨¨。<0xdb>かきてえざかきさう！かきこう６かきかうぺやい▼	
S3043	2	629	420	鬼眼城の結界は城の回りに配された<br />６つの結界司番所から発せられる<br />霊力によって張られている。<br /><arrow>番所には内側より鍵がかけられ<br />六将と呼ばれている結界司が<br />それぞれ壺を守護しているという。<0xdb00>聖魔様、どうかマドゥライ様を<br />とめてください！<br /><arrow>マドゥライ様は自分の持てる力を<br />すべて使って聖魔様方のために<br />結界司番所の扉を開けると<br />言い出したのです‼<0xdb>マドゥライ様、<br />立派な最後でしたぞ¨¨。<0xdb>マドゥライ様が残された玉で<br />六将が守る番所の入口は<br />開くことでしょう。<br /><arrow>六将を倒し、鬼眼王に会い<br />真実を確かめるのです。<br />がんばってください、<br />マドゥライ様の分まで¨¨。<0xdb>ベナレスの忠誠心は理解できる。<br />しかし奴は闇の大魔導師と<br />呼ばれた男¨¨。<br /><arrow>素晴らしい方だったシヴァ様が<br />暴力に酔いしれるようになったのも<br />ベナレスが无になってから¨¨。<br /><arrow>奴は鬼眼王の力を利用し、<br />森羅万象、その全てを<br />ひれ伏させる権力を手中にした¨¨。<br /><arrow>そう、思えて仕方がないのです。<br />聖魔様が鬼眼王に会って真実を知る、<br />そのためにも<br />ベナレスを倒さねばならないのです。<0xdb>かきてお<speak>かきさおデかきこおギかきかおマやおば	
S3044	2	273	210	聖魔様も八雲様も<br />一段とお強くなられたご様子。<br />私もうれしゅうございます。<0xdb>マドゥライ様をおとめくだされ‼<0xdb00>マドゥライ様¨¨。<0xdb00>マドゥライ様はなくなられたが<br />わしらは強く生きていかねばならん。<br /><arrow>それが今までわしらを導いてくださった<br />マドゥライ様への<br />わしらにできる恩返しじゃ。<0xdb>たとえ人化の法のことがわかっても<br />その後にはつらく苦しいことが<br />待っているのでは¨¨。<br />聖魔様、がんばってください¨¨。<0xdb>かきてきサかきさきみかきこきいこきかつかぉばかルきくこきくさききちきけあやかょ	
S3045	2	1107	756	『聖魔の杖』を使って<br />この地に点在する昆侖は<br />まわられましたか？<0xdb>マドゥライ様は<br />術者としての力を抜かれた身。<br />闇の大魔導師と呼ばれたベナレスが<br /><arrow>无を封じるほどの力を秘めた壺を使って<br />張った結界の動力を発する結界司番所の<br />扉を開ける術など唱えたら<br />死んでしまいます‼<0xdb>村の者が聞いたら<br />さぞかし悲しむでしょうな¨¨。<0xdb00>私達はマドゥライ様を信じて<br />生きてきました。<br />こうして聖魔様にも会えたのですから<br />本望です¨¨。<0xdb>聖魔様の母君の无、マドゥライは<br />その役目を十分に果たしたと信じます。<br />八雲様も聖魔様をお守り下さい。<br /><arrow>いや、おふたりを見ていると<br />三只眼と无という関係すら<br />うすれて見えます¨¨。<br /><arrow>さあ、鬼眼王のもとへ。<br />そこにはおふたりの、そして鬼眼王の<br />真実があるはずです¨¨。<0xdb00>かきにこしかきてけせかきさく×かきこくヵかきかくスやくや聖地に住む者の中にも<br />聖魔様の力をつけ狙う者が<br />たくさんおります。<br />どうぞ、お気をつけて。<0xdb>マドゥライ様は何を考えているのだ‼<br />聖魔様、やめろとおっしゃって下さい‼<br />そうでもしなければ<br />マドゥライ様が¨¨¨¨¨¨。<0xdb>マドゥライ様がその命にかえて<br />霊力を込めた宝です。<br />どうぞお持ちください¨¨。<0xdb00>聖魔様、マドゥライ様が命をかけて<br />捧げしその玉を持って<br />結界司番所へお向かいください。<0xdb>鬼眼城で聖魔様の代わりに捕らえられた<br />女性は迅鬼ではないのでしょうか？<br />奴は確かベナレスの配下だった。<br /><arrow>聖魔様を復活後の鬼眼王に捧げるため<br />人間界につかわされたはず¨¨。<br /><arrow>しかし、かわいそうな奴、<br />隸属させられるために生きている<br />そんな部族の生き残り¨¨。<br /><arrow>奴の村はベナレスの獣魔術の実験で<br />全滅したという。<br />その生き残りの迅鬼がベナレスに仕え<br />今度は聖魔様に味方するとは一体!?<0xdb00>そうですか、迅鬼は死にましたか。<br />しかし、あやつも聖魔様の、いや人間の<br />聖なる力にふれることができたのです。<br /><arrow>不老不死を手に入れるよりも<br />ずっとすばらしいものを、一瞬だけでも<br />感じることができたのです。<br />安らかな眼りにつくことでしょう。<0xdb00>かきてさつかきかこ	
S3046	2	193	138	八雲様も少しづつ<br />お強くなられているようで。<br />聖魔様の无としての格が<br />出てきましたな。<0xdb00>マドゥライ様がいなくなったら<br />我々は誰を信じて<br />この地で生きていけばいいというのだ？<0xdb>新しくベナレスの配下になった<br />憑魔一族の男は<br />結界がとけるとすぐ<br />新鬼眼城へ戻ったそうですよ。<0xdb00>かきてし，かきさしぼかきかさＧきあさ、やさノ	
S3047	2	516	358	獣魔窟という洞窟をご存じですかな？<br />昔、ベナレスが獣魔術を生み出した<br />気味の悪いところですじゃ。<br />まあ、今は封印されていますがな。<0xdb>解けるはずのない獣魔窟の封印を<br />解いてしまわれたのですか？<br />すごい方々じゃ¨¨。<0xdb>聖魔様、マドゥライ様は<br />結界司番所の扉を開けるつもりじゃ！<br />しかし術者の力を失ったマドゥライ様が<br />強力な霊力を使ったら‼<0xdb>わしらは鬼眼王の復活がかなわぬよう<br />願い続けてきた¨¨。<br />聖魔様が鬼眼王とお会いになって<br /><arrow>聖なる力を証明することが<br />救われる道だという気がしますじゃ。<br />マドゥライ様もそれを<br />望まれていたのじゃろう¨¨。<0xdb>ベナレスに直接壺を使っても<br />奴を封じることはできないでしょう。<br /><arrow>マドゥライ様が前鬼眼王の无を<br />封じる時もそうでしたが、まず<br />敵をうち負かさなくてはなりません。<br /><arrow>その後、壺を使うのです。<br />つまり、聖魔様方に<br />ベナレスを倒せるだけの力がなければ<br />奴を封じることはできないのです¨¨。<0xdb00>かきてす	
S3048	2	218	159	かきこす・かきかす0やすロベナレスが聖魔様を<br />やすやすと鬼眼王に会わせるとは<br />思えません。<br />ご注意めされよ。<0xdb>マドゥライ様をとめて下さい‼<0xdb00>マドゥライ様の代わりに<br />わしのような老いぼれが<br />死ねばよかったんじゃ¨¨。<0xdb>ベナレスは本当に鬼眼王の<br />忠実なしもべなのでしょうか？<br />時々思うのです。利用されているのは<br />実は鬼眼王なのではないかと¨¨。<0xdb00>かきこせゾかきかせラやせぅ	
S3049	2	149	112	鬼眼王に会うには<br />まだまだ長い時間がかかるでしょう。<br />どうぞお気をつけて。<0xdb>急いでマドゥライ様のもとへ‼<0xdb00>鬼眼王に会うには<br />まだまだ長い時間がかかるでしょう。<br />どうぞお気をつけて。<br />マドゥライ様の死をむだにせぬよう¨¨<0xdb00>かきてそペかきさそケかきかそにやせ	
S3050	2	264	189	ベナレスがつくりだした獣魔の中で<br />いまだに目覚めぬ獣魔の卵が<br />存在すると聞きます。<0xdb00>ベナレスすら<br />目覚めさせることのできなかった獣魔を<br />我が物にしてしまうとは¨¨。<br />八雲殿もたくましくなられましたな。<0xdb>お強くなられた皆さんのことを<br />マドゥライ様はどこかで<br />見守っておられるはず¨¨。<br />さあ、結界司番所へ‼<0xdb>結界司番所にあった六つの壺こそ<br />无を封じることができる壺。<br />さあ、ベナレスを封じ、<br />鬼眼王と会うのです‼<0xdb>かきさたゾかきかたぢやそ	
S3051	2	252	167	鬼眼王やベナレスの行いを許さず、<br />３００年前の戦いの時にも<br />聖魔様の聖なる力を支持し<br />対抗した者が集う村がここだ。<0xdb00>マドゥライ様はご自分の命をけずって<br />我々が生きていくために<br />持てる力を使ってくださる。<br />しかし、必要以上の力を出したら¨¨。<0xdb00>この村は我々が守っていきます。<br />聖魔様が聖なる力をもって<br />平和で愛にあふれた世界を<br />実現されるまで¨¨。<0xdb00>かきてち０かきこちチかきかちょかきあちぞやた	
S3052	2	269	203	ベナレスの使っていた獣魔窟を<br />封印したのはピトリの民だそうです。<br />しかし、恐ろしく昔の話ですから<br />その者は生きてはいないでしょうな。<0xdb00>獣魔窟の封印をといてしまうとは¨¨。<0xdb>マドゥライ様をとめてください‼<0xdb00>マドゥライ様がいなくなったから<br />この村が滅びてしまったなんて<br />言われるのはみっともないでしょ？<br />だからボク達、がんばります‼<0xdb>結界司番所の壺を使えば<br />ベナレスを封じることが<br />できるはずです。<br />八雲様、がんばってください‼<0xdb00>かきにつ(かきさつゲかきかつばやち窟	
S3053	2	709	497	眼王は聖魔石に封じられた。<br />が、ベナレスは石から鬼眼王を抜き出し<br />新鬼眼城のどこかで<br />守護しているらしい。<0xdb>マドゥライ様は自分の命を捨ててでも<br />聖魔様を鬼眼王に会わせるつもりです。<br />でも、それではあまりに<br />救われません‼<0xdb>そういえば鬼眼城で<br />聖魔様のかわりに<br />ベナレスに捕らえられた女性は<br />どうなったのでしょうか？<0xdb>ベナレスに捕らえられていた女性は<br />妖魔だったのですね¨¨。<br /><arrow>しかし、死した後<br />尻尾が消え、その額からは角も消え<br />その姿は人間のようだったといいます。<br /><arrow>それもこれも<br />人間の聖なる力、<br />他者を思い、愛するといった感情の<br />なせるわざなのでしょうか¨¨。<0xdb>かきにとしかきさて(かきかて０やてナううむ、鬼眼王の復活は近いと<br />ベナレスが聖魔様に<br />いったのですか¨¨。<br />また、いやな時代が訪れる¨¨。<0xdb>マドゥライ様のもとに<br />お急ぎください‼<0xdb>新鬼眼城で結界がはられた時に<br />結界の中に閉じ込められた女性は<br />どうなったのでしょう？<br />ベナレスと一緒だというのが不安です。<0xdb>聖魔様をかばって<br />ベナレスに捕まったのは<br />やはり迅鬼でしたか。<br /><arrow>しかし彼女も聖魔様や八雲様の<br />聖なる力にふれ、<br />いつからか聖魔様方のことを思うように<br /><arrow>なったのでしょう。<br />自分に素直になれなかったのでしょうが<br />彼女は本当に幸せだったのかも<br />知れませんね¨¨。<0xdb>かきこなはかきかなくやと(	
S3054	2	183	120	鬼眼王が目覚め、<br />より一層の悪しき時代が訪れぬよう<br />どうか聖魔様、真の聖なる力をもって<br />我々をお導き下さい。<0xdb>マドゥライ様をとめてください‼<0xdb00>鬼眼王が目覚め、<br />より一層の悪しき時代が訪れぬよう<br />どうか聖魔様、真の聖なる力をもって<br />我々をお導き下さい。<0xdb>かきこにこかきかな(やなモ	
S3055	2	521	345	時は満ちはじめている¨¨<br />私が知りうる人化の法について<br />話す日も近づいておりますじゃ。<br />しかし、不安でなりませぬ¨¨。<0xdb>マドゥライ様は聖魔様のために<br />自分の命を捨てようとしておられる。<br />しかし、マドゥライ様が死んだら<br />この村の民は生きていけんぞ‼<0xdb00>人化の法について<br />お話する時が来たようですな¨¨。<br /><arrow>三只眼一族は代々、人間の像を使い、<br />他の三只眼ふたりの力を吸い取り<br />三只眼としての力を保ってきました。<br /><arrow>力を抜き取られた者は人間となり、<br />天命を全うすることになるのです。<br /><arrow>鬼眼王は三只眼の中でもすぐれた者の<br />力をその体に取り込んで<br />強大な力を得てきたのです。<br /><arrow>聖魔様がもう一人の三只眼と共に<br />鬼眼王と人化の法を行えば<br />聖魔様も人間になることができます。<br /><arrow>しかし、鬼眼王はまた一度<br />強大な力を手中にし、その聖なる力、<br />つまり暴力と殺りくを唱えるやも<br />知れないのです¨¨。<0xdb>かきこねはかきかぬ『やぬヲ	
S3056	2	479	330	ベナレスはこの聖地の実質的な王だ。<br />鬼眼王が封じられてからの３００年で<br />あの男は鬼眼王をもしのぐ力を<br />つけたように思えるのだが¨¨。<0xdb>マドゥライ様は<br />聖魔様方がじゅうぶんベナレスに<br />対抗できるだけの力を手に入れた、<br />そのお手伝いをするといってますが。<0xdb00>人化の法によって人間になるためには<br />三人の三只眼がいなくてはなりません。<br /><arrow>しかし三只眼は聖魔様と鬼眼王だけ。<br />もう一人の三只眼がいないのです。<br />小竜のような者もいないでしょう。<br /><arrow>ベナレスは人化の法によって<br />聖魔様の三只眼としての力を<br />鬼眼王に注ぐつもりなのでしょうか？<br /><arrow>そうすれば確かに聖魔様は<br />人間になることができます。<br />しかし、鬼眼王は三只眼として<br /><arrow>強大な力を<br />手に入れることになるでしょう。<br />世界はまたも暴力と殺りくにあふれる‼<br /><arrow>ああ、私も<br />混乱してしまいました¨¨。<0xdb00>かきこの敵きかのャやのス	
S3057	2	414	299	シヴァ様が破壊、そして暴力を<br />支持する暴王になってしまったのには<br />理由があるはずです。<br />あんないい方が‼<0xdb00>マドゥライ様は聖魔様方がベナレスに<br />対抗できる力をつけたと確信し、<br />自らの命を投げ出して結界をはずす<br />お手伝いをするといってます‼<0xdb>３００年前のつらく苦しい時代を<br />二度と繰り返してはならないのです。<br />そのためには聖魔様の正しき聖なる力が<br />必要なのです。<0xdb>かきてひたかきこは，かきかはザやはウこの村は<br />けわしい山々にかこまれているので<br />外敵の侵攻を防ぐことができるんです。<0xdb00>マドゥライ様を失ったら<br />我々はどうすればいいのでしょう？<br />お願いです、マドゥライ様を<br />とめてください‼<0xdb>聖魔様が戻ってこられてからいつも<br />マドゥライ様はおっしゃっていました。<br />『聖魔様を鬼眼王に会わせ	
S3058	2	161	113	真実を確かめさせたい』と。<0xdb00>新鬼眼城を知る者に聞いたところ<br />まずは双子の塔各々にある水晶にふれ、<br />王塔への扉を開けねばならぬとのこと。<br /><arrow>しかし王塔に入れたとしても<br />様々なしかけと強力な衛者のせいで<br />なかなか先には進めないとのことです。<0xdb>かきこふはかきかひ	
S3059	2	164	111	ベナレスは古えの大魔導師と<br />呼ばれた男。<br />奴は人間の姿をしていますが<br />恐ろしい力を持った化物です‼<0xdb>マドゥライ様は無茶だ‼<br />自分の命を投げ出して<br />鬼眼城の結界をはずすなんて‼<0xdb00>聖魔様と鬼眼王をはばむ者、<br />それがベナレスだという気がして<br />ならないのです。	
S3060	2	36	29	ベナレスは<br />何を企んでいるのでしょうか？<0xdb>かきこふ（かきかふ8やふヘ	
S3061	2	173	129	ベナレスが鬼眼王復活までの<br />守護のために建てた新鬼眼城は<br />信じられないほど<br />鉄壁の防御がしかれているそうです。<0xdb00>どうかマドゥライ様を<br />とめてください‼<0xdb00>マドゥライ様の分まで<br />強く生きていかねば¨¨。<br />それが私達にできる精いっぱいの<br />おんがえしになると思うんです。<0xdb>かきこへゥかきかへぁやへふ	
S3062	2	497	343	八雲さんが使われる<br />獣魔術を生み出したのは<br />実はベナレスなんです。<0xdb00>マドゥライ様は聖魔様方がベナレスに<br />対抗できる力をつけたと確信し、<br />自らの命を投げ出して結界をはずす<br />お手伝いをするといってます‼<0xdb>聖魔様が鬼眼王に会って<br />真実を確かめるには<br />ベナレスを倒すしかないでしょう。<br />本当に悪い奴は多分、ベナレス¨¨。<0xdb>かきこほバかきかほばやへ断ベナレスは確かに<br />鬼眼王様の忠実なしもべだ。<br />しかし、鬼眼王を闇の者の王に<br />仕立てあげたのも彼だと思うんだよ。<0xdb00>聖魔様、マドゥライ様は<br />結界司番所の扉を開けるつもりです！<br />しかし術者の力を失ったマドゥライ様が<br />強力な霊力を使ったら‼<0xdb>ベナレスは鬼眼王の<br />忠実なしもべでありながらも<br />過去は闇の大魔導師だった男。<br /><arrow>奴の忠誠心は本物なのだろうか？<br />本当に悪いのは<br />ベナレスのような気がして<br />ならないのですが¨¨。<0xdb>かきこまサかきかまぺやませ	
S3063	2	147	112	聖魔様がこの村にいるかぎり<br />ベナレスに手出しなどさせません。<br />必ずや私達が守ってみせます‼<0xdb>どうかマドゥライ様を<br />とめてください‼<0xdb00>マドゥライ様の代わりには<br />ならないでしょうが<br />これからは私達この村の民が<br />聖魔様のお力になります‼<0xdb>かきこみょかきかま	
S3064	2	253	180	何かお困りのことがありましたら<br />まず、マドゥライ様の家を<br />お訪ねください。<br /><arrow>村の中でもはえぬきの<br />素晴らしい語り部達が<br />力になってくれるはずです。<0xdb>聖魔様、マドゥライ様は<br />結界司番所の扉を開けるつもりです！<br />しかし術者の力を失ったマドゥライ様が<br />強力な霊力を使ったら‼<0xdb>ベナレスは果して鬼眼王の<br />忠実なしもべといえるのでしょうか？<br />時折気になるのです、<br />ベナレスの不審な行動が¨¨。<0xdb>かきこむヌかきかむとやみヵ	
S3065	2	318	223	鬼眼城の結界の原動力は<br />无を封じることのできる<br />６つの壺だそうです。<br /><arrow>その壺でベナレスを封じることも<br />できるでしょう。<br />しかし、无を封じる壺なら<br />八雲様も封じることができるのでは!?<0xdb>マドゥライ様は聖魔様方がベナレスに<br />対抗できる力をつけたと確信し、<br />自らの命を投げ出して結界をはずす<br />お手伝いをするといってます‼<0xdb>鬼眼王は本当に悪い奴なのでしょうか？<br />しかし、ほかに三只眼がいない以上<br />彼しか人間になる術は知らないはず。<br /><arrow>まして鬼眼王の<br />聖なる力に対する考え方は<br />今も変わらないのでしょうか？<0xdb>かきさめ	
S3066	2	359	261	いま一歩でマドゥライ様はガネーシャを<br />封じることができたのです。<br />つまりは、<br />无を封じることはできるのです‼<0xdb00>マドゥライ様は３００年間少しづつ<br />たくわえた霊力のすべてを<br />聖魔様のために使おうとしています‼<br /><arrow>鬼眼城の結界の動力源の番所に皆さんが<br />入れるようにしようとしているのです。<br /><arrow>しかし持てる力をすべて出したりしたら<br />今度こそマドゥライ様は<br />死んでしまいます。<br />どうか、おとめください‼<0xdb00>暴力と殺りくを聖なる力だと<br />鬼眼王に思わせているのは<br />ベナレスだという気がしてなりません。<br /><arrow>だとすれば、<br />素晴らしい方だった鬼眼王が<br />邪悪に手を染めたことも<br />説明がつきます‼<0xdb00>かきこも，かきかもョやもテ	
S3067	2	229	165	村を離れ、この聖地を旅するときは<br />お気をつけ下さい。<br />あなた方をつけ狙う者も<br />沢山いるのですから。<0xdb>皆の話を聞いてください。<br />とにかく大変なんです‼<0xdb>ベナレスと鬼眼王の立場が<br />いれかわっているような気がします。<br />鬼眼王の持つ力をつかって<br /><arrow>奴は闇に君臨しようとしているのでは<br />ないでしょうか？<br />そのために聖魔様の三只眼としての力が<br />必要なのでは？<0xdb00>かきさやラかきかやケややぅ	
S3068	2	92	67	ここは語り部の村です。<0xdb00>皆の話を聞いてください。<br />とにかく大変なんです‼<0xdb>だいじょうぶ。<br />マドゥライ様がいなくても<br />この村は立派に守ってみせます‼<0xdb>かきこや	
S3069	2	139	100	ここは語り部の村¨¨。<br />村長はマドゥライという<br />長命の美しい女性です。<0xdb>マドゥライ様が‼<0xdb>聖魔様、そしてみなさん、<br />マドゥライ様はどこかできっと<br />見守っておられます。<br />無事でお戻りください。<0xdb>かきてゆ<br />かきしゆ、かきこゆボかきかゆテやゆで	
S3070	2	249	176	お休みになられたい時や<br />傷ついた時は<br />どうぞここへお越し下さい。<0xdb00>マドゥライ様を失ったら<br />我々はどうすればいいのでしょう？<br />お願いですとめてください‼<0xdb>階下で何か大きな音がしましたが、<br />何か起きたのですか？<br />ま、まさか!?<0xdb>八雲様、<br />聖魔様をよろしくたのみましたぞ‼<0xdb>ジェイクさんは鬼眼城へ向かいました。<br />聖魔様と八雲様が人間の持つ聖なる力を<br />証明できるよう何かの役に立とうと<br />していらっしゃるのですね。<0xdb00>ゅ	
S3071	2	1108	716	ジェイク：<br /><speak>すっかり体調は良くなったぜ。<br />みんなは元気にしてるのか？<0xdb00><portrait_06>ジェイク：<br /><speak>獣魔窟へ行くのか。<br />瞑想窟の時もお宝を探しそこねたから<br />今度は一緒に行きたかったんだが</speak>¨¨。<0xdb><portrait_06>ジェイク：<br /><speak>マドゥライが何か、この村のやつらに<br />決意を表明したらしい。<br />それからみんなさわいでるみたいだが。<0xdb><portrait_06>ジェイク：<br /><speak>マドゥライが死んだ？</speak><br />¨¨¨¨¨¨<br /><arrow><speak>行動力があって、思いやりがあって<br />ほれぼれするほど<br />いい女だったのにな</speak>¨¨。<br /><arrow><speak>マドゥライはおまえ達のことを思って<br />自分の命を捧げたんだ。<br />彼女の死をむだにするんじゃねえぞ。<br />俺の</speak>¨¨<speak>いいたいことはわかるだろ</speak>¨¨<0xdb><portrait_06>ジェイク：<br /><speak>マドゥライはおまえ達のことを思って<br />自分の命を捧げたんだ。<br />彼女の死をむだにするんじゃねえぞ。</speak><br /><arrow><speak>パイちゃんがそして八雲が<br />人間の持つ聖なる力を鬼眼王に、そして<br />妖魔にも俺達人間にもしめすことが<br />マドゥライへのはなむけになるんだぞ。<0xdb00>ぉりぁあ<portrait_05>マドゥライ：<br /><speak>聖魔様は先代もお使いになった<br />『聖魔の杖』を手にいれ</speak><br /><arrow><speak>今度は獣魔術の開祖、ベナレスですら<br />目覚めさせることができなかった獣魔を<br />八雲様が従属させてしまうとは</speak>¨¨。<br /><arrow><speak>お二人ならベナレスを打ち倒すことも<br />できるかも知れません。</speak><br /><arrow><speak>聖魔様と八雲様が人間になり<br />この地に、そして人間界に<br />平和がおとずれるなら、</speak><br /><arrow><speak>この私の命、<br />よろこんで投げ出しましょう。</speak><br /><arrow><speak>愛用していた宝玉に念を込めます。<br />結界を壊すほどの力はないが、<br />結界司が内より封じた扉なら開くはず。</speak><br /><arrow><speak>聖魔様、ベナレスを打ち倒し、<br />シヴァ様が鬼眼王になった途端<br />何故あんな変容をとげてしまったのか、</speak><br /><arrow><speak>人化の法とは何なのか、<br />法を受けた者に何をおよぼすのか、<br />鬼眼王から聞きだすのです。</speak><br /><arrow><speak>しかし、鬼眼王が<br />いまだ暴君であったなら</speak>¨¨<br />¨¨¨¨¨¨<br /><arrow><speak>いいえ、その目で確かめて</speak>¨¨。<br /><speak>わたしは<br />パールバティー３世のもとに参ります。</speak><br /><arrow><speak>聖魔様にお会いできて<br />大変うれしゅうございました。<br />では、御免‼</speak></portrait><br /><arrow><portrait_09>パイ：<br /><speak>マドゥライ、やめてっ‼<0xdb00>ぉれォあ<portrait_08>マドゥライ：<br /><speak>はああーっ‼	
S3072	2	45	21	ぉれ4あ<portrait_07>八雲：<br /><speak>マドゥライっ‼</speak></portrait><br /><arrow><portrait_09>パイ：<br /><speak>マドゥライさん</speak>¨¨。<0xdb00>あ	ぉれ4あ<portrait_07>야쿠모<br /><speak>マドゥライっ‼</speak></portrait><br /><arrow><portrait_09>파이<br /><speak>マドゥライさん</speak>¨¨<0xdb00>あ
S3078	2	7	6	やず温やぜと	
S3114	2	99	69	鬼眼王が本当に邪なる者なのかどうか<br />聖魔様が確かめなければなりません。<br />それが、聖魔様の夢をかなえる<br />唯一の方法なのですから¨¨。<0xdb00>かきてあ(かきさあんかきか	
S3115	2	355	247	ォとうとう『聖魔の杖』を<br />手に入れたのですね。<br /><arrow>だんだんとお強くなられていく<br />皆さんを見ていると<br />私どもも生きてゆく希望が<br />わいてまいります。<0xdb>語り部の村の民が<br />聖魔様を探しておられたが¨¨。<br />この町に入ってこれずに<br />こまっておられたようだ。<0xdb>マドゥライ殿は亡くなられたか¨¨。<br />さすが聖魔様の母君、<br />パールバティー３世の无だけあって<br /><arrow>最後まで聖魔様のことを思い、<br />鬼眼王の真実、人化の法の真実を<br />聖魔様みずから確かめられるよう<br />その命を投げ出したのですな。<0xdb00>マドゥライ殿の死を<br />むだにしてはなりません。<br />さあ、ベナレスを倒し鬼眼王に会って<br />真実を確かめるのです‼<0xdb00>かきさい	
S3116	2	312	217	ベナレスが昔、獣魔術を開発するために<br />使っていた洞窟が町の山向こう、<br />南西の方角にあります。<br /><arrow>もし、ここからその洞窟に向かうなら<br />鬼眼城の西側を北上し、<br />回り込まねばなりません。<br /><arrow>封印されてずいぶんたちますが<br />中は置き去りにされた獣魔や<br />捨ておかれた実験に失敗した<br />気味の悪い魔物で一杯だそうですよ。<0xdb>おお、それがベナレスですら<br />目覚めさせることができなかった<br />獣魔ですか。<0xdb00>いよいよ鬼眼城へ向かわれるのですね、<br />聖魔様。<br />無事を祈っております。<0xdb>かきてえ！かきさえボかきかえげかきあう％うぴき	
S3117	2	467	325	獣魔窟？<br />私の父がベナレスの命令で<br />何日もかかって封印したそうだよ。<br /><arrow>封印した直後は夜な夜な<br />獣魔の叫び声がこの聖地に響いたとか。<br /><arrow>大きな岩でしっかり封印されたから<br />強力なアゴを持った怪物かなにかが<br />入口の岩をかみ砕くしかないだろうって<br />父もいってたけど¨¨。<0xdb00>獣魔窟の入口が開いた？<br />なんと、<br />聖魔様のお供の飞腭が開けたのですか‼<br />で、中はどうなっていました？<0xdb00>獣魔窟にはまだ卵も<br />残っていたのですね。<br /><arrow>しかし、ベナレスですら<br />手に入れられなかった獣魔を<br />我が物にするとは八雲様も<br />聖魔様にふさわしい无になりましたな。<0xdb>ベナレスですら<br />自分の物にできなかった獣魔です。<br />きっと役に立ってくれるでしょう。<0xdb00>ガルガとかいう男が<br />結界がとかれたのと同時に<br />鬼眼城内へ向かったそうです。<br />奴はベナレスの手下なのですか？<0xdb00>かきさお！かきかおォやおね	
S3118	2	233	170	ベナレスが作り出した獣魔の卵でも<br />いまだに目覚めぬものが<br />獣魔窟にはあるそうですじゃ。<br /><arrow>その卵を自分の獣魔にするため<br />ベナレスは血の契約を試みたらしいが<br />ついに目覚めなかったそうじゃ。<br />いったいどんな獣魔なのかのう？<0xdb00>ほほう、それが<br />ベナレスが我が物にすることが<br />できなかった獣魔ですか。<0xdb>鬼眼王に会うためには<br />ベナレスとの戦いは避けられん。<br />八雲様、聖魔様を頼みましたぞ。<0xdb>やかい	
S3119	2	157	108	ベナレスの鬼眼王に対する<br />忠誠心は見上げたものだ。<br /><arrow>しかし、ベナレスは<br />鬼眼王復活のためだけに<br />その魂を捧げているのか？<br /><arrow>暴力と殺りくを聖なる力と呼び、<br />人間界を制するなんて、<br />鬼眼王が本当に<br />望んだことなのだろうか？<0xdb>かきてきチかきさきほやかャ	
S3120	2	967	648	ベナレスは无をも封じる<br />強大な霊力を持つ６つの壺を入手し、<br />鬼眼城の回りに強力な結界を張った。<br /><arrow>その動力の源は<br />鬼眼城のまわりに配置された<br />結界司番所より<br />発せられているようです。<0xdb00>結界司番所にはいるための鍵を残して<br />語り部の村のマドゥライは<br />なくなったのですか¨¨。<br />残念なことです¨¨。<0xdb00>聖魔様が鬼眼王に会ったあと、<br />どんなことが起きようと<br />我々はその事実を受け入れます。<br />さあ、鬼眼王のもとへ‼<0xdb>かきかくヴやき2獣魔窟は複雑な構造になっておる。<br />ベナレス洞窟の最下層部で<br />獣魔術の実験を行っていたらしい。<br /><arrow>ベナレス以外の者が実験場に行くには<br />一度、上に向かった後、<br />最下層部を目指さねばならんという。<br /><arrow>獣魔窟は地上４階、地下４階。<br />滝に流されねば最下層部には<br />行けぬといううわさもある。<br />難儀なことだ¨¨。<0xdb00>人間の像をお持ちですか？<br />聖魔様方が人間になるための<br />大事な道具なのですぞ、あれは。<0xdb00>かきてこはかきさけ６かきかけでやく～ずいぶんと昔の話じゃが<br />ベナレスは自分の作りだした獣魔を<br />獲得できなかったことがあるらしい。<br /><arrow>たいそう立腹して<br />獣魔術の実験をしていた洞窟を<br />この町の民に封印させたそうじゃよ。<0xdb>マドゥライは前鬼眼王の无ガネーシャを<br />霊力を秘めた６つの壺を用いて<br />封じようとしたが<br /><arrow>その前に自分がやられてしまった。<br />つまりその壺を使えば<br />无を封じることが<br />できるということじゃな。<0xdb>結界司番所の壺を手に入れられれば<br />前鬼眼王の无のように<br />ベナレスを封じることができるはず。<br /><arrow>しかし、注意しなされ。<br />八雲様も无。<br />逆に封じられてしまうかも<br />知れませんぞ‼<0xdb>番所の壺を手に入れられたのですな。<br />鬼眼王に会う前に<br />ベナレスを封じるのです。<br />さすれば、鬼眼王のもとへむかえます。<0xdb00>やこヌ	
S3121	2	271	198	聖魔様が人間になる日¨¨。<br />その日がおとずれるとすれば<br />我々もこの苦しい支配から<br />とき放たれることになるでしょう。<0xdb00>かきてさしやこ8人間の像のことをくわしく知りたければ<br />語り部の村をおとずれるのがいいかと。<br />語り部はこの世界の伝承者<br />知らないことはまずありますまい。<0xdb00>聖魔様が鬼眼王に会われた後、<br />ご無事な姿で我々の前に<br />戻ってこられることを<br />心待ちにしております。<0xdb00>こかセてさユソたョつさユソたヵつさユソたナつさユょたヶみさロ‼たヶはさ施セゅ	
S3122	2	249	169	な、なんと‼<br />マドゥライの名を継ぐ剣、衣、冠を<br />そろえる者が現れるとは¨¨。<arrow>しかし装備品がいっぱいのようだな。<br />どこかでいらない装備を売って<br />もう一度ここに戻ってこい。<br />いいものを用意して待っていよう。<0xdb>な、なんと‼<br />マドゥライの名を継ぐ剣、衣、冠を<br />そろえる者が現れるとは¨¨。<arrow>¨よろしい、わが家に伝わる<br />マドゥライの名を継ぐ最後の神器、<br />『マドゥライの鏡』を授けよう。<arrow>『マドゥライの鏡』を手にいれた‼‼‼<0xdb>やしユ	
S3123	2	215	148	『聖魔の杖』を使って<br />この地に点在する<br />昆侖はまわられましたか？<0xdb>結界司番所の六将は<br />ベナレス直属の選り抜きの者達です。<br />お気をつけて。<0xdb>ベナレスは鬼眼王のかげとなり<br />ひなたとなり我々の前に君臨してきた。<br /><arrow>それもひとえに万物をもひれ伏させる<br />権力と実力を持っているからだ。<br />そんな力を絶対に許しちゃいけない。<br />許しちゃいけないんだ‼<0xdb>やすラ	
S3124	2	281	196	三只眼様がこの地を統べられれば<br />争いのない理想郷がきっとできます。<br />聖魔様、どうぞこの地に残って下さい。<0xdb00>かきさせウやす！『聖魔の杖』は三只眼の中でも<br />選ばれた者しか持つことができません。<br />それゆえ、その力は絶大といいます。<br /><arrow>その杖を使えば、どんな昆侖でも<br />開けることができるそうです。<br />その杖を手に入れた聖魔様は<br />なんと素晴らしい方なのでしょう‼<0xdb>大地の精ナーガよ、<br />真なる聖なる力をおしめしくださる<br />パールバティー４世に<br />力をお与えください¨¨<0xdb00>ゅ	
S3126	2	7	6	やめ断やもん	
S3188	2	67	46	香港へは来るたび、みやげに<br />季刊『妖撃』っていうオカルト雑誌を<br />買ってるよ。<br />友人にウケがよくてねぇ。<0xdb>やあふ	
S3189	2	77	49	今度香港に行ったら<br />『妖撃まんじゅう』を買って来てくれと<br />息子に頼まれたんだが¨¨。<br />見当たらなくて、困ったな¨¨。<0xdb>やあノ	
S3191	2	53	36	誰か俺の代わりに、この荷物<br />見ててくれないかなあ。<br />トイレに行きたいんだけど¨¨¨。<0xdb>やあ！	
S3399	2	43	28	私達は遊牧民。<br />おじいちゃんと私と犬とで<br />旅を続けているのよ。<0xdb00>や	
S3400	2	17	11	聖地は見つかったかの？<0xdb00>や	
S3451	2	53	32	いそがしい、いそがしい‼<br />各寺院の体制の見直しで<br />我々、僧侶は大いそがしだ‼<0xdb00>や	
S3452	2	125	84	昆侖に人を近付けなかった真の理由は<br />古すぎてわからないに近い¨。<arrow>しかし異世界、異文明とむやみに関係を<br />持つことが危険であることはわかる。<br />やはり、我々はこれからも<br />聖堂を守り続けるだろう¨。<0xdb>や	
S3453	2	31	24	２人の仇をとってくれたのですね？<br />ありがたいことです。<0xdb>ゅ	
S3454	2	53	38	おお、呪鬼を倒してくれたか‼<br />さすがに三只眼と无は違うな¨。<0xdb00>ぉあぅコことぶてあぺやあキ	
S3455	2	107	80	聖堂へは入られたか？<0xdb>すると聖地に行かれたのじゃな？<br />うらやましいことじゃ。<0xdb00>目の前まで行って恐くなったのか？<br />わしゃ行ったことがないからわからんが<br />そんなに恐そうな所なのか¨。<0xdb>やあ6	
S3456	2	85	62	見習いとは言ってもラサとガル寺院での<br />修行は終えた者ばかりじゃ。<br />その気になったらあっという間に<br />一人前の僧侶になりおったわい。<0xdb00>やいし	
S3457	2	87	58	最初は悲しんでいたみんなも<br />やる気を出して寺院体制の立て直しに<br />はげんでいる。<arrow>俺様も僧院長代理様目指して<br />がんばるかな¨。<0xdb>やいテ	
S3458	2	70	51	あれから必死にがんばりました。<br />もう見習いじゃありません。<br />早く後進の指導に当たりたいなぁ¨。<0xdb>ぉい、コことぶてい６やい	
S3459	2	113	78	呪鬼の連れてた魔物は<br />仲間にできたのかい？<0xdb00>それは良かったな。<0xdb00>じゃ、戦って勝ったのかい？<0xdb>そうか、すごいな。<0xdb>だったらまだ聖堂への洞窟の中に<br />いるはずだぞ。<br />ちゃんと探してみろ。<0xdb00>やうぎ	
S3460	2	65	43	そうか、あの呪鬼を倒してくれたか‼<br />僧院長様も僧院長代理様の<br />きっと喜んでくれてるだろう¨。<0xdb00>やうム	
S3461	2	39	26	聖地はどうじゃった？<br />三只眼様は何か思い出されたか？<0xdb>やうァ	
S3462	2	74	55	ここが帰依で帰ってこれる場所で<br />よかった、とナパルバが言っていたよ。<br />確かに１人で戦いながら帰ってくるには<br />つらいよな¨。<0xdb>やう	
S3466	2	7	6	やて鋭やとつ	
S3467	2	415	269	おいで下さい。<0xdb00>[player]さんは<br />これを使えません。<br />構いませんか？<0xdcdb00>[player]さんは<br />これを装備できませんが<br />それでもいいですか？<0xdb00>やめるんですね？<0xdb00>では<br />別の人に渡しますか？<0xdb00>[player]さんは<br />持ち物が一杯です。<0xdb>どの品物を<br />売っていただけますか？<0xdb00>どの装備品を<br />売っていただけますか？<0xdb00>どの品物を<br />引き取りましょうか？<0xdb00>どなたの装備品を<br />売っていただけますか？<0xdb00>どなたの品物を<br />引き取りましょう？<0xdb><E7FC>なら<br /><E7FD>!?＄で<br />買い取ります。<0xdcdb>どうしますか？<0xdcdb00>それは残念¨。<0xdcdb00>どうも<br />ありがとうございます。<0xdb>ほかにも何か<br />引き取りますか？<0xdb00>お客様は売れるような物を<br />持ってませんが。<0xdb00>その品は<br />買い取れません。<0xdb00>どの説明をしましょう？<0xdb>ほかのものも説明しますか？<0xdb>のボのペのゥのャのヵの２の６の0の4の8の(やの，	
S0001	1	113	78	オ亜栗？<br />昨日、向こうのビルから逃げて行くのを<br />見たきりじゃな。<0xdb>部屋の中に閉じ込もってる人間より<br />こうして外を歩き回ってる人間の方が<br />何かにつけて情報が早いぞ。<0xdb>んとょオうつ	
S0002	1	22	14	こらこら、勝手に入ってくるな‼<br />何？	
S0003	1	1150	758	魚屋に行くための通り道だって？<arrow>¨しかたがない、<br />でもちゃんと店の方で<br />武器も買ってくれよ¨¨。<0xdb>こんな都会じゃ<br />大っぴらに武器なんか売れないからな。<br />強力な武器を欲しがるより<br />今は自分の実力を高めることだ。<0xdb00>かあぼあヵやあル自分が<br />どの種類の武器を持てるかは<br />確認しておいた方がいいぞ。<0xdb>黄邸に多くの石像が<br />持ち込まれている話は有名だが<br />その中に妙な像があったらしい。<arrow>背中合わせに３人の<br />３つ目人間が<br />くっついているという¨¨。<0xdb>かあぼいりやいくあ、鈴鈴さんだ。<br />今日も妖魔退治に行くの？<0xdb00>黄さんは知らないけど<br />執事の周なら知ってるよ。<arrow>すんごい恐い顔してるから、<br />僕たち「ドラキュラ」って<br />呼んでるんだよ。<0xdb>かあぼいォやいユおや、鈴鈴女史。<br />あいかわらず香港１、２を争う<br />美しさじゃの。<0xdb>黄邸は香港島にある<br />香港一の大豪邸じゃ。<0xdb>かあぼい<br />やい！亜栗？<br />今日は来てないぞ。<0xdb00>黄氏が急死して以来、<br />あの豪邸を仕切っているのは<br />奥さんの舜麗さんだという話だ。<0xdb00>かあぼうぁやうはあ、鈴鈴さん。<br />『妖撃』前号のキョンシー特集、<br />すっごく良かったですよ。<0xdb>鈴鈴さん、<br />九龍ビルに入ったんですって？<br />で、どうでした？<br />妖魔、いましたか？<0xdb00>かあぼうョやうヴ『妖撃』のおかげで<br />私も妖魔に詳しくなったんですよ。<0xdb00>妖魔の話ばっかりしてるみたいだけど<br />２人きりの時はちゃんと¨¨、<arrow>今、Ｈな想像したでしょっ!?<0xdb>かあぼえくやう<speak>新しい技を開発したぞ。<br />見よ‼<br />竜巻旋風魚さばきっ‼<0xdb00>さらに新しい技だ‼<br />見よ‼<br />百烈魚さばきっ‼<arrow>ふっ¨¨、<br />今回は俺の勝ちだな¨¨。<0xdb>かあぼえゥやえぴ相棒の奴、どんどん必殺の<br />魚さばきをマスターしやがる¨¨。<arrow>ほら、今うしろで回転してるぜ‼<br />竜巻旋風魚さばきだってよ。<br />たまげたね、俺ぁ¨¨。<0xdb00>外との交流のない家の中、<br />特に通りから離れた所にいる人間は<br />重要な話はあまりしてくれんだろう。<arrow>だが目的を持って生きてる分、<br />話は面白いぞ。<br />俺の相棒もその一人だ。<0xdb>かあぼおずやおつ女の人を二人も連れて歩くなんて<br />ぼうやもなかなかやるわね。<0xdb>黄邸に運び込まれた石像って<br />今にも動きだしそうな位<br />よく出来てるって話よ。<0xdb>やおヒ	
S0004	1	147	102	すまないがまだ準備中なんだ。<br />ま、売ったところで<br />呪符を扱える人間はいないようだがな。<0xdb00>かあぼお(やお４亜栗さん、見つかりました？<0xdb00>黄邸の石像の中には<br />亜栗さんに<br />そっくりなものもあったとか¨¨。<br />亜栗さんも有名になったわね。<0xdb00>かあぼかめやか	
S0005	1	73	45	最近、<br />九龍に妙な宗教団体が<br />いるらしいのよ。<0xdb00>最近は九龍の宗教団体の話も<br />あまり聞かなくなったわね。<0xdb>ゅ	
S0006	1	237	153	かあぼかブやかオ九龍教の教祖が言うには<br />近々、魔王が復活するんだそうだ。<br />¨魔王の肉は美味しいかな？<0xdb>ほとんどの香港人が一度は、<br />うまい飯屋に行っているからなぁ。<br />あそこの主人は香港一、<br />顔が広いかもしれないぞ。<0xdb00>かあぼきえやか<speak>新しい技を開発したぞ。<br />見よ‼<br />波動肉さばきっ‼<0xdb00>さらに新しい技だ‼<br />見よ‼<br />スピニングバード肉さばきっ‼<arrow>ダメだ、<br />実戦的じゃない¨¨。<0xdb>やきで	
S0007	1	164	107	なんと‼<br />空港は現在、爆破テロ事件のため<br />閉鎖されています‼<0xdb00>かあぼき やきヘまた来たのか？<br />仕方がない、教えてやろう。<br />妖撃社は表通りの突き当りじゃ。<arrow>何、もう知っちょる？<br />なんじゃ、つまらん¨¨。<0xdb00>じゃから<br />ここに来ても大した情報は<br />ないとゆうちょろうが¨¨。<0xdb>やき	
S0008	1	111	80	ここは香港、<br />魅惑のチャイナシティよ！<br />危険な香りがいっぱいよ！<0xdb>かあぼくずやくつここはあまり人が通らないから<br />立ってるのにあきちゃったよ¨¨。<0xdb00>香港大橋の工事が終わったそうだ。<0xdb>やくア	
S0009	1	27	23	わんわん。<0xdb>こあぼつくノぉくデコきとぶく８やく～やくヘ	
S0010	1	121	82	今売れているのは<br />「スイッチ」と<br />「サザンアイズ」ですよ。<0xdb>やっぱこれからはメガＣＤ‼<br />お客さんもそう思うでしょ？<0xdb>でしょでしょ？<br />いやぁー、<br />そうなんだよな、やっぱ¨¨。<0xdb00>そーかぁ¨¨。<br />そうなのかなぁ¨¨？<0xdb00>かあぼけしやく	
S0011	1	404	259	これだっ‼<br />この技だっ‼<br />あーっ‼<br />だめだーっ‼<br />かえされるぅーっ‼<0xdb>ちくしょうっ‼<br />「ひょーっ‼」じゃねぇよ、<br />「ひょーっ‼」じゃ¨¨。<0xdb00>かあぼけサやけぞゲーム雑誌もこう多いと<br />どれ買っていいのか迷っちゃうわね。<0xdb00>弟がロープレやってるから<br />攻略本でも買って帰ろうかしら。<0xdb00>かあぼけ8やけズおお、鈴鈴女史‼<br />毎度のことながら『妖撃』は<br />爆発的大人気じゃよ。<0xdb>『妖撃』の次の特集は何ですか？<br />え？<br />「九龍地下に謎の祭壇を発見!?」<br />こりゃまた売れそうですな¨¨。<0xdb00>かあぼこりやこえ宝箱屋を始めようと<br />思ってるんだけど¨¨。<br />もうかるかな？<0xdb00>誰かが宝箱の中に入れてあった金を<br />全部取っていったみたいなんだ¨¨。<arrow>ちくしょうっ‼<br />ざっと１０００００００＄は<br />入れておいたのに¨¨。<0xdb00>かあ‼こ	
S0012	1	556	395	へへん‼<br />最初のダンジョンをクリアしたよ‼<br />戦闘シーンがすごいんだ、また‼<0xdb>ようやくお金持ちの家に入れたよ。<br />２回話さないとアイテムが<br />もらえないのはムカついたけど¨¨。<0xdb>２コ目のダンジョンをクリアしたよっ‼<br />中ボスと４回も戦ったんだけど<br />あんな奴は楽勝さっ‼<0xdb>かあぼさぺやさめおお、<br />またも話しかけに来てくれたか。<br />やさしい子じゃの¨¨。<0xdb00>ワシが<br />何か重要なキャラじゃと<br />思っとるじゃろ？<arrow>それでちょくちょく話に来る¨¨、<br />甘いな‼<arrow>おお、待ってくれ¨¨。<0xdb00>かあぼさ（やさブきゃーっ‼<arrow>亜栗がのぞかなくなったと思ったら<br />今度は堂々と入ってくるなんて‼<br />もう信じられないっ‼<0xdb00>あなたって<br />本当にエッチねぇ¨¨。<br />今度から「亜栗二世」って<br />呼んであげるわ。<0xdb00>かあぼしぁやしくふっふっふ。<br />香港のゲーム王者はこの私です。<br />それ、ダブルニープレスっ‼<arrow>¨胸にはるヤツ？<br />そりわニップレスっっ‼<0xdb>ふっふっふ。<br />まだゲーム屋の少年には<br />負けません。<0xdb>かあぼしゾやしヘここでは女学生が<br />共同生活してるのよ。<0xdb00>この部屋の周りは<br />本がいっぱいあるでしょ？<br />あきなくていいわ。<0xdb>かあぼし	
S0013	1	261	181	やし6この街って妖撃社があるせいか<br />妙に妖魔に詳しい人が多いのよ。<br />私もその一人。<br />困ったら何でも聞いてね。<0xdb>１０年前に黄邸を襲った妖魔ってね、<br />すごい石化の術を使うんだって。<arrow>ちなみに石化の術っていうのは<br />妖魔が種族として生まれつき<br />持っているものだから覚えようとして<br />覚えられるものじゃないのよ。<0xdb>かあぼすボやすラ私、そのうち<br />もんのすごい薬を作ってみせるわ。<0xdb00>この薬とこの薬を<br />混ぜると¨¨。<arrow>きゃー‼<br />また失敗っ‼<0xdb00>し	
S0025	1	7	6	やの温やはぢ	
S0026	1	7	6	やめ温やもぉ	
S0084	1	19	15	預かっている品物がありません<0xdb>り	맡아 둔 물건이 없습니다<0xdb>り
S0087	1	72	51	部屋の中に閉じ込もってる人間より<br />こうして外を歩き回ってる人間の方が<br />何かにつけて情報が早いぞ。<0xdb>んとょオうつ	
S0088	1	75	51	こんな都会じゃ<br />大っぴらに武器なんか売れないからな。<br />強力な武器を欲しがるより<br />今は自分の実力を高めることだ。<0xdb00>や	
S0089	1	163	113	断自分が<br />どの種類の武器を持てるかは<br />確認しておいた方がいいぞ。<arrow>まずは香港で装備を<br />ととのえるのが基本だな。<0xdb00>こあガつあぺぉあノあぉあぅああ、鈴鈴さんだ。<br />今日も妖魔退治に行くの？<0xdb00>あ、こないだ鈴鈴さんと<br />いっしょにいた人だ。<br />モンスターハンターなの？<0xdb00>やあピ	
S0090	1	35	20	黄邸は香港島にある<br />香港一の大豪邸じゃ。<0xdb>やあ 	
S0091	1	139	97	元気がねえなぁ？<br />若者はパワーが勝負だろ！<br />テクニックなんて考えるのは、<br />年とってからでいいんだよ。<0xdb>かあガいよやいえあ、鈴鈴さん。<br />次号の『妖撃』も期待してますから！<0xdb>ずいぶん若く見えるけど、<br />キミも妖魔と戦ってるのかい？<br />で、どう？	
S0092	1	126	94	妖魔ってやっぱり怖い？<0xdb>かあガいブやいテ最近妖魔も多くなってきたらしいから、<br />『妖撃』も売れてるんじゃないですか？<0xdb>あたしも妖魔と戦ってみたぁい。<br />だって、あなたみたいな頼りなさそうな<br />人でも勝てるんでしょう？<0xdb>やい～	
S0093	1	55	38	またまた新しい技を開発した！<br />見よ‼<br />中キック連打から<br />ソニックブーム魚さばきっ‼<0xdb00>やうえ	
S0094	1	193	131	外との交流のない家の中、<br />特に通りから離れた所にいる人間は<br />重要な話はあまりしてくれんだろう。<arrow><br />だが目的を持って生きてる分、<br />話は面白いぞ。<br />俺の相棒もその一人だ。<0xdb00>かあガうャやうロ女の人を二人も連れて歩くなんて<br />ぼうやもなかなかやるわね。<0xdb>あら、あなた日本人なの？<br />どうりで足が短いと思った。<0xdb00>やう！	
S0095	1	56	40	すまないがまだ準備中なんだ。<br />ま、売ったところで<br />呪符を扱える人間はいないようだがな。<0xdb00>やえ	
S0096	1	35	26	香港名物ペナントとメダル！<br />おみやげに買ってってよ。<0xdb>やえや	
S0097	1	93	64	マカオには大金持ちがたくさん<br />住んでるわ。中でも、王大人と老大人。<br />この２人はスゴイらしいわよ。<arrow>もっとも、黄大人に比べれば<br />たいしたことないけど。<0xdb00>ゅ	
S0098	1	114	91	うちの近所のギボって名前のばあさんが<br />最近、霊がさわいでるっていうんだ。<br />だからオレはいってやったね。<br /><arrow>さわいでるのは、<br />あんたのだんなだって。<br />ヴァハハハッハハハハッ！<br />イッツ・ア・アメリカンジョーク！<0xdb00>やえ	
S0099	1	51	35	新しい技を開発したぞ。<br />見よ‼<br />小キックはめ肉さばきっ‼<arrow><br />そこまでして勝ちたいのか？	
S0100	1	15	12	オレは。<0xdb00>こあグておぼやおぺ	
S0101	1	61	43	香港空港は無事運行を開始しましたが<br />そんな武器を持ったままじゃ<br />ここは通せませんねぇ。<0xdb>やおゲ	
S0102	1	57	40	大した情報はないって、何度も何度も<br />いわすんじゃないぃぃぃぃぃぃ！<br />とゆうちょろうが¨¨。<0xdb00>やお、	
S0103	1	26	17	ここは香港、<br />魅惑のチャイナシティ！<0xdb00>やお	
S0104	1	41	31	毎日ここで立ってるのは<br />つらいんよぉぉ。<br />なんとかして。してして。<0xdb00>やかえ	
S0106	1	47	32	やっぱこれからはメガＣＤ２！<br />軽くていいよぉ？<br /><arrow>お客さんもそう思うでしょ？<0xdb>やかモ	
S0107	1	39	24	ちくしょうっ‼<br />「ひょーっ‼」じゃねぇよ、<br />「ひょーっ‼」じゃ¨¨。<0xdb00>やかゥ	
S0108	1	40	30	弟がロープレやってるから<br />攻略本でも買って帰ろうかしら。<0xdb00>かあガか	
S0109	1	74	41	やか▼あ、鈴鈴女史。<br />今回の『妖撃』完売ですよ。<0xdb>あんたも『妖撃』の編集部の人？<br />若いのに大変だねぇ。<0xdb>やきた	
S0111	1	176	126	来るたびに<br />宝箱を開けるのはやめてくれよ！<0xdb>かあガきチやきぢ最初のシナリオ、<br />クリアしちゃったもんね。<br />やっぱゲームはロープレだよ！<0xdb00>次のＭＡＰはどこかなぁ。<br />新しいＭＡＰへ進むのって<br />ドキドキするよね？<arrow>やっぱり、装備をととのえて、<br />薬もまんたんにして行こうっと。<br /><arrow>それがロープレの常識だから！<0xdb>かあガき	
S0112	1	150	107	やき～う～んまた来てくれたのか。<br />かといって、ウソの情報を<br />教えるわけにもいくまい？<0xdb>あ、その目はまだワシが何か重要な<br />キャラじゃと思っとる？<br /><arrow>もしかしたらいつか、おいしい情報を<br />教えるかもしれんぞ¨¨¨¨¨<br />だってな、実はワシは¨¨¨¨<br />ただのじじいじゃよ～ん。<0xdb>やくソ	
S0113	1	55	32	自分のしてることがわかってる？<br /><arrow>この<br />×××××××っ！<br /><arrow>いまの×はゲーム禁止用語ね。<0xdb>やくペ	
S0114	1	63	41	実はロープレも得意なんです。<br />３Ｄ迷路をマッピングしながら<br />プレイするのは最高！<br /><arrow>こんやは最高！<br /><arrow>え？	
S0115	1	41	29	いつもゲームしてるからＴＶを<br />見れないのよ。流行に遅れてるの。<0xdb>やけく	
S0116	1	39	30	この部屋の周りは<br />本がいっぱいあるでしょ？<br />あきなくていいわ。<0xdb>やけぎ	
S0117	1	59	41	あなた新入りのモンスターハンター？<br />今わたし、三只眼と无の関係について<br />研究してるの。<0xdb00>やけヒ	
S0118	1	136	89	フッフッフッ¨¨<br />美しいわ¨¨この液体の輝き¨¨<br />これで世界は私のものだわ！<br /><arrow>ひざまづきなさい！！！！<br /><arrow>あら¨¨やだ。<br />聞いてたのねぇん。<br />いやん、ばかん、モヒカン！<br /><arrow>ダメ？<br />ねえ、ダメ？<br />イヤァァァァァァァァァァァァァ！<br />ばーい、せんきゅー。<0xdb00>し	
S0128	1	65	44	オ妖撃社がのぉ、襲われたそうじゃ。<br />あん時ゃあ、<br />大変だったそうじゃのう¨¨。<0xdb>調子はどうじゃ？<0xdb00>んとょオうつ	
S0129	1	35	24	君もよく来るねえ。<br />お得意様は大事にしなくっちゃな。<0xdb>や	
S0130	1	238	164	装備を強化しておかんと<br />モンスターハントの会社でありながら<br />得体の知れん奴に襲われて、<br /><arrow>壊滅的な事態におちいるのだ。<br />君らも注意せえよ。<br />あ、俺も妖撃社の一員だっけ¨¨。<0xdb>かあ．あぅやあぶわーい、わーい。<0xdb00>マカオはオトナの町なんだって。<br />だから僕も大人になったら<br />マカオに行くんだ‼<0xdb>かあ：あョやあヲあんた、妖撃社の人じゃろ？<br />この度は大変なことでしたな。<0xdb>今日も飯がうまいのお。<0xdb00>かあ：あ	
S0131	1	98	69	やあ 妖撃社が襲われてから<br />鈴鈴さんの姿を見ないけど<br />元気なのかい？<0xdb>妖撃社の方も<br />出前をとるだけじゃなくて<br />たまにはこっちに<br />食べに来てくださいよ。<0xdb00>やいは	
S0132	1	85	59	妖撃社のやりかたって¨¨もう¨¨<br />ムチャクチャだからなぁ¨¨。<br /><arrow>まっ、なんだかんだいっても<br />香港のみんなは<br />応援してるからさ。<0xdb>かあ；い「かあ：い8やいマ	
S0133	1	118	79	この前、鈴鈴さんが町中で拳銃を<br />撃ちまくったのよ！<br />仮面をつけた男が出た、とかなんとか<br />言いながら。怖かったぁ。<0xdb00>早く鈴鈴さんが<br />見つかるといいわね。<0xdb00>鈴鈴さん、見つかったんだって？<0xdb00>やい	
S0134	1	73	52	この前ブラジルから来た男が目の前で<br />ピラルクっつー魚を<br />回転しながら見事にさばきおった。<br />上には上がいるな¨¨。<0xdb00>やうげ	
S0135	1	49	33	相棒に新たなライバル出現！<br />しかし、どうしたもんかな¨¨。<0xdb00>かあ<0xdb>う2かあ：うャやうテ	
S0136	1	137	94	君、君ぃ、<br />妖撃社の人よね？<br />急いで会社に戻ったほうがいいわよ。<br />大変なことになってるわよ‼<0xdb00>あなた、また<br />女の子連れね。<0xdb>あら、めずらしくひとりじゃない‼<br />かまってあげたいけど<br />今日はあたしが彼とデートだから、<br />また今度ね♥<0xdb>ゅ	
S0137	1	132	89	妖撃社が襲われたんだって！<br />『妖撃』も休刊になっちゃうのかしら。<0xdb00>次の『妖撃』も期待してるわよ！<0xdb00>かあ：えゾやえぼ妖撃社が襲われたんだって‼<br />また何か、しでかしたのかしら？<br />恨みを買うような会社じゃないのに。<br />あれ？	
S0138	1	38	24	そうでもないか¨¨。<0xdb>妖魔もこわいけど<br />妖撃社もこわいわ¨¨。<0xdb>ゅ	
S0139	1	50	36	新しい技の開発にいそがしい<br />相棒の分も働かにゃならん。<br />なんとかしてくれよ。<0xdb00>やえ	
S0140	1	109	70	魚屋の奴、<br />新手のワザ師を南米より<br />呼び寄せたらしい。<br />魚屋、恐るべし¨¨。<0xdb>かあ：おげやおほいやいや、大変な事になったな。<0xdb00>今日はどこに行くんだい？<0xdb>かあ；かかかあ．お２やおょ	
S0141	1	62	40	また来たのか。<br />では、わしの知っている<br />重要な情報を教えてやろう。<br /><arrow>妖撃社が襲われたんじゃ。<br />何‼	
S0142	1	150	101	みんなもう知っている？<br />うう、つまらん¨¨。<0xdb00>来ると思っとったよ¨¨。<br />新しい情報がはいっとるぞ。<br />鈴鈴女史が行方不明だそうじゃ。<br /><arrow>何、もう知っちょる？<br />おぬしもすごいネットワークを<br />持っとるなあ。<0xdb>わしはちょっと眼いんじゃ。<br />邪魔せんでくれ¨¨。<0xdb>やかよ	
S0143	1	42	29	ここは香港、<br />魅惑のチャイナシティよ！<br />危険な香りが<br />いっぱいでしょ？	
S0144	1	8	6	でしょ？<0xdb>やかケ	
S0145	1	23	15	おや、九龍島へ<br />おでかけかい？<0xdb00>やかム	
S0146	1	11	9	だうだうだう。<0xdb>やかヲ	
S0147	1	59	43	最近はゲームもブランド志向が進んで<br />売れる商品と売れない商品が<br />はっきりしてきましたね。<0xdb>やか 	
S0148	1	73	61	つまらないゲームはつまらないゲームと<br />あなたははっきりいえますか？<br />この業界で食べていきたいから<br />僕に批判はできまっしぇーん！<0xdb>やきえ	
S0149	1	165	110	妖撃社のことだから<br />自分達の会社が襲われたことも<br />妖魔のしわざとかいって<br />絶対、記事にしちゃうわよ。<0xdb>かあ．きバやきゃ今号の『妖撃』は売上がいまいち。<br />あんな事件があった後じゃ<br />次号が出せるかどうかも<br />不安ですのお¨¨。<0xdb>『妖撃』にゃがんばって<br />ほしいのお。<0xdb00>やき４	
S0150	1	29	21	来るたびに<br />宝箱を開けるのはやめてくれよ！<0xdb>やき「	올 때마다<br />보물상자 여는 건 그만둬 줘!<0xdb>やき「
S0151	1	41	28	ムズイんだよぉ。<br />迷宮は広いし。<br />高い塔なんだよねぇ。<0xdb00>かあ；くんやき	
S0152	1	89	64	ここにひとりでおったから<br />妖撃社が襲われたことも<br />ついぞ知らんかった。<br />かなしいのう¨¨。<0xdb00>また来たか。<br />たまに会いに来てくれると<br />うれしいのお¨¨。<0xdb00>やくウ	
S0153	1	165	108	はぁ¨¨もういいわ¨¨<br />好きなだけのぞいてちょうだい。<br /><arrow>え～ん¨¨。<0xdb00>かあ：く(やくギコンピュータの思考時間が長いの。<br />かれこれ２時間も<br />思考中の文字が出てるんだけど¨¨。<0xdb00>あたしのゲーム、<br />思考中の表示をつけたまま<br />ハングしてたのよ‼<br />５時間も待っちゃったわ。<0xdb00>かあ：けとやく	
S0154	1	77	54	妖撃社を襲ったのって<br />誰なのかしら¨¨。<0xdb>妖撃社もメジャーになった分だけ<br />危険がつきまといはじめたわね。<0xdb>かあ；け×かあ：け２やけぁ	
S0155	1	287	193	妖撃社が襲われた後、<br />妖撃社に行ってケガをした人の<br />手当をしたんだけど<br /><arrow>あれはプロの仕業よ。<br />それも拳法の達人、<br />もしかしたら妖魔のしわざかも¨¨。<0xdb>妖撃社を襲ったの<br />女の子だったんだって？<br />え、この子なの？<br />びっくり‼<0xdb00>最近の妖魔は強いでしょう？<br />これは邪悪なる存在の復活が<br />近いんじゃないかって気がするの。<br /><arrow>九龍教の教典に書いてあったの。<br />ロイヤルソアラの妖魔も<br />それに関係あるんじゃないかしら？<br /><arrow>風刃の術って効くわよねぇ。<0xdb00>かあ；さたかあ：こ（やこヌ	
S0156	1	242	162	あたしが作った液体火薬を使えば<br />妖撃社を襲った奴なんて一発でノックアウトできたのに¨¨。<br /><arrow>え、そんなの使ったら、<br />ビルごとふっ飛んじゃうって？<br />そりゃ、ごもっとも¨¨。<0xdb00>拳法家の女の子が<br />妖撃社を襲ったんですって？<br />じゃあ、化学者の女の子も<br />妖撃社に入れるかしら？<0xdb>妖撃社に入れてもらうために<br />化学兵器つくってんのよ。<br />この前、野原で実験したら一面、火の海にしちゃったんだけどね。	
S0158	1	7	6	やに鋭やぬゃ	
S0163	1	45	33	オ調子はどうじゃ？<0xdb00>南寧に行くのか？<br />あそこはのどかでいいぞう。<0xdb>んとょオうつ	
S0164	1	86	59	君もよく来るねえ。<br />お得意様は大事にしなくっちゃな。<0xdb>それにしても君達<br />いい武器持ってるなぁ。<br />売るときゃ、<br />この店に来てくれよ。<0xdb00>こいてて	
S0166	1	14	13	鋭ぉあラコことぶつあえやあ	
S0167	1	288	182	装備を強化しておかんと<br />モンスターハントの会社でありながら<br />得体の知れん奴に襲われて、<arrow>壊滅的な事態におちいるのだ。<br />君らも注意せえよ。<br />あ、俺も妖撃社の一員だっけ¨¨。<0xdb00>あのピンクの服の女の子が行方不明だ？<br />よし、俺も探すの手伝うぜ‼<br />仲間に入れてくれるか？<0xdb00>そうか‼<br />よろしく頼むぜ‼<arrow>¨とか言って<br />俺みたいな名無しのキャラが<br />仲間になるワケないだろう。<0xdb>ちぇ¨¨。<0xdb>１、２、３¨¨、<br />俺がパーティに入るスキは<br />ないみたいだな。<br />残念無念、また来週¨¨。<0xdb>かい	
S0168	1	110	81	いケやいんマカオはオトナの町なんだって。<br />だから僕も大人になったら<br />マカオに行くんだ‼<0xdb>南寧は老人の町なんだって。<br />だから僕も老人になったら<br />南寧に行くんだ‼<0xdb00>こいてていォかいうい<portrait_0A>い	
S0169	1	127	92	今日も飯がうまいのお。<0xdb00>おや？<br />ピンクの服の女の子はどうした？<br />わしゃ、<br />あの子のファンじゃったのに¨¨。<0xdb>おお、ピンクの服の女の子‼<br />見つかったのか!?<br />すぐにこの店のコックにも<br />教えてやってくれ‼<0xdb>こいててうりかいうう０こい	
S0170	1	178	130	妖撃社の方も<br />出前をとるだけじゃなくて<br />たまにはこっちに<br />食べに来てくださいよ。<0xdb00>あれ？<br />目のクリクリした女の子は<br />いないのかい？<arrow>残念だなぁ。<br />あそこのじいさんと<br />ファンクラブを作ろうと<br />思ってたのに¨¨。<0xdb00>おお、目のクリクリした女の子‼<br />見つかったのか!?<br />すぐにあそこのじいさんにも<br />教えてやってくれ‼<0xdb>かい	
S0171	1	88	65	ここいらではっきりといっとくが、<br />妖撃社のはちゃめちゃな行いに<br />俺達は激怒してんだぞ！<0xdb>鈴鈴さん、<br />ケガの方は直ったんですか？<br />よかったよかった。<0xdb>かい	
S0172	1	79	54	えモやえぼ鈴鈴さんを目の前にして<br />文句はいえないわよ。<br />なんたって拳法家なんですもの¨¨。<0xdb>さすがは鈴鈴さん。<br />回復も早い‼<0xdb>かい	
S0173	1	117	83	え×やえブこの前ブラジルから来た男が目の前で<br />ピラルクつー魚を回転しながら<br />見事にさばきおった。<br />上には上がいるな。<0xdb>ブラジルの客人から学んだ<br />新しい技だ‼<br />見よ‼<br />ローリング魚さばきっ‼<0xdb00>かい	
S0174	1	91	68	おわやおく相棒に新たなライバル出現！<br />しかし、どうしたもんかな¨¨。<0xdb00>いやぁ、相棒の奴<br />ついにあのブラジル人の技を<br />マスターしやがったよ。<0xdb>こいてておヌかいうお	
S0175	1	127	86	あら、めずらしくひとりじゃない。<br />かまってあげたいけど<br />今日はあたしが男連れて歩くから<br />また今度ね。<0xdb>昔は男１人で女２人を連れてたのに<br />今じゃ男２人で女１人を<br />取り合ってるなんて¨¨。<br />落ちぶれたもんね。<0xdb>あれ？	
S0176	1	39	28	そのピンクの子って<br />妙に色っぽくなってない？<br />気のせいかなぁ¨¨。<0xdb>ゅ	
S0177	1	79	57	かずやかみ次の『妖撃』も期待してるわよ！<0xdb00>私って<br />こうやってカウンターに立ってるけど<br />何売ってんだか<br />自分でもわからないのよ。<0xdb00>かい	
S0178	1	76	53	かデやかマ妖怪よりも<br />妖撃社のほうが<br />よっぽどこわいわ。<0xdb00>南寧なら<br />ずっとずっと西の方よ。<br />この中国のいちばん端っこね。<0xdb00>ゅ	
S0179	1	111	74	か墓か；新しい技の開発にいそがしい<br />相棒の分も働かにゃならん。<br />なんとかしてくれよ。<0xdb00>相棒の奴、<br />最近、魚屋に<br />リードを許してるからな¨¨。<br />かなり気合い入ってるみたいだぞ。<0xdb>かい	
S0180	1	65	41	きヌやきざ魚屋の奴、<br />新手のワザ師を南米より<br />呼び寄せたらしい。<br />魚屋、恐るべし¨¨。<0xdb>ぐらんだっぱぁ‼	
S0181	1	51	38	ぐらんだっぱぁ‼<br />ぐらんだっぱぁ‼<arrow>もうすぐだ‼<br />もうすぐ何かが<br />つかめそうな気がする¨¨。<0xdb>かい	
S0182	1	53	33	き～やき(今日はどこに行くんだい？<0xdb>南寧まで歩いて行くって？<br />そりゃ大変だ¨¨。<0xdb00>かい	
S0183	1	70	52	くせやき仕しはちょっと眼いんじゃ。<br />邪魔せんでくれ¨¨。<0xdb>いつまでも<br />こんなところにいるなって？<br />よけいなお世話じゃ‼<0xdb00>やくざ	
S0184	1	52	36	ここは香港、<br />魅惑のチャイナシティよ！<br />あやしい恋もしてみた？<br />う～ん、デンジャラス。<0xdb00>かい	
S0185	1	57	40	くギやくヘおや、九龍島へ<br />おでかけかい？<0xdb00>なんだなんだ？<br />今は九龍には用はないはずだろう？<0xdb00>かい	
S0186	1	95	62	く0やく２だうだうだう。<0xdb>犬：<br />わわんわ、わんわんわん。<arrow>龍：<br />はびばのんのん‼<arrow>犬：<br />わわんわ、わんわんわん。<arrow>龍：<br />はびばびばびば‼<arrow>鈴鈴：<br />バカやってんじゃないの‼<0xdb00>かい	
S0187	1	97	72	けぶやけく最近はゲームもブランド志向が進んで<br />売れる商品と売れない商品が<br />はっきりしてきましたね。<0xdb>不況になったら<br />やっぱ、アダルトゲームでしょう？<br />ね、ね、ね？<0xdb>かい	
S0188	1	133	103	け0やけノつまらないゲームはつまらないゲームと<br />あなたははっきりいえますか？<br />この業界食べて行きたいから<br />僕に批判はできまっしぇーん！<0xdb>店の人が<br />やたらとアダルトゲームを<br />勧めてくるんだ¨¨。<arrow>僕はアクションゲームが<br />好きなのにな¨¨。<0xdb>かい	
S0189	1	69	42	『妖撃』<br />次はどういう特集で来るのかしら？<0xdb>今回の『妖撃』、よかったですよ。<br />「一流ホテルにひそむ妖魔の怪。	
S0190	1	43	24	処女の生き血をすする悪魔の儀式‼」<br />うーん、恐い恐い¨¨。<0xdb00>かい	
S0191	1	65	45	こヲやこヌ『妖撃』にゃがんばって<br />ほしいのお。<0xdb00>お？<br />また取材旅行ですかな？<br />いいネタ仕入れてくださいよ‼<0xdb>かい	
S0192	1	12	9	こ～やこ４だ・か・らぁ！	
S0193	1	70	50	来るたびに<br />宝箱を開けるのはやめてくれよ！<0xdb>店を出そうにも<br />場所がないからなぁ¨¨。<br />どこかいい場所はないですか？<0xdb>かい	
S0194	1	154	110	僕のゲームの進行をお知らせしまーす。<br />数多くの女性が行方不明‼事件は迷宮入りかと思われまーす‼<0xdb>どうしようどうしよう‼<br />主人公のパートナーが<br />いなくなっちゃったよ‼<arrow>探さなくっちゃっ‼<arrow>やっぱり、ここは情報通り<br />西へ向かうのがセイカイだと思うな。<0xdb>かい	
S0195	1	85	55	さ，やさォまた来たか。<br />たまに会いに来てくれると<br />うれしいのお¨¨。<0xdb00>じゃから<br />わしゃ、重要な人物じゃないと<br />言っておろう¨¨。<arrow>多分な¨。<0xdb00>かい	
S0196	1	57	41	やさ貧ぼせちゃった¨¨。<0xdb00>いやーっ‼<br />八雲さんや鈴鈴さんはいいけど<br />後ろのおじさんはいやーっ‼<0xdb>かい	
S0197	1	142	105	しテやしぎあたしのゲーム、<br />思考中の表示をつけたまま<br />ハングしてたのよ。<br />５時間も待っちゃった。<0xdb>この間、ゲーム屋に行ったら<br />アダルトゲーム勧められちゃって¨¨。<br />ま、恐いもの見たさで買ったけど<br />まだ封も切ってないんだ。<0xdb00>こいててし，かいうすえこい	
S0198	1	66	47	妖撃社もメジャーになって来る分だけ<br />危険がつきまといはじめたわね。<0xdb00>あれ？<br />ピンクの服の子はどうしたの？<0xdb00>あ‼	
S0199	1	47	34	ピンクの服の¨¨、<br />パイさんでしたっけ？<br />見つかったんですね。<br />よかったよかった。<0xdb00>かい	
S0200	1	111	72	すユやすで龍蠱ってヤツを倒したの？<br />スッゴーイ。<br /><arrow>練打と助速、身羅の術は<br />対ボス戦で有効よね。<0xdb>妖撃社の人って<br />普段は何をしてるのかしら？<br />やっぱり訓練とかかなぁ¨¨。<0xdb>かい	
S0201	1	114	78	やす６妖撃社に入れてもらうために<br />化学兵器つくってんのよ。<br />この前、野原で実験したら一面、火の海にしちゃったんだけどね。<0xdb00>あ、いいところに来た、<br />ちょっと、その薬を混ぜてくれない？<br />え？	
S0202	1	26	17	爆発するからやだ？<br />よくわかったわね¨¨。<0xdb00>し	
S0210	1	68	46	調子はどうじゃ？<0xdb00>ほお、可愛いおなごの写真を<br />持ってるのう。<0xdb00>ほお、可愛いおなごを連れとるのう。<0xdb00>んとょオうつ	
S0211	1	54	38	ねぇねぇ、その武器、<br />どこの店で買ったんだい？<br />教えてくれたら今度おまけするよ。<0xdb>かいＢばや	
S0212	1	374	250	Ｌて¨¨そろそろ、<br />冒険の旅に出なきゃな。<br />腕がなまっちまうぜ¨¨。<br /><arrow>でも明日、病院で身体を<br />チェックしてもらってからにしよう。<0xdb00>なんだい、最近顔を見なかったな。<0xdb00>かいＢ敵い<0xdb>あ；かい（あ；やあナ福州は温泉の町なんだって。<br />だから僕も大人になったら<br />福州に行くんだ‼<0xdb00>日本はオトナの町なんだって。<br />だから僕も大人になったら<br />日本に行くんだ‼<0xdb>福州は温泉の町なんだって。<br />だから僕も大人になったら<br />福州に行くんだ‼<0xdb00>なんとかいう九龍のお金持ちが<br />いなくなったんだって！<br />大人たちが、お屋敷や財産は<br />どうなるんだろうって、言ってたよ‼<0xdb>かい<0xdb>いアやいぼ今日も飯がうまいのお。<0xdb00>今日も飯がうまいのお。<0xdb00>やいナ	
S0213	1	81	57	新メニューが入ったんですよ。<br />出前でもかまいませんので<br />妖撃社の方にも、ぜひ御賞味して<br />いただきたい‼<0xdb00>かいＤヴかい<0xdb>うでこい，つい，ソ	
S0214	1	269	188	妖撃社の奴らは取材とか言って<br />色んなとこ行けていいよなあ。<br />俺もたまには旅行の一つくらい<br />行きたいよなあ。<0xdb>おっ<br />可愛い女の子の写真持ってんじゃん‼<br />¨¨けど、ここらじゃ<br />見かけたことないなぁ。<0xdb>妖撃社の奴らは取材とか言って<br />色んなとこ行けていいよなあ。<br />俺もたまには旅行の一つくらい<br />行きたいよなあ。<0xdb>九龍の俺の実家の方じゃ、<br />今すごいうわさなんだが<br />妖撃社のオーナーの<br />黄舜麗がいなくなってんだって？<0xdb>かいＥサかい<0xdb>えぢこい，つう<br />ソ	
S0215	1	163	111	旅行するなら<br />福州なんて一度行ってみたいわよねえ。<0xdb00>あら¨¨？<br />その写真の女の子、<br />つい最近、見たような気がするわ。<br />でも、どこでだったかしら¨¨。<0xdb00>たまにはゆっくり旅行したいわぁ。<br />温泉なんていいわよねぇ。<0xdb>オーナーがいなくなるなんて<br />妖撃社もこれから、大変ね。<0xdb00>やえギ	
S0216	1	57	34	スランプがこわくて、<br />技がみがけるか！<br />¨¨¨¨¨¨ダメだ¨¨キレがない！<br />なんとかしてくれ¨¨¨¨。<0xdb00>やえ(	
S0217	1	84	57	この前、来た日本人観光客が<br />うちでさばいてる<br />ドデカい魚みて驚いてたよ。<br /><arrow>魚なだけにウオッ‼<br /><arrow>¨¨なんちゃってね。<0xdb00>かい<0xdb>おラこい，つおねソ	
S0218	1	131	74	こないだ大勢の日本人が<br />観光旅行に来てたわ。<br />九龍の方を回るって言ってたけど¨¨。<0xdb00>その写真の子¨¨？<br />さあ¨¨どこかで見た気もするけど。<0xdb00>あら、君また、女連れね‼<br />¨¨¨¨¨¨どこかで見た子ねぇ¨¨。<0xdb00>ゅ	
S0219	1	140	91	いらっしゃいませ‼<br />¨¨¨なんだ、妖撃社の人か¨¨。<0xdb00>こないだ、隣の家の人が福州に行って<br />温泉まんじゅうを買って来てくれたの。<br />たまにはおみやげを<br />人からもらうのもいいわよね。<0xdb00>いらっしゃいませ‼<br />¨¨¨なんだ、妖撃社の人か¨¨。<0xdb00>かい	
S0221	1	271	188	こないだ福州へ<br />温泉旅行に行って来たの。<br /><arrow>ここから北東にある結構遠い<br />いなか町なんだけど<br />のんびりできて、よかったわよ！<0xdb>こないだ福州へ<br />温泉旅行に行って来たの。<br /><arrow>ここから北東へ行った所にある<br />いなか町なんだけど<br />のんびりできて、よかったわよ！<0xdb>あら、後ろの女の子、この前あなたが<br />写真持って探し回っていた子じゃない。<br />見つかったの？<br />よかったわね‼<0xdb>あら、後ろの女の子、<br />この前あなたが、探してた子じゃない。<br />見つかったの？<br />よかったわね‼<0xdb00>ゅ	
S0222	1	79	54	魚屋の奴、技の開発よりも<br />くだらんギャグの開発に<br />走り始めたらしい。<br />相棒はこのすきに腕をみがくって。<0xdb00>かいＩめかい<0xdb>き墓き・	
S0223	1	148	96	こないだ日本人に犬の肉を出したら<br />殴られかけたよ。<br />日本人、恐るべし¨¨。<0xdb00>こないだ客に蛇肉を出したら<br />本気で殴られたよ。<br />わっかんねぇヤツだよな¨¨。<0xdb>こないだ客に蛇肉を出したら<br />本気で殴られたよ。<br />わっかんねぇヤツだよな¨¨。<br /><arrow>あれ¨¨？	
S0224	1	124	80	お客さんたち、<br />なに恐い顔してますんで？<0xdb00>かい<0xdb>く(やくラこの前、観光で<br />日本人が沢山来てたんだぜ。<br />この辺まわった後、九龍の方に行くって<br />言ってたけど¨¨。<0xdb00>今度はどこへ行くんだい？<0xdb>かいＪロかい	
S0225	1	264	184	いつまでも<br />こんなところにいるなって？<br />よけいなお世話じゃ‼<0xdb00>また来たのか。<br />しかし今のところ教えてやるような<br />大した情報は持っとらん。<br />また来るんだな。<0xdb00>また来たのか。<br />しかし今のところ教えてやるような<br />大した情報は持っとらん。<br />悪いが、また次回に期待しとくれ。<0xdb00>わしのところに、よく来たのう。<br />ふっふっふ¨¨よろしい。<br />とっておきの情報を、やろう！<br /><arrow>妖撃社のオーナーの黄舜麗が<br />いなくなったんじゃ‼<br /><arrow>なに、知ってた？<br />つまらん¨¨うぅぅ¨¨。<0xdb00>やけ	
S0226	1	222	144	ここは香港、<br />魅惑のチャイナシティよ！<br />なんだかゾクゾクしちゃうのが<br />ス・テ・キでしょ？<0xdb00>かいＫペかい<0xdb>こゲかい：こぶやこわおや、九龍島へ<br />おでかけかい？<0xdb00>この前、観光で<br />日本人が沢山来てたんだぜ。<br />この辺回った後、九龍の方に行くって<br />言ってたけど¨¨。<0xdb00>おや、九龍島へ<br />おでかけかい？<0xdb00>九龍は今、行方不明になった<br />富豪のうわさで、持ちきりらしい。<0xdb00>かいＫ	
S0228	1	441	301	だうぅ～んッ♥<0xdb00>だうだうだう。<0xdb>かい<0xdb>さヴやさく先日、日本人がのぞきに来ましたよ。<br /><arrow>日本のゲームブランドの人たちらしくて<br />自分たちの作ったゲームの<br />カイゾク版を見てたまげてましたよ。<br /><arrow>まだまだ香港に対する見方が<br />甘いですよね。<br />ハッハッハ‼<0xdb00>たまにはゲームを<br />買ってって下さいよ。<0xdb>かい<0xdb>さ『やさォ日本人に聞くまで<br />自分がカイゾク版のゲームで<br />遊んでたなんて<br />僕、知らなかったよ。<0xdb>最近、面白いソフトがないんだよね。<0xdb>かいＭモかい<0xdb>しざやさ鋭こないだ日本人に向こうのマンガを<br />ゆずってもらったのよ。<br />面白かったわ‼<br />早く香港版出ないかしら。<0xdb00>次の季刊『妖撃』はまだなの？<br />社長の鈴鈴さんまで出張中で<br />発行が遅れてるって聞いたけど¨¨。<0xdb00>オーナーがいなくなったって<br />聞いたけど¨¨。<br />妖撃社の方は大丈夫？<0xdb>かいＮよかい<0xdb>し	
S0229	1	203	138	今号の季刊『妖撃』は<br />観光客によく売れとりますよ。<br />もっとも内容の方はよくわかってない<br />みたいでしたがのお。<0xdb>次号の季刊『妖撃』、早く頼みますよ‼<br />予約して待ってるお客さんまで<br />いますのじゃ。<0xdb>オーナーがいなくなっても<br />お客さんはそんなことで<br />待ってくれませんのじゃ。<br />次号の季刊『妖撃』、早く頼みますよ。<0xdb00>かいＯでかい<0xdb>す<br />やすラ	
S0230	1	287	194	聞いてくれるかい？<br />ボクの新商品開発案！<br /><arrow>宝箱の中に、妖魔か何かを入れて<br />売ろうと思ってるんだけど¨¨。<br />びっくり箱の感覚でさ、<br />ウケると思わないかい？<0xdb>聞いてくれるかい？<br />ボクの新商品開発案！<br /><arrow>宝箱の中に、妖魔か何かを入れて<br />売ろうと思ってるんだけど¨¨。<br />びっくり箱の感覚でさ、<br />ウケると思わないかい？<0xdb>宝箱に妖魔を入れてびっくり箱として<br />売るのはやめたよ。<br /><arrow>モンスター・ハンターを<br />やとう金もないし、<br />自分でつかまえるのはイヤだしね。<0xdb>かいＰぎかい<0xdb>せ墓せペ	
S0231	1	233	162	僕のロープレ、行方不明になった<br />パーティー・メンバーの一人を<br />ずっと、探し続けているんだ。<br /><arrow>今度こそ見つかりそうな気がするけど<br />長い旅になりそうだよ。<0xdb>ふう¨¨<br />からくりモンスターの攻撃は<br />ツラかったなぁ¨¨。<br /><arrow>今度はもう１度、<br />あの町に戻ってみよう！<0xdb00>やったぁぁぁ！<br />中ボスを倒しましたよ！<br /><arrow>なかなかいいシーンだったなぁ。<br />ここまでで、やっと<br />全体の１／４ぐらいなのかなぁ？<0xdb00>かいＰ<speak>かい<0xdb>そ，やそギ	
S0232	1	145	104	ここにひとりでおったから<br />九龍が日本人観光客で<br />にぎわっていたことも知らんかった。<br />かなしいのう¨¨。<0xdb00>また来たか。<br />たまに会いに来てくれると<br />うれしいのお¨¨。<0xdb00>ここにひとりでおったから<br />黄舜麗が消えたことも知らんかった。<br />かなしいのう¨¨。<0xdb>やたと	
S0233	1	514	346	ふやけちゃった¨¨。<0xdb00>かい<0xdb>たテやたり今、日本のゲームのカイゾク版を<br />ナイショで作ってんの。<br />『３×３ＥＹＥＳ』って<br />いうんだけどね♥<0xdb00>あら。最近しばらく<br />顔を見なかったわねぇ。<0xdb>かい<0xdb>た4やたザ最近妖撃社も<br />本を出す以外の仕事の方が<br />割合が高いみたいね。<0xdb>となりの妖撃社が<br />こないだ、明るく騒いでたけど<br />なんかあったの？<0xdb>かい<0xdb>ちゃやた<speak>そういえば、前いっしょに連れて来てた<br />食べ物の話ばかりしてた女の子<br />最近見ないわね。<arrow>パートナーなんでしょ？<br />あの娘がいないと、<br />治癒系の術関係がつらいんでしょ？<arrow>どうしたの？<0xdb00>あら‼<br />後ろにいるのは、例の<br />食べ物の話ばかり、する子じゃない‼<arrow>これでやっと戦力の安定が<br />はかれるわね。<0xdb>かい<0xdb>ち→やちピ最近は私<br />不老不死になる薬を作ってんの。<br />私のこの美しさを永遠に保つには<br />それしかないと思うのよね‼<0xdb>やっぱり不老不死の薬って<br />難しいわね。<br />なんか美容液でも作ってた方が<br />いいような気もしてきたわ¨¨。	
S0240	1	28	21	ほお、可愛いおなごを連れとるのう。<0xdb00>んとょオうつ	
S0241	1	47	30	なんでも、南寧の南の塔には<br />伝説の武器や防具が<br />眼ってるらしいぞ。<0xdb00>や	
S0242	1	25	16	なんだい、最近顔を見なかったな。<br />俺か？	
S0243	1	41	29	もう少し香港で訓練でも<br />しようかと思って。<br />怖いわけじゃないぞ？<0xdb>や	
S0244	1	75	55	鋭なんとかいう九龍のお金持ちが<br />いなくなったんだって！<br />大人たちが、お屋敷や財産は<br />どうなるんだろうって、言ってたよ‼<0xdb>やあぶ	
S0245	1	75	54	今日も飯がうまいのお。<br />今日も飯がうまいのお。<br />今日も飯がうまいのお。<br /><arrow>今・日・も・め・し・が・<br />う・ま・い・の・お。<0xdb>やあヂ	
S0246	1	21	15	新メニュー！<br />「マーボーぎょうざ」ダメ？	
S0247	1	15	12	おいしいんだけどなぁ。<0xdb>やあ2	
S0248	1	105	75	九龍の俺の実家の方じゃ、<br />今すごいうわさなんだが<br />妖撃社のオーナーの<br />黄舜麗がいなくなってんだって？<0xdb>やあ鋭オーナーがいなくなるなんて<br />妖撃社もこれから、大変ね。<0xdb00>やいふ	
S0250	1	77	53	この前、来た日本人観光客が<br />うちでさばいてる<br />ドデカい魚みて驚いてたよ。<br /><arrow>魚なだけにサンショウウオ‼<br />¨¨なんちゃってね。<0xdb>やい０	
S0251	1	38	28	泊まりもいっしょなの？<br />ダイジョウブ？<br />今度くわしく聞かせてよ。<0xdb>ゅ	
S0252	1	63	37	いらっしゃいませ‼<br />¨¨¨なんだ、妖撃社の人か¨。<br />がっかり¨¨¨¨。<br />この責任、どう取ってくれるの？<0xdb00>やうね	
S0253	1	28	20	女の子は大事にしないとね。<br />好きなんでしょう？	
S0254	1	22	15	その子のこと。<br />守ってあげなきゃ。<0xdb00>ゅ	
S0255	1	38	26	相棒の技を使って肉屋じゃない商売も<br />出来るんじゃないか？	
S0256	1	25	16	最近、真剣にそう考えていてね。<0xdb00>やうピ	
S0257	1	52	34	こないだ客に蛇肉を出したら<br />本気で殴られたよ。<br />わっかんねぇヤツだよな¨¨。<br /><arrow>あれ¨¨？	저번에 손님한테 뱀고기를 냈더니<br />진짜로 맞았다니까<br />이해 못 할 녀석이야¨¨<br /><arrow>어라¨¨?
S0258	1	27	19	お客さんたち、<br />なに恐い顔してますんで？<0xdb00>やう	
S0259	1	18	13	今度はどこへ行くんだい？<0xdb>やう	
S0260	1	107	72	わしのところに、よく来たのう。<br />ふっふっふ¨¨よろしい。<br />とっておきの情報を、やろう！<br /><arrow>妖撃社のオーナーの黄舜麗が<br />いなくなったんじゃ‼<br /><arrow>なに、知ってた？<br />つまらん¨¨うぅぅ¨¨。<0xdb00>やえヌ	
S0261	1	45	33	ここは香港、<br />魅惑のチャイナシティなの！<br />まあ、もうよく知ってるわよね。<0xdb>やえピ	
S0262	1	45	28	九龍は今、行方不明になった<br />富豪のうわさで、持ちきりらしい。<0xdb00>やえ；	
S0263	1	45	32	¨¨スッゴイの入ったんですよ。<br /><arrow>お客さんにだけ¨¨<br />おわけしましょうか？<br />どうです？	
S0264	1	12	7	買い得ですよ。<0xdb>な！	
S0265	1	210	128	なななななんと‼<br />あなたが持っているのは、<br />『ＧＧホワイト』ではないですか!?<br /><arrow>うーむ¨¨¨それを持っている人がいたとは¨¨¨、どうでしょう？<br />もしよろしければその『ＧＧホワイト』<arrow>２５０００＄で売っていただけないで<br />しょうか？<br /><0xdb00>『ＧＧホワイト』をわたして、<br />２５０００＄手に入れた。<br /><0xdb00>¨¨¨そうですか、<br />いやー、まったくおしい¨¨¨<br />気が変わったら、また来てください。<br /><0xdb00>やかぴ	
S0266	1	79	49	カイゾク版だって、<br />おもしろければいいじゃない！<br /><arrow>え？<br />ダメなの？<br /><arrow>ちぇっーつまんないのぉ。<br />グレルぞ。<br /><arrow>¨¨¨¨¨¨¨¨<br />今、勝手にグレてろ！	
S0267	1	26	16	と思ったでしょ？<br /><arrow>じゃ、勝手にする。<0xdb>やか0	
S0268	1	33	23	オーナーがいなくなったから<br />妖撃社は危ないの？？<0xdb00>やか『	
S0269	1	57	38	今度の『妖撃』の特集は何ですか？<br />ファンは待ってますよ！<br />取材、ガンバってほしいのぉ。<0xdb>やきし	
S0270	1	83	59	最近は、宝箱の中に開かない宝箱を<br />入れたのが売れてるんです。<br />やっぱりブームを持続するには<br />新しい商品を出していかないとね‼<0xdb00>やきソ	
S0271	1	49	36	塔のダンジョンをクリアしないと。<br />あっ¨¨その前に<br />術の取り忘れはないかなぁ？<0xdb00>やきブ	
S0272	1	53	38	なんと！<br />おぬしには女のカゲが<br />一生つきまとうであろう！<br /><arrow>すまん。<br /><arrow>まったくのカンじゃ。<0xdb>やき▼	
S0273	1	15	9	とろけちゃった¨¨。<0xdb00>やき→	
S0274	1	115	84	かなり前に買ったアダルトゲームを<br />開けてみました。<br /><arrow>中身はたいしたことなかったなぁ。<br /><arrow>え？<br /><arrow>『サザンアイズ』のカイゾク版？<br />作るのやめたわ。<br />怒られちゃったの。そういうのは<br />いけないことだって¨¨。<0xdb00>やくぉ	
S0275	1	33	22	いいなぁ¨¨<br />取材とはいえ<br />いろんな所に行けて。<0xdb00>やくヘ	
S0276	1	126	86	獣魔術ってスゴイんですってねぇ。<br />伝説の術なんでしょ？<br />私も使ってみたいなぁ。<br /><arrow>なんでも、獣魔の卵を持って<br />香港の北にある道場で使うと<br />手にはいるらしいけど¨¨。<br /><arrow>体力がものすごく必要なんだって。<0xdb>やく	
S0279	1	7	6	やな断やにぁ	
S0285	1	30	23	たまには行楽地へ<br />行きたいもんだのう。<0xdb>んとょオうつ	
S0286	1	69	44	そろそろ新しい杖も<br />入荷したいが¨¨<br /><arrow>香港みたいな大都会だと<br />大っぴらな武器商売は<br />キビシクってね¨¨。<0xdb>や	
S0287	1	119	81	遠出するなら、<br />装備は強化しておけよ。<br />って¨¨強くなりやがって。<br /><arrow>おまえら最近、<br />なまいきだぞ！<br /><arrow>「武器は装備しろよ」なんて、<br />やさしく声をかけてやった<br />恩を忘れたのか？<0xdb00>かうぱあでかうべあぺやあで	
S0288	1	107	65	わーい、わーい。<0xdb00>鈴鈴さん、長沙に行くの？<br />僕も行きたいなあ¨¨。<0xdb>かうべあピやあヘおや、鈴鈴女史。<br />あいかわらず香港１、２を争う<br />美しさじゃの。<0xdb>ええ天気じゃのう¨¨。<0xdb>やあ２	
S0289	1	41	29	うちの常連さんは<br />一度来るとなかなか帰らないから<br />こまるよ。<0xdb00>やあ『	
S0290	1	63	40	『妖撃』の人面鳥特集、<br />強力に面白いですね。<br />これからもおもしろい記事を<br />お願いしますよ。<0xdb>やいつ	
S0291	1	27	19	ねえ、<br />人面鳥って食べられるのかしら？<0xdb>やいん	
S0292	1	35	25	新しい技が開発できん。<br />いかんぞ、これはいかんぞっ！<0xdb00>やいア	
S0293	1	67	47	相棒がスランプ状態なんだ。<br />こういう時って、<br />仕事にも力が入らないんだよな、<br />実際。<0xdb>かうぴいピかうぼい６やいピ	
S0294	1	83	56	あなた、いつも女の子と一緒ねえ。<0xdb00>聞いたわよ。<br />今度は長沙へ旅行だって？<br />しかも彼女連れっていうのは<br />あまりに恵まれすぎてない？<0xdb00>ゅ	
S0295	1	49	35	やい温『妖撃』なんてくだらない本だとか<br />いってても<br />結局買っちゃうのよね。<0xdb00>やうみ	
S0296	1	71	45	今号の『妖撃』見たわよ。<br />『長沙に謎の人面鳥あらわる』<br />おもしろいじゃない。<br />この調子で次号もがんばってね！<0xdb>ゅ	
S0297	1	47	35	ライバル関係も<br />ほどほどにしてほしいよな。<br />俺の仕事が増えるばかりだよ。<0xdb00>やうャ	
S0298	1	267	185	魚屋の奴、<br />新しい技を開発したんだろうか？<br />そりゃまずい、まずいぞっ！<0xdb00>かうべう墓う×お、久しぶりだね。<br />鈴鈴さんにでも呼ばれているのかい？<0xdb>今度はどこに行くの？<br />大変だね、実際。<0xdb00>かうぼえょやえねわしにほれとるのか？<br />こんなところに二人きりでは<br />人にあやしまれるじゃろ。<br />その辺、わかってくれい！<0xdb00>わしに頼るなというとろーが。<br />世話のかかる奴じゃな。<br /><arrow>この町の北の大トンネルを抜けると<br />長沙じゃ。<br />何、もう知っちょる？<br />なんじゃ、つまらん¨¨。<0xdb00>やえ６	
S0299	1	26	17	ここは香港、<br />魅惑のチャイナシティ！<br />どう？	
S0300	1	74	49	楽しんでる？<br />あたしはハッピーよっ！<0xdb00>やえ<portrait_00>立ち続けるのはつらいよ。<br />別の場所の警備もさせてほしいよな、<br />実際¨¨。<0xdb>やおつ	
S0302	1	34	22	たまには特価品ソフトも<br />置いた方がいいのかな¨¨。<0xdb00>な！	
S0303	1	210	128	なななななんと‼<br />あなたが持っているのは、<br />『ＧＧホワイト』ではないですか!?<br /><arrow>うーむ¨¨¨それを持っている人がいたとは¨¨¨、どうでしょう？<br />もしよろしければその『ＧＧホワイト』<arrow>２３０００＄で売っていただけないで<br />しょうか？<br /><0xdb00>『ＧＧホワイト』をわたして、<br />２３０００＄手に入れた。<br /><0xdb00>¨¨¨そうですか、<br />いやー、まったくおしい¨¨¨<br />気が変わったら、また来てください。<br /><0xdb00>やかヴ	
S0304	1	51	34	最近のソフトは甘口になった。<br />あなたもそう思いませんか？<br />¨¨¨¨¨なーんちゃって！<0xdb>やか4	
S0305	1	79	56	『妖撃』おもしろいじゃない！<br />今度からは立ち読みじゃなくて<br />ちゃんと買うことにするわ。<arrow>¨¨そう、<br />実は今まで買ってなかったのよ。<0xdb>やきえ	
S0306	1	69	40	今号の『妖撃』はいつもの倍、<br />売れとりますよ。<br /><arrow>「妖魔階層塔の謎に迫る！」<br />う～ん、いいタイトルだ！<0xdb00>やきぅ	
S0307	1	31	19	宝箱屋。<br />この商売の意味って何だろう？<0xdb>やきノ	
S0308	1	43	30	仲間の救出は<br />忘れないようにしないと。<br />ぜったい心強いもんね。<0xdb00>やきピ	
S0309	1	49	35	たまに話しかけに来てくれるだけで<br />わしは幸せなんじゃ。<br />見捨てんでくれよ¨¨。<0xdb00>やき▼	
S0310	1	54	39	あんたが来る時って<br />必ずあたしが<br />入浴中なんだけど<br />それって本当に偶然なのかしら？<0xdb>やく	
S0311	1	249	169	来たるべきゲーム大会に備えて<br />日夜、指をきたえていますっ！<0xdb00>かうぼくスやくん上の階の子に頼まれて<br />調べ物をしているのよ。<br />ごめんね、相手できなくて¨¨。<0xdb00>戦ってばかりいないで<br />情報を集めることも<br />必要な事よ。<0xdb00>かうべく「やくゾ新しい『妖撃』に出てた<br />人面鳥って一体何者なのか<br />個人的に調べてるの。<br />何かわかったら教えてあげるわ。<0xdb00>私が思うに<br />人面鳥はタクヒだと思うのよ。<br />どう思う？<0xdb>かうべけたやく	
S0312	1	64	46	バイオで人面鳥は作れるのかしら？<0xdb00>私にバイオ化学は<br />向いてないようだわ。<br />別の分野にアタックしようっと！	
S0313	1	7	6	やの断やはサ	
S0316	1	40	30	たまにはこの町の外に<br />出たいもんじゃが。<br />¨¨それはムリか。<0xdb>んとょオうつ	
S0317	1	57	44	なんか、チベットの方に<br />すごい剣があるらしいんだ。<br />見つけてきて売ったら<br />すごい大もうけだろうね。<0xdb00>や	
S0318	1	69	47	ちくしょ¨¨<br />こうなったら意地でも言い続けてやる！<br /><arrow>武器は装備しないと役に立たないぞ！<br /><arrow>どうだぁぁぁぁ！<0xdb00>やあく	
S0319	1	51	41	妖撃社の人が<br />みんないそがしいから<br />ボクはひとりで遊ばなくっちゃ<br />ならないんだいっ‼<0xdb>やあで	
S0320	1	65	47	いいお天気ですのお。<br />いいお天気ですのお。<br />いいお天気ですのお。<br /><arrow>い・い・お・天・気・<br />で・す・の・お。<0xdb>やあヲ	
S0321	1	15	9	景気の方は？<br />ぼちぼち？	
S0322	1	19	13	ガバガバ？<br />どっちなんだい？<0xdb00>やあ２	
S0323	1	50	31	今号の『妖撃』の予告にあった<br />「昆侖をゆく」って<br />なんの特集なんですか？<0xdb00>やあ	
S0324	1	83	53	最近の妖撃社は<br />モンスターハントの仕事が<br />多くなったみたいね。<arrow>次号予告の、<br />「昆侖、はるかなる旅」って<br />期待してるわよ。<0xdb00>やいぎ	
S0325	1	49	37	言えない¨¨。<br />相棒のギャグがつまらなすぎて、<br />スランプになってるなんて言えない。<0xdb>やいチ	
S0326	1	61	46	相棒¨¨スランプから<br />まだ脱出できないでいるよ。<br />なんだかなぁ¨¨そんなに<br />ナイーブなヤツだったっけか？<0xdb00>やいャ	
S0327	1	39	31	いいなぁ¨¨ベッタリくっついてて。<br />あたしも彼とそんなふうに旅したい！<0xdb>ゅ	
S0328	1	75	54	なんてくだらない本だとか<br />いってても<br />結局買っちゃうのよね。<arrow>楽しみにしてるんですからね。<br />『妖撃』。<br />はやく出しなさいよ！<0xdb00>やうふ	
S0329	1	53	32	今って何の取材で旅行してるの？<br />次号の『妖撃』の特集のタイトル、<br />教えてよ！<0xdb>ゅ	
S0330	1	43	33	魚屋もうちも<br />こんなことで張り合い続けたら<br />いつかつぶれちまうぞ。<0xdb00>やうザ	
S0331	1	35	21	日々これ、努力。<br />そこから新しい技が始まるのだ！<0xdb>やう４	
S0332	1	27	16	今度はどこに行くの？<br />大変だねえ。<0xdb00>やう！	
S0333	1	11	8	寧波じゃないのか？	
S0334	1	53	37	ん？<br />どうせもう知っとるんだろう？<br />としよりをバカにするなぁぁぁ！<br /><arrow>え～ん¨¨<br /><arrow>なんてな。<0xdb00>やえく	
S0335	1	15	10	ようこそ香港へ。<0xdb00>やえね	
S0336	1	69	50	俺ってなんでここに<br />立たされてるのかなぁ？<br />説明してほしいよなぁ。<br /><arrow>しかし¨¨今は九龍に<br />用はないんじゃないか？<0xdb>やえス	
S0337	1	18	16	ミつえ、ぉおかコことぶてえ ぉおザタ	
S0338	1	24	14	やっぱり、メガＣＤ２はいいでしょ？<br />ねぇ？？	
S0339	1	45	28	買って、よかったっていう<br />意見が多いんですよ。最近。<br />私もその１人。<0xdb>な！	
S0340	1	209	127	なななななんと‼<br />あなたが持っているのは、<br />『ＧＧホワイト』ではないですか!?<br /><arrow>うーむ¨¨¨それを持っている人がいたとは¨¨¨、どうでしょう？<br />もしよろしければその『ＧＧホワイト』<arrow>１８０００＄で売っていただけないで<br />しょうか？<br /><0xdb00>『ＧＧホワイト』をわたして、<br />１８０００＄手に入れた。<br /><0xdb00>¨¨¨そうですか、<br />いやー、まったくおしい¨¨¨<br />気が変わったら、また来てください。<br /><0xdb00>やお	
S0341	1	53	31	ゲームは毎日、２０時間！<br />¨¨こんなこといってると<br />ＰＴＡにおこられるな。<br />きっと。<0xdb>やかつ	
S0342	1	69	51	ゲームの攻略本って<br />いろいろあるのねぇ。<br />弟のゲームはなんていったけ？<br /><arrow>『妖撃』よりも<br />ゲームの方がおもしろいわ。<0xdb>やかキ	
S0343	1	109	72	えっちな本はいらんか？<br />おおっと、子供には<br />売っちゃいかんのじゃったな。<arrow>子供じゃない？<br />こりゃまたシツレイ。<arrow>今号の『妖撃』、<br />「人面鳥の怪」ですか¨¨<br />いまいちなんですよねぇ。<0xdb00>やか！	
S0344	1	26	17	中身の取れない宝箱って<br />イヤだろ？<0xdb00>やか	
S0345	1	45	31	神の大地に続く門を<br />探してるんですよ。<br />なかなか見つからなくて¨¨。<0xdb>やきた	
S0346	1	83	56	み、見捨てられたかと思った¨¨。<br /><arrow>泣くぞ。<br />ウソじゃないぞ。<br /><arrow>老人が、手をふりながら<br />ワンワン泣くぞ。<br /><arrow>また来てくれるとうれしいのぉ。<0xdb>やきテ	
S0347	1	53	41	いつも入浴中のあたしもあたしだけど<br />それを知ってて会いにくる<br />あんたもあんたよね¨¨。<0xdb00>やきァ	
S0348	1	78	54	指たてふせをくりかえして、<br />必殺技「炎のコマ」を<br />マスターするのよ！<br /><arrow>う～ん、あたしがゲーム界の<br />女王様になる日も近いわねぇ。<0xdb>やき	
S0349	1	61	44	妖撃社の編集部にある本だなには、<br />なかなかカルトな本が<br />そろってるんでしょ？<br />こんど見せてね。<0xdb00>やくり	
S0350	1	21	13	勉強のしすぎで眼いわ¨¨。<0xdb00>やくば	
S0351	1	26	18	試験が近いの。<br />勉強のじゃまをしないでね。	
S0357	1	7	6	やて断やとぉ	
S0358	1	7	6	やの断やはテ	
S0360	1	7	6	やと鋭やなぉ	
S0362	1	54	41	なにかと大変そうじゃのぉ。<br />大変そうなのでハゲましてあげよう。<br /><arrow>う～ん、よかったね。<0xdb>んとょオうつ	
S0363	1	81	60	どうにかしてよ！<br />キミたちの装備見てたら、<br />悲しくなってきちゃったよ！<br /><arrow>なんでそんなにいいもの着てるの？<br />教えて、教えて、教えてちょーだい。<0xdb>や	
S0364	1	68	45	いいかげん、自信まんまんだろ？<br />ちぇっ。自分たちだけで<br />強くなりやがって。<br /><arrow>お願い¨¨俺も連れてって。<br />守って。ね？	
S0365	1	45	34	ね？<0xdb>きおああぞやあキ八雲さん！<br />またモンスターハンティング？<br />おかえりなさい！<0xdb>え？	
S0367	1	25	17	今度冒険を<br />くわしく聞かせてね。<0xdb>やあゲ	
S0368	1	40	25	香港はいいじゃろ？<br />中国本土はワシには広すぎてなぁ¨¨。<0xdb00>やあ4	
S0369	1	44	31	フライパンの返しはこうやるんだぁぁ！<br />ジュッ<br /><arrow>あ、あちあちあち¨¨¨¨。<0xdb00>きおああ	
S0370	1	152	105	やいし昆侖？<br />仙人が住んでたんだよねぇ。<br />でも¨¨本当にあるのかなぁ？<0xdb>今度はチベット？<br />しかしキミもいそがしいよね。<br />で、どう？<br />まだ妖魔ってやっぱり怖い？<0xdb00>きおあいぺやいモあらあら¨¨。<br />昆侖つぶれちゃったんですかぁ。<br />あこがれの桃源郷はどこに¨¨。<0xdb00>チベット？	
S0371	1	29	19	今度こそ本当に<br />昆侖があるといいね。<0xdb00>やいペ	
S0372	1	49	33	ふぅ¨¨やっと忘れてきたよ。<br />あのくだらないギャグ。<br />よし、新技を開発しよう！<0xdb00>やい―	
S0373	1	97	64	最近、なんだか妖魔が<br />強くなってるんだって？<br /><arrow>いや、妖撃社の人から<br />聞いたんだけどね。<br />相棒が妖魔相手に技をみがく！<br />なんていわなきゃいいけど¨¨。<0xdb00>やうわ	
S0374	1	51	34	２人きりで旅行かぁ¨¨<br />思い出すわぁ。<br />¨¨まっ、あたしにもイロイロ<br />あったってことよ。<0xdb>ゅ	
S0375	1	59	36	ねえねえ、前回の『妖撃』の特集、<br />「幻の昆侖」の続きはどうなったの？<br />教えなさいよぉ。<0xdb00>やうヵ	
S0376	1	55	41	へぇ¨¨昆侖。<br />なかなかハードになってきたみたいね。<br />人ごとだからワクワクしちゃうわ！<br />ごめんね。<0xdb00>ゅ	
S0377	1	21	14	調子は？<br />血が足りないんじゃない？	
S0378	1	14	9	顔が青白いよ？<0xdb>やえた	
S0379	1	35	21	もう少しで、<br />新しい技が生まれそうだ！<br />う～ん¨¨。<0xdb00>やえざ	
S0380	1	45	30	香港も最近、治安がいいんですよ。<br />観光に力をいれてますからね。<0xdb00>やえチ	
S0381	1	54	39	大した情報はないって、何度も何度も<br />いわすんじゃないぃぃぃぃぃぃ！<arrow>とゆうちょろうが¨¨。な？	
S0382	1	58	37	ここは香港、<br />魅惑のチャイナシティ。<br />男と女がすれ違う、あやうい街¨¨。<br />くぅ¨¨イッカスゥ！<0xdb>やえ	
S0383	1	43	26	最近、観光客が少ないんだよなぁ。<br />あ～ぁ、俺も旅行したい！<0xdb00>やおく	
S0385	1	8	7	ミモ？ヌあやかざ	
S0386	1	38	29	ゲーム業界はなんだかんだいっても<br />これからの市場だからねぇ。<0xdb00>な！	
S0387	1	210	128	なななななんと‼<br />あなたが持っているのは、<br />『ＧＧホワイト』ではないですか!?<br /><arrow>うーむ¨¨¨それを持っている人がいたとは¨¨¨、どうでしょう？<br />もしよろしければその『ＧＧホワイト』<arrow>１５０００＄で売っていただけないで<br />しょうか？<br /><0xdb00>『ＧＧホワイト』をわたして、<br />１５０００＄手に入れた。<br /><0xdb00>¨¨¨そうですか、<br />いやー、まったくおしい¨¨¨<br />気が変わったら、また来てください。<br /><0xdb00>やかヌ	
S0388	1	40	29	１秒間に１６回ボタンを<br />押せるだけでヒーローになれるんだね？<br />わかった！	
S0389	1	12	8	練習するよ！<0xdb>やかォ	
S0390	1	66	44	あなたがこの『妖撃』の記者さん？<br />小さいのにたいへんねぇ¨¨。<br />おたくの本は、毎回買ってますわ。<arrow>ウソ。<0xdb>きおあか	
S0391	1	98	59	やきふあっ、藤井さん。<br />今回も『妖撃』完売ですよ。<br />『昆侖大研究』、<br />おもしろいですねぇ。<0xdb>『妖撃』の編集ってハードなんだろ？<br />若いのに大変だねぇ。<0xdb>やきぴ	
S0392	1	147	97	あ～ぁ¨¨<br />宝箱やなんていう<br />くだらない考えは捨てて、<br />マジメに、働こうかなぁ。<0xdb>きおあきルやきャいいかげん休憩しないと。<br />次はいよいよ上の大地に行けるんだ！<0xdb>次のＭＡＰかぁ。<br />新しいＭＡＰへ進むのって<br />毎回ドキドキしちゃうなぁ。<0xdb00>きおあき→やき	
S0393	1	145	101	う～んまたまたまた来てくれたのか。<br />ウソの情報を教えるんじゃダメ？<0xdb>あ、その目はまだワシが何か重要な<br />キャラじゃと思っとる？<arrow><br /><arrow>もしかしたらいつか、おいしい情報を<br />教えるかもしれんぞ¨¨¨¨¨<arrow><br />だってな、実はワシは¨¨¨¨<arrow><br />ただのじじいじゃよ～ん。<0xdb00>やくノ	
S0395	1	61	41	最近はＳＬＧにはまってます。<br /><br />バリバリのおたくでしょ？<br />そろそろ食料の買い出しに行かないと。<0xdb>やけに	
S0396	1	55	38	妖撃社から本を<br />借りてきたんだけど¨¨。<br />この藤井一って人の<br />ファンになっちゃった。<0xdb>やけゃ	
S0397	1	111	71	へぇぇ。昆侖かぁ¨¨。<br />あ～ん、なんだかロマンを<br />感じてきちゃったっ！<br /><arrow>しょくん！<br />不老不死伝説は真実なのだろうか？<br />いや、真実にせねばならない！<br /><arrow>¨¨なんてふうに演説したいわ。<0xdb00>やけ、	
S0398	1	56	34	中国の歴代の権力者はみんな、<br />不老不死の薬を求めてたのよね。<br /><arrow>私もほしいなぁ¨¨。	
S0407	1	100	75	なんじゃ、この世界の未来は<br />おぬしらにかかってたのか¨¨<br /><arrow>いやじゃ。<br />そんなのは、いやじゃぁぁぁぁぁ！<br />ワシは、自分の未来は自分で<br />なんとかしたいのじゃぁぁぁぁぁ！<0xdb>んとょオうつ	
S0408	1	32	21	ねぇねぇ¨¨売らない？<br />なんでもいいからさぁ。<br />５０＄でどう？	
S0410	1	53	39	昆侖やらを通って、<br />聖地まで連れてってくれない？<br /><arrow>そうすれば俺のレベルが<br />あがるじゃない？	
S0411	1	62	45	な？<br />昔からの知り合いじゃん？<0xdb00>きおああゃやあヘ八雲さん！<br />またモンスターハンティング？<br />おかえりなさい！<0xdb>え？	
S0412	1	25	17	今度冒険を<br />くわしく聞かせてね。<0xdb>やあァ	
S0413	1	40	26	香港はいいじゃろ？<br />中国本土はワシには広すぎてな¨¨。<br />チベット？	
S0414	1	20	15	いかんいかん。<br />ここがいちばん。<0xdb00>やあ	
S0415	1	135	94	なんか大変な旅をしてるんだって？<br />みんなから聞いたよ。<br />がんばりな。自分の人生だしね。<0xdb>きおあいめやいぅ昆侖？<br />仙人が住んでたんだよねぇ。<br />でも¨¨本当にあるのかなぁ？<0xdb>今度はどこ？<br />しっかし、<br />キミもいそがしい人だよね。<br />で、どう？	
S0416	1	73	49	まだ妖魔って怖い？<0xdb00>きおあいゲやい2あらあら¨¨。<br />昆侖つぶれちゃったんですかぁ。<br />あこがれの桃源郷はどこに¨¨。<0xdb00>チベット？	
S0417	1	29	18	今度こそ本当に<br />昆侖があるといいね。<0xdb00>やい＄	
S0418	1	51	29	またまた新しい技を開発した！<br />見よ‼<br />今、必殺の<br />７段攻撃生け作り！<0xdb>やうこ	
S0419	1	55	39	なんかしらないけど、相棒のヤツ、<br />スランプから脱出したらしい¨¨。<br />燃えてるのがこわい¨¨。<0xdb>やうぼ	
S0420	1	37	26	なんだか、あなたたち、<br />どんどん遠くへ<br />行ってしまうみたい¨¨。<0xdb00>ゅ	
S0421	1	49	29	はぁ¨¨なるほどねぇ¨¨。<br />あなたたち、今、昆侖探してるんだ？<br />大変ねぇ¨¨。<0xdb>やうョ	
S0422	1	59	37	『妖撃』読んで、あたしも勉強したの。<br />昆侖って「天へ通づる道」って<br />意味があるらしいわよ。<0xdb>ゅ	
S0423	1	53	38	うちの肉でも喰って<br />もう少し血を増やしなよ。<br />あんたの顔、お化けみたいに青いぞ。<0xdb00>やえふ	
S0424	1	45	28	新しい技を開発したぞ。<br />見よ‼<br />真空投げ‼<arrow><br />そこまでして勝ちたいのか？	
S0425	1	9	6	オレは。<0xdb00>やえウ	
S0426	1	77	54	香港も最近、治安がいいんですよ。<br />観光に力をいれてますからね。<br />これで妖魔がなんとかなれば¨¨<br />そのへん、お願いしますよ。<0xdb>やえョ	
S0427	1	43	39	こんなところでウダウダしてないで、<br />おぬしにはやらねばならぬことが<br />あるのではないか？	
S0428	1	67	42	ここは香港、<br />魅惑のチャイナシティ¨¨。<br />だから誰かが恋しくなる¨¨。<br />う～ん、人間１人じゃつらいもんね。<0xdb00>やおは	
S0429	1	39	29	いいなぁ、いろんなところに行けて。<br />自由に歩き回りたいなぁ！<0xdb>やおぼ	
S0430	1	71	53	ぢゅわん。ぢゅぢゅぢゅわん。わん。<br />ぢゅわん。ぢゅぢゅわん。ぢゅる。<br />ぢゅる。ぢゅるぢゅる。ぢゅぢゅ。<br />ぢゅわん。ぢゅわん。ぢゅわ～ん！<0xdb00>ソ	
S0431	1	48	32	メガＣＤじゃなきゃ、<br />ここまでのゲームは<br />完成できなかった！！<arrow>ほめすぎかなぁ？<0xdb00>な！	
S0432	1	210	127	なななななんと‼<br />あなたが持っているのは、<br />『ＧＧホワイト』ではないですか!?<br /><arrow>うーむ¨¨¨それを持っている人がいたとは¨¨¨、どうでしょう？<br />もしよろしければその『ＧＧホワイト』<arrow>３００００＄で売っていただけないで<br />しょうか？<br /><0xdb00>『ＧＧホワイト』をわたして、<br />３００００＄手に入れた。<br /><0xdb00>¨¨¨そうですか、<br />いやー、まったくおしい¨¨¨<br />気が変わったら、また来てください。<br /><0xdb00>やか８	
S0433	1	80	50	あぁ～、ゲームは楽しいなぁ！<br />これほど楽しいモノは無いよね。<br /><arrow>キミもそう思うだろ？<br />彼女なんかいらないやっ！<br /><arrow>¨¨¨¨¨¨¨ぐすん¨¨。<0xdb00>やき	
S0434	1	55	31	最近、『妖撃』の新刊が<br />発売されないんだけど¨¨。<br />会社、ダイジョウブなの？？？<0xdb00>やきぞ	
S0435	1	36	21	最近¨¨<br />『妖撃』の新刊が出てないんよ。<br />なんとかしてよ。	
S0436	1	70	48	でもね、考え直してね、<br />もう少し夢を追いかけようと思うんだ。<br />世界中にボクの名前入りの宝箱が、<br />ばらまかれてる！	
S0437	1	12	9	ゾクゾクするぅ。<0xdb>やき8	
S0438	1	48	33	う～ん¨¨むずかしいよぉ。<br />カラクリ迷宮や最後の大地の謎は<br />ふくざつぅぅぅ！<0xdb>やき	
S0439	1	89	65	よし、ひとついいことを教えよう。<br /><arrow>なんとか三十二画図を<br />たくさん集めてもらえる武器は、<br />かなりスゴイらしいぞ。<br /><arrow>死んだバアさんがよく言ってた。<0xdb00>やくぴ	
S0440	1	21	16	そんなに、いっしょに入りたい？<0xdb00>やくケ	
S0441	1	57	43	最近、ゲームにあきてきちゃって。<br />こうなったら自分で作ろうっと。<br />ゲームデザイナーへの道ね！<0xdb00>やくボ	
S0442	1	61	40	会いたいなぁ¨¨<br />この本を書いた、藤井一さんに。<br />あなた、この人がどこに住んでるか、<br />知らない？<0xdb>やく『	
S0443	1	63	46	いいわよねぇ¨¨チベットの奥地には<br />まだまだ人類の謎が隠されているわ。<br />あたしも取材に連れてって。<0xdb00>やけつ	
S0444	1	80	51	あなたって不死身なんですって？<br />妖撃社の人に聞いたわよ。<br />お願い、研究させて。<br /><arrow>あたしのために、<br />１度死んでちょうだい。<br /><arrow>ねぇ～？	
S0445	1	69	49	お・ね・が・いっ。<br />死んでくれたら、<br />『むにゃむにゃ』なことを<br />させてあげる。<br /><arrow>『むにゃむにゃ』よ。ね？<br />死んで。いますぐ死んで。	
S0448	1	7	6	やな鋭やにず	
S0449	1	7	6	やは断やひケ	
S0450	1	7	6	やに断やぬぅ	
S0453	1	19	15	預かっている品物がありません<0xdb>や	맡아 둔 물건이 없습니다<0xdb>や
S0455	1	39	21	この南側が香港島、<br />北側が悪名高き九龍地区だ。<0xdb>や	
S0456	1	27	18	どうじゃ？<br />九龍もそう悪くない街じゃろ？<0xdb00>や	
S0457	1	81	51	雷電のやろー<br />突然、行方不明になりやがって‼<br />¨¨結局奴には一度も勝てなかったな。<arrow>よし‼<br />奴が帰ってくるまで特訓だ‼<0xdb>やあた	
S0458	1	79	52	九龍教の教祖が<br />行方不明になったらしいな。<arrow>あの宗教が大きくなれば、<br />九龍は一つにまとまると<br />思ったんだけどな¨¨。<0xdb00>やあソ	
S0459	1	65	46	香港市街の男達って<br />九龍の女はみんな娼婦だと<br />思ってるらしいけど<br />そんなワケないじゃないねぇ¨¨。<0xdb>やあョ	
S0460	1	53	35	ほう、<br />あの九龍ビルに入ってきたのか¨¨。<br />で、どうじゃ？<br />何か面白いことはあったか？<0xdb>やあ→	
S0461	1	69	50	最近はワクワクすることなぁ～い？<0xdb00>やあＡあたしもいつかは<br />大富豪のお気に入りかなんかに<br />なりたんもんだねぇ¨¨。<0xdb>やいほ	
S0462	1	45	31	あーあ、この間までは<br />日本の金持ちがワンサカと<br />来てたのになぁ¨¨。<0xdb00>やいぉ	
S0463	1	20	14	九龍ビルに入ったの？<br />どうだった？	
S0464	1	13	8	面白かった？<0xdb00>やいム	재밌었어?<0xdb00>やいム
S0465	1	35	27	化物がいなくなったなら<br />またこのビルに住みたいよな¨¨。<0xdb>やいピ	
S0466	1	25	15	へぇ、<br />よく生きて戻ってきたな¨¨。<0xdb00>やい0	
S0467	1	33	23	ようやく橋が開通しました。<br />さぁ、渡ってください。<0xdb>やい『	
S0468	1	44	29	やっと香港大橋が<br />開通しましたよ。<br />これでうまい飯屋に行ける。<0xdb00>やう	
S0469	1	39	32	おまえたちもいいかげん<br />香港にくわしくなっただろう？<br />よかったな。<0xdb>やうり	
S0470	1	57	41	倉庫の扉が<br />開きっぱなしなのはいいけど、<br />中で何やってるか<br />気になってしょうがないわ¨¨。<0xdb00>やうチ	
S0471	1	45	34	やっぱ港はいいよね。<br />将来はユウゾー・カヤマのような<br />海男になるぞっ‼<0xdb00>やうバ	
S0472	1	33	24	しっかし客がこないなぁ。<br />気長にやるしかないけど。<0xdb00>やう2	
S0473	1	58	41	黄夫人と知合いになった？<br />うらやましいなぁ¨¨。<br />ウワサじゃスッゴイ美人なんだろ？<br />どうだった？<0xdb>やう	
S0474	1	65	46	やっぱり、ここの料理はウマイ。<br />海原さんでも味っこでも<br />かなわないんじゃないか？<br />弟子にしてほしい¨¨¨。<0xdb00>やえぎ	
S0475	1	71	60	今日はシタビラメのムニエルと<br />ザーサイラーメンとチーズと<br />牛どん定食とシェフサラダと<br />アサリスパとチャンポンを食べよっと。<0xdb>やえラ	
S0476	1	155	113	カッター買ったー。<br /><arrow>はーっはっはっは、<br />ほーっほっほっほっほ、<br />はーっはっはっは、<br /><arrow>うれしかったー。<br /><arrow>はーっはっはっは、<br />ほーっほっほっほっほ、<br />はーっはっはっは、<br /><arrow>うーん、ナイスギャグ。<0xdb>やえ<portrait_00>聞こえない、聞こえない。<br />何も聞かなかった。<br />うん、聞かなかった。<br />うんうんうん。<0xdb00>やおと	
S0477	1	47	32	お隣の店は¨¨<br />やっぱりマズかったわ¨¨。<br />人がいないのはダテじゃないわ¨¨。<0xdb00>やおぴ	
S0478	1	19	14	やっと御飯が来たんだよ‼<0xdb>やおキ	
S0479	1	39	29	おう、また出前してくれよ。<br />うちのラーメンは天下一なんだぜ！<0xdb>やおヴ	
S0480	1	71	46	どーだ？<br />舜麗夫人、美人だったろ？<arrow>何？<br />後ろにいる娘っこのほうがいいって？<br />おまえはまだまだケツが青いよ¨¨。<0xdb00>やお▼	
S0481	1	30	21	ここがアバディーンだ。<br />結構、景色がいいだろ？<0xdb>やお	
S0482	1	46	30	黄邸から<br />仕事の補助を受けることになったって？<br />いいな、いいな¨¨。<0xdb00>やかは	
S0483	1	21	17	さて、ペヤング探しでもするかな。<0xdb>やかぎ	
S0484	1	31	22	もうフリーパスだ。<br />勝手に出入りしていいぞ。<0xdb00>やかょ	
S0485	1	35	23	元気で冒険してるか？<br />オレも旅に出ようかなぁ¨¨。<0xdb>やかラ	
S0486	1	37	26	いやー、<br />なかなかバレないもんですねぇ<br />世の中甘いや¨¨。<0xdb00>やかォ	
S0487	1	51	34	ほっほっほ。<br />ほーっほっほっほ。<br />また今日も浮気しているとは<br />夫も思うまい¨¨。<0xdb00>やか『	
S0488	1	42	30	僕が勇者をやる‼<br />名前はウゴウゴだぁ‼<br />もう決めたんだぁぁぁぁぁ‼<0xdb>やか	
S0489	1	41	27	じゃあ、僕は武闘家でいいや。<br />かいしんの一撃の連発だぁ！<0xdb00>やきり	
S0490	1	29	20	ちなみに３人の名前は<br />トン、チン、カンだよ。<0xdb>やきぺ	
S0491	1	51	36	三つ子が主人公のロープレって<br />面白いと思わない？<br />僕ならきっと買うけどな。<0xdb>やきル	
S0492	1	20	12	わしの機械は作動したか？<br />何？	
S0493	1	58	37	また壊れたか¨¨。<arrow>まぁいい。<br />もう次の機械の開発に入ってるからな。<br />期待して待ってろ。<0xdb>やき―	
S0494	1	46	28	ふっふっふ。<br />また今日も浮気しているとは<br />妻も思うまい¨¨（反語）。<0xdb00>やき	
S0495	1	43	29	いやー、<br />そろそろバレると思うんだけど¨¨。<br />しかし世の中甘いわ¨¨。<0xdb>やくよ	
S0496	1	37	30	こわくなんかないぞぅ。<br />こわくなんかないぞぅ。<br />こわくなんかっ‼<0xdb00>やくぉ	무섭지 않다고<br />무섭지 않다고<br />こわくなんかっ‼<0xdb00>やくぉ
S0497	1	133	82	風嵐：<br />教祖様は言われました。<br />「もし私と雷電が帰って来なかったら<arrow>私達は救世主様を探しに<br />東の国に旅立ったと<br />信者達には伝えてください。」<arrow>¨¨しかし私は<br />教祖様のことが<br />心配でなりません。<0xdb00>やく『	
S0498	1	85	59	ワシの若い頃は<br />誰もが妖魔の存在を知っておった。<arrow>じゃが科学の進化とともに<br />誰も妖魔を信じなくなった、<br />見えなくなったのじゃ。<0xdb00>やけり	내가 젊었을 땐<br />누구나 요마의 존재를 알고 있었지<arrow>허나 과학이 발전하면서<br />아무도 요마를 믿지 않게 됐어,<br />보이지 않게 된 게야<0xdb00>やけり
S0499	1	65	46	せっかく教徒になったのに残念ね¨¨。<br />でも私達は同じものを信じる仲間よ。<br />またここに集まりましょう。<0xdb>やけノ	
S0500	1	31	22	教祖様は<br />妖魔に殺されてしまったのですか？<0xdb>やけゾ	
S0501	1	47	28	私は信じている。<br />教祖様が救世主を連れて<br />帰って来ることを¨¨。<0xdb>やけ 	
S0502	1	77	50	今日限りでミサは<br />しばらく休止にするそうです¨¨。<br />が、教祖様が帰って来られるまで<br />我々は毎日、ここに集まります‼<0xdb00>やこく	
S0503	1	43	28	教祖様は<br />救世主を探すために<br />東の国に旅立たれたそうだ。<0xdb>やこざ	
S0504	1	51	30	あの日以来、<br />明明が行方不明なのよね。<br />ひょっとして教祖様って¨¨。<0xdb00>やこヌ	
S0505	1	56	38	雷電は<br />教祖様のお供として<br />一緒に東の国に行ったらしいよ。<arrow>なんかゲームみたいだね。<0xdb00>し	
S0510	1	7	6	やな温やにぢ	
S0513	1	184	123	ゲ香港島も最近じゃちょっとばかし<br />きれいになって観光名所も<br />増えてんだよ。<0xdb00>この辺の観光名所？<br />海を見るならアバディーン、<br />港を見るなら北東の倉庫周辺だ。<br />うまい飯屋も南にあるぞ。<0xdb00>よお、調子はどうだい？<0xdb>アバディーンの小島が<br />一夜のうちに消えちまった。<br />何が起こったんだろう¨¨。<0xdb>やあで	
S0514	1	35	25	世間の人がどういおうと<br />九龍も住めば都なんじゃ。<0xdb>やあソ	
S0515	1	16	8	特訓、特訓っ！<0xdb>かあ<0xdb>あ	
S0516	1	592	414	かあ』いりかあ；あ0やあヲ妖撃社で何かあったのかい？<br />黄邸の黒服がずいぶんと<br />かぎまわってるみたいだけど。<0xdb00>ふーん、<br />鈴鈴さんが行方不明になったんだ。<br />で、犯人は見つかったのかい？<0xdb>アバディーンの小島が見えるさん橋で<br />あんたの連れの女の子が<br />気味のわるい大男といい争ってるのを<br />見たって娘がいるよ。<0xdb00>みんな無事でよかったな。<0xdb00>かあ<0xdb>うとかあ』うゃかあ；い<speak>やいぅ大金持ちの黄さんちの人間が<br />鈴鈴とかいう女の情報を集めてるの。<br /><arrow>そのたびにいくらかのお金を<br />私達ににぎらせるんだけど、<br />それが結構な額なのよ。<br /><arrow>だから、もう少しねばって<br />お金がたまったら、<br />あたしが知ってる情報の<br />ひとつも教えてやろうかって思うの。<0xdb>あのね、<br />スティーブ龍っていう霊能者が<br />ロイヤルソアラに捕まってるって<br />うわさよ¨¨。<0xdb00>この前、大きな爆発音がして<br />東の空が一瞬真っ白になったの。<br />なんだったんだろう、あれ¨¨。<0xdb00>あんた達も色々大変そうね¨¨。<0xdb00>かあ<0xdb>うペやうヒ最近のおもしろい話っていえば、<br />妖撃社が襲われたってこと<br />ぐらいだな。<0xdb00>おっ、きょうは<br />連れの女の子、いないねえ¨¨。<br />ひっく。<0xdb>かあ<0xdb>えにかあ；う	
S0517	1	141	92	鈴鈴？<br />この町にはそんな名前の女は<br />いくらでもいるしいぃ¨¨。<0xdb>美星？<br />この中国じゃ、そんな名前の女は<br />いくらでもいるしいぃ¨¨。<0xdb00>パイ？<br />この中国じゃ、そんな名前の女は<br />いくらでも¨¨んっ!?<br />いるわけないわね¨¨。<0xdb>かあ<0xdb>え；かあ；えルやえウ	
S0518	1	345	235	あんた、黄邸の人？<br />情報が欲しけりゃ<br />お金出しなさいよ。<0xdb00>妖撃社の鈴鈴と霊能者スティーブ龍が<br />マカオで言い争ってたんだって。<br />え、それはもう解決した？<br />なーんだ、つまんない¨¨。<0xdb>この前のアバディーンの爆発、<br />すごかったわね¨¨。<0xdb00>かあ<0xdb>おゾかあ；おぁやえＡねえねえ、妖撃社の鈴鈴とかいう人を<br />さがし出したら<br />大金がもらえるんだって！<arrow>その人を見つけだしたら<br />アーケード版の「ぷよぷよ」が<br />買えるかしら？<0xdb00>鈴鈴っていう女の人、<br />見つかったんだって？<br />あたし、鈴鈴さんに変装して<br />お金もらおうと思ってたのにぃ¨¨。<0xdb00>あら、いつものいっしょの子、<br />どこ行ったの？<0xdb00>かあ<0xdb>かたかあ；お	
S0519	1	41	28	妖撃社の人でしょ？<br />副編集長がいなくなったんだって？<br />どうだった？	
S0520	1	87	59	面白かった？<0xdb00>副編集長の鈴鈴さんがいたんだって？<br />どこにいたの？<br />面白かった？<0xdb00>今度はいつも連れてた子が<br />いなくなったんだって？<br />どうだった？	
S0521	1	101	76	かなしかった？<0xdb>かあ<0xdb>かヘやかぴここらの土地も再開発されたら<br />ものすごい値段になるんだろうな¨¨。<0xdb00>ふっとんだアバディーンの小島って<br />いくらぐらいの値段だったんだろ¨¨。<0xdb>やかァ	
S0522	1	58	43	今はいいが、<br />よそ者がこの辺をうろうろしてると<br />いつか痛い目にあうぞ。<br />気をつけるこったな。<0xdb00>かあ<0xdb>か	
S0523	1	271	190	やか→橋も年季をおびてくると<br />いい味をだすもんだなあ¨¨。<0xdb00>この前のアバディーン島の爆発は<br />すごかったね。<br />結構、目撃した人が多いから<br />興味があるなら聞いてみたら？<0xdb>かあ<0xdb>きスやきぼ今日もうまい飯屋に行くんじゃ。<br />ええじゃろ？<0xdb>わしゃあ、この目でしかと見たんじゃ。<br />女の子と気味の悪い男が<br />手から光線を出して戦っとるのを。<arrow>そのあと光がぶつかりあって<br />女の子はぽっかり開いた光の中に<br />吸い込まれていったんじゃ。<br />あの女の子、無事かのう¨¨。<0xdb>やき	
S0524	1	61	46	なぜまだこんな所に立ってるかだと？<br /><arrow>ふざけるなっ‼<br />おまえらにはまだまだ<br />道案内が必要だからだっ‼<0xdb>やくや	
S0525	1	47	23	ねえ、海よ¨¨¨¨¨¨¨¨。<br /><arrow>うっ、海を見てるだけで<br />酔っちゃった¨¨¨。<0xdb00>やくウ	
S0526	1	183	132	やっぱ港はいいよね。<br />将来はアキラ・コバヤシのような<br />旅男になるぞっ‼<br />遠くで霧笛もなってるぜ¨¨。<0xdb00>かあ<0xdb>く▼やくペ内装も変えてみたんだが<br />それでも客がこないんだ。<br />俺ってシュミ悪いのかなあ¨¨。<0xdb00>ふっふっふっ<br />いそがしい隣の飯屋と違って<br />俺は見たぜ、アバディーン島が<br />ふっ飛ぶのをな！<0xdb00>かあ<0xdb>けずかあ』けヘやけし	
S0527	1	131	93	黄邸から時々、<br />黒ずくめの男がぞろぞろ出てくるけど<br />何かあったの？<0xdb>アバディーン島が<br />なくなったらしいんだけれど<br />飯食うのに夢中でさ、<br />何も知らないんだ、ごめん。<0xdb00>うんうん、<br />人生悪い事ばかりってわけじゃないさ。<0xdb00>やけバ	
S0528	1	8	6	不安のふたつ	
S0529	1	316	234	我にあり」<br />¨¨。<br />つまり、まだ究極の味は<br />できとらんわけやね¨¨。<0xdb00>かあ<0xdb>こはやけ「今日は体調が悪いの。<br />だからお腹にやさしい中華がゆ食べて<br />レバニラとスタミナ定食とギョウザで<br />体力つけなくっちゃだわ。<0xdb00>アバディーン島がなくなったんだって。<br />見に行く前に<br />スブタとねぎラーメンとギョウザで<br />はらごしらえしなくっちゃだわ。<0xdb00>かあ<0xdb>こゥやこチ新ネタっ‼<br /><arrow>みそラーメン食べてみそ！<br />はーっはっはっは、<br />ほーっほっほっほっほ、<br /><arrow>うーん、ナイスギャグ。<0xdb00>ひさびさの新ネタっ‼<br /><arrow>ステーキはすてーきっ！<br />はーっはっはっは、<br />ほーっほっほっほっほ、<br /><arrow>うーん、ナイスギャグ。<0xdb>かあ<0xdb>さ	
S0530	1	189	135	わいとるがな～。<br />隣の席の奴、<br />脳みそわいとるがなー‼<0xdb>隣の奴、<br />頭の中をいっぺん見てみたいよ¨¨。<0xdb>かあ<0xdb>さケやさや悪いけど、割り込まないでくれる？<br />あたし、ラーメン食べるために<br />１時間も待ってたんだから。<0xdb00>アバディーンのこと知ってるかって？<br />ここで食事してたからわかんないけど<br />九龍城の人達が<br />何かさわいでたわよ。<0xdb>やさォ	
S0531	1	290	206	はぐはぐはぐ¨¨。<br /><arrow>あちーっ、ヤケドしたーっ‼<0xdb00>かあ<0xdb>さ墓さ，おうおうおうおう‼<br />ド素人が店の大台所に入ると<br />ケガするぜっ‼<br />表にまわんな、表に‼<0xdb>アバディーン島がなくなった？<br />何いってんでぇ、<br />オニのようにいそがしいこの俺が<br />そんなこと知るわけなかろうが！<0xdb>かあ<0xdb>しユやしぞおまえ、黄邸に<br />自由に出入りできる身なんだってな。<br />いいなあ、舜麗夫人に<br />簡単に会えて¨¨。<0xdb00>アバディーン島が<br />一夜にしてなくなっちゃったらしいよ。<br />うわさじゃ何か強烈な力で<br />一瞬のうちに消え去ったんだってさ。<0xdb>かあ<0xdb>し	
S0532	1	278	195	やし；ここがアバディーンだ。<br />結構、景色がいいだろ？<0xdb>アバディーン島が消えちまった。<br />あの日、大きな音がして<br />あたりが真っ白になったと思ったら<br />もう島がなかったんだよ。<0xdb00>かあ<0xdb>すキやすわこの壁の向こうに<br />私達が知るよしもない<br />ものすごい豪邸があるわけね¨¨。<0xdb>爆発が起こる直前、橋のところで<br />あんたの連れの女の子と<br />こわい顔をした男がいい争ってたわ。<br /><arrow>その後、すごい光に<br />ふたりがつつまれて¨¨。<br />次の瞬間には、二人とも<br />光に吸い込まれて消えちゃったの¨¨。<0xdb>やす→	
S0533	1	69	53	今日もトレーニングが終わったら<br />うまい飯屋に行こうっと。<0xdb00>かあ<0xdb>せナかあ￥せキかあ』せザかあ¨せキかあ；せばかあ：せんやせほ	
S0534	1	171	113	舜麗様がお待ちかねだ。<0xdb>鈴鈴さんが見つかったぞ！<0xdb>龍さんと人間の像か。<br />大変だな¨¨。<0xdb00>おいおい、どこ行くんだ？<0xdb>パイさんがいなくなるとは¨¨。<br />目撃者はいないのか¨¨。<0xdb>何かと物騒な事ばかり起きてるからな。<br />気をつけてな。<0xdb00>かあ<0xdb>そざかあ￥そよかあ』そテかあ¨そよかあ；そとかあ：せ湖せ―	
S0535	1	173	117	妖撃社が襲われたんだって？<br />いろいろ大変だろうけど<br />がんばれよ。<0xdb00>鈴鈴さんが無事保護されたぜ。<br />さあ、邸内にはやく！<0xdb>鈴鈴さんの様子はどうだい？<0xdb>おいおい、どこ行くんだ？<0xdb>俺達も総力をあげて<br />パイさんの行方を追ってるからな。<br />そう、気を落とすなよ。<0xdb>今度はどこに行くんだ？<0xdb00>やそラ	
S0536	1	27	18	いやー、<br />バレないもんですな<br />浮気も¨¨。<0xdb>やそボ	
S0537	1	35	22	あたし達って、結構<br />オープンな浮気してるわね¨¨。<0xdb00>やそ8	
S0538	1	19	13	だから僕が勇者だってば。<0xdb>やそ～	
S0539	1	22	16	それでも僕が勇者になるんだよ。<0xdb00>やそ	
S0540	1	51	35	僕こそが本当の勇者だっ‼<0xdb>にいちゃんは魔法使いか<br />僧侶をやっておくれよ。<0xdb00>やたね	
S0541	1	251	180	勇者の座をめぐって<br />３つ子のしれつな争いが<br />くりひろげられてるんだ¨¨。<0xdb>かあ<0xdb>たゲやたぅ研究には金がかかるんじゃ。<br />おぬし、黄さんの知合いじゃろ？<br />お金をすこし工面してくれんかのう？<0xdb00>アバディーンの爆発のパワーは<br />この世のものとは思えん。<br /><arrow>いわゆる精神パワーとかサイコパワー、<br />そういうもんじゃろうな。<br />うーん、非科学的じゃのう¨¨。<0xdb00>やた<portrait_00>そろそろ浮気もバレるかな？<br />ま、堂々としてると<br />意外と目くらましになるんだよ。<0xdb00>やちと	
S0542	1	173	130	最近、浮気してるっていう<br />スリリングな感じがないのよ。<br />「ケンタイキ」ってやつかしら¨¨。<0xdb00>かあ；ちムやちょこわくなんかないぞぅ。<br />こわくなんかないぞぅ。<br />こわくなんかっ‼<0xdb00>こわくなんかないぞぅ。<br />こわくなんかないぞぅ。<br />こわくなんかっ‼<arrow>それではみなさんご一緒に¨¨。<br />こわくなんかないぞぅ¨¨。<0xdb00>かあ<0xdb>つぅかあ；つえやち・	
S0543	1	209	141	風嵐：<br />おや、皆さんお元気ですか？<br />そういえば妖撃社が襲われたと<br />聞きましたが<arrow>皆さん、無事なんですか？<0xdb>鈴鈴さんの次は、スティーブ龍か¨¨。<br />教祖様がおっしゃっていた<br />悪の魔王が<br />正体をあらわそうとしているのか¨¨。<0xdb00>今度はパイさんがいなくなったのか。<br />救世主が現れることを祈ろう。<br />いま、私達は待つことしか<br />できないのだからな¨¨。<0xdb00>やつボ	
S0544	1	84	58	ワシの若い頃は<br />誰もが妖魔の存在を知っておった。<br /><arrow>じゃが科学の進化とともに<br />誰も妖魔を信じなくなった、<br />見えなくなったのじゃ。<0xdb>やつ	내가 젊었을 땐<br />누구나 요마의 존재를 알고 있었지<br /><arrow>허나 과학이 발전하면서<br />아무도 요마를 믿지 않게 됐어,<br />보이지 않게 된 게야<0xdb>やつ
S0545	1	55	33	私達は待ち続けます。<br />教祖様が救世主を連れて<br />帰って来るその時まで¨¨。<0xdb00>やてめ	
S0546	1	33	22	教祖様は今頃<br />どこにおられるんじゃろうか¨¨。<0xdb00>やてぴ	
S0547	1	47	29	私は信じている。<br />教祖様が救世主を連れて<br />帰って来ることを¨¨。<0xdb>やてモ	
S0548	1	55	37	ミサは行われていないが、<br />我々は毎日ここに集まって<br />教祖様の帰りを待っています。<0xdb>やて６	
S0549	1	99	69	悪の魔王はその姿を<br />あらわしはじめている気がします。<br />だってこんなにいやな事件が<br />次々と起こっているのですから¨¨。<0xdb00>やて鋭本当にいやな事件が続くわね¨¨。<0xdb>やとた	
S0550	1	64	46	ねえ、明明が教祖様なの？<br />ずっと帰ってこないんだ。<br />遊んでくれるおねえちゃんがいなくて<br />ボクさびしいよ¨¨。<0xdb00>し	
S0558	1	7	6	やも断ややキ	やも断ややキ
S0561	1	63	41	あ、鈴鈴さん。<br />出かけてる間に亜栗さんから<br />電話がありましたよ。<arrow>「香港島に住んでいる大金持ちの	
S0562	1	70	46	黄氏について調べて欲しい。」<br />とのことでした。<0xdb00>香港大橋の工事が終ったそうです。<br />これで黄邸へ行けますね。<0xdb>ぉ	
S0564	1	32	25	やあぴここからマルチクエストが<br />始まる予定です。<0xdb00>やあチ	
S0565	1	45	36	俺ってひょっとして<br />ゲームが終わるまで<br />このままケガ人かぁ¨¨？<0xdb>こあぼてあバやあョ	나 혹시<br />게임이 끝날 때까지<br />계속 부상자인 건가¨¨?<0xdb>こあぼてあバやあョ
S0566	1	50	35	奴はチベットの奥地で<br />怪我したらしい。<br />とんでもねー女戦士が<br />いるってことだ。<0xdb>お？	그놈은 티베트 오지에서<br />다쳤다는 모양이야<br />엄청난 여전사가<br />있다는 거야<0xdb>お？
S0567	1	102	69	ちょっと見ないうちに<br />やけにたくましくなったな‼<br />どーだ？<br />妖魔退治は楽しいか？<0xdb>そーか‼<br />ならこのまま妖撃社員になっちまえよ‼<0xdb>そうか¨¨。<br />ま、一般人にはつらいよな¨¨。<0xdb>ゅ	
S0568	1	39	26	くさいくさい¨¨。<br />でも会社の仮眼室なんて<br />こんなもんだよな。<0xdb00>ゅ	
S0569	1	49	35	仮眼室がない頃は<br />床にダンボールひいたり<br />イス並べたりして<br />寝てたんだぜ。<0xdb00>やい０	수면실 없던 시절엔<br />바닥에 상자 깔고<br />イス並べたりして<br />자곤 했다고<0xdb00>やい０
S0571	1	57	41	黄邸には<br />私設のガードマンみたいな奴らが<br />いるそうだ。<br />ま、俺らには縁のないところだな¨¨。<0xdb>やうふ	
S0572	1	11	9	ばうわうわう。<0xdb>やうり	멍멍멍<0xdb>やうり
S0573	1	83	62	クッキーの奴¨¨、<arrow>ああ、前にいる犬の名前だが<br />なんか英語の勉強をしているらしい。<br />やるな¨¨。<0xdb>ぉうロらあぶこあぇさあぉさあぶさあべつうルらあぼあ	쿠키 녀석¨¨,<arrow>아, 앞에 있는 개 이름인데<br />뭔가 영어 공부를 하고 있는 모양이야<br />제법인데¨¨<0xdb>ぉうロらあぶこあぇさあぉさあぶさあべつうルらあぼあ
S0574	1	69	52	黄邸ねぇ¨¨。<br />おとなりにある「うまい飯屋」には<br />よく行ってたんだけど¨¨。<0xdb>ぉう・らあぶこあぇさあぉさあぶさあべつう，らあぼあ	
S0575	1	238	172	香港島の黄邸に石像が大量に<br />運び込まれているらしい。<br />しかし黄邸の中で石像を見た者は<br />１人もいないっていうんだ¨¨。<0xdb>かあぼえノやえねこの部屋のたなには<br />古今東西の妖魔のレポートが<br />大量にあるんだ。<arrow>おまえの親父さんの残した<br />レポートもたくさんあるぜ。<br />調べてみな。<0xdb00>たなのレポートを調べてみたかい？<br />今は興味のないものでも<br />そのうち興味がでるかもしれない。<br />たまに調べてみることだ。<0xdb>かあぼえ	
S0576	1	130	102	やえ4亜栗さんを見つけたら<br />おみやげを買ってくるように<br />言っておいてくれ。<br />バナナチョコがいいかな。<0xdb00>亜栗さんは<br />結局見つからないか¨¨。<br />ちくしょう、<br />おみやげをもらいそこねたぜっ‼<0xdb00>ぉおざらあぇこあぇさあぉさあぶさあべつおげらあぼあ	
S0577	1	81	58	昔、黄邸で<br />庭師をしてたという<br />男が言っていたよ。<arrow>「あの家は化物屋敷だ‼」<br />ってな。<0xdb>ぉおザらあべこあぇさあぉさあぶさあべつおゲらあぼあ	
S0578	1	64	49	なんでも黄邸に<br />運び込まれた石像ってのは<br />今にも動きだしそうなくらい<br />良くできてるものばかりだそうだ。<0xdb00>ぉお	
S0579	1	84	51	１０年前に香港島の黄邸で妖魔事件が<br />起こった時、当時７歳だった娘の身を<br />案じた黄氏が<arrow>「娘とともに妖魔の手のおよばない	
S0580	1	67	51	所まで逃げてくれ¨¨。」<br />と、当時の執事に頼んでいたらしい。<0xdb>かあぼか；ぉかルらあぉこあぇさあぉさあぶさあべつかラらあぼ	
S0581	1	177	124	鈴鈴さんおかえりなさい。<br />亜栗さんから電話で頼まれた調べものは<br />ほとんど終わってますけど<br />他の仕事はたまりまくってますよ‼<0xdb>鈴鈴さん、また出かけるんですか？<br />編集後記だけでも<br />書いてってくださいよ。<0xdb>やか鋭いらっしゃいませ。<br />ここ３階には病院、薬屋、<br />そして妖撃社の仮眼室があります。<0xdb00>ゅ	
S0587	1	7	6	やも断ややし	やも断ややし
S0590	1	49	36	そうそう、<br />この仕事中に手にいれたアイテムは<br />預かり所に送っておきましたよ。<0xdb>やて6	그래 그래,<br />이 일 중에 손에 넣은 아이템은<br />보관소로 보내 두었습니다<0xdb>やて6
S0591	1	7	6	やに鋭やぬゲ	
S0592	1	7	6	やと温やなぉ	
S0593	1	7	6	やな断やにぶ	
S0596	1	7	6	やは断やひぴ	
S0608	1	967	670	福州の町の人からの依頼です。<br />福州に姿の見えない妖魔が現れて<br />町の人を追い出したので、その妖魔を<br />退治してほしいとのことです。<0xdb00>妖術を用いた治療で有名な妖術医師の<br />エサキ・バンザイ氏が、万病に効く薬の<br />開発に成功しました。<br /><arrow>しかしその薬をめぐって大勢の人々が<br />争奪戦を繰り広げ、中にはおどして<br />薬を得ようとするものもいました。<br /><arrow>それでバンザイ氏は人間嫌いになり、<br />薬を持って桃源山にひきこもりました。<br /><arrow>当然誰もが山を登ろうとしましたが<br />さまざまな仕掛けがほどこしてあって<br />いまだ誰も登れた者はいません。<br /><arrow>季刊「妖撃」では、次号でその薬と山の<br />仕掛けの特集を組みたいと思いますので<br />どなたかに取材をお願いします。<0xdb00>中国の大富豪、金大小さんからの<br />依頼です。<br /><arrow>ソアラホテルに置き忘れた大切な宝物を<br />探し出してほしいとのことで、<br />鈴鈴さんをご指名です。<0xdb00>上海に住む簡簡さんからの依頼です。<br />なんでも、お百度参りの手助けを<br />してもらいたいということです。<br /><arrow>他とくらべて簡単な依頼ですし¨¨<br />ここはパイさんに行ってもらう<br />というのはどうでしょう？<0xdb>マカオにいるお金持ちからの<br />依頼です。<br /><arrow>どうやらマカオで難事件が<br />発生したらしいのです。<br />マカオ警察じきじきに<br />スティーブ・龍さんをご指名です。<0xdb>なんでも憑魔の老王様より内密の話が<br />あるとかで、グプターさんに憑魔宮に<br />戻ってほしい、とのことですが¨¨。<0xdb>マカオに住む老大人からの依頼です。<br />お孫さんが妖魔にとりつかれたらしい<br />のですが¨真相はわかっていません。<br /><arrow>八雲さんと美星さんのおふたりで<br />原因を究明してください。<0xdb00>マカオに住む、美星さんのお友だち<br />からの依頼です。<br /><arrow>知り合いってことでギャラを値切られた<br />らしく、鈴鈴さんが怒ってました。<br />美星さん１人で行ってくれだそうです。<0xdb00>り	
S0611	1	13	12	やで断こあけつるロやばテ	
S0644	1	40	27	ぉお仕事、<br />お疲れさまでした。<0xdb>いってらっしゃい。お気を付けて。<0xdb00>ぉ	
S0645	1	33	25	×ここからマルチクエストが<br />始まる予定です。<0xdb00>かあギあはや	
S0646	1	174	122	頁でかけかい？<br />俺のように怪我しないように<br />気を付けろよ。<0xdb00>俺ってひょっとして<br />ゲームが終わるまで<br />このままケガ人かぁ¨¨？<0xdb>かあギあユやあぺ奴はチベットの奥地で<br />怪我したらしい。<br />とんでもねー女戦士が<br />いるってことだ。<0xdb>東京に帰るんだって？<br />まっ、素人には危険な仕事だしな。<br />じゃあな。<0xdb00>ゅ	
S0647	1	83	58	かあギあ『やあ0この部屋って<br />マジでくさいよな。<br />なんとかならねぇかな¨¨。<0xdb00>くさいくさい¨¨。<br />でも会社に仮眼室があるだけ<br />めぐまれてるよな。<0xdb00>ゅ	
S0648	1	71	52	かあガいにやいく今日はもう寝るっ‼<0xdb00>仮眼室がない頃は<br />床にダンボールひいたり<br />イス並べたりして<br />寝てたんだぜ。<0xdb00>やいぁ	
S0649	1	61	42	藤井教授には<br />いろいろ世話になったからなぁ。<br />東京帰っても元気でやれよ。<0xdb>かあギい かあガい2やい６	
S0650	1	55	37	わんわん。<0xdb>ばうわうわう。<0xdb>ばうわうわう。ばうばうばばばう。<br />ど～も～、私、犬の松村です。<br />クッキー？	
S0651	1	11	9	そんな人間のつけた	
S0652	1	272	186	ダサイ名前、関係ないですよ。<0xdb>かあギうげやうし俺は出張が多いからな。<br />旅先で出会うこともあるだろうな。<0xdb00>クッキーの奴¨¨、<br /><arrow>ああ、前にいる犬の名前だが<br />なんか英語の勉強をしているらしい。<br />やるな¨¨。<0xdb00>かあギう やうユ大事なアイテムを持たせたまま<br />誰かが仲間から外れても大丈夫！<br />たいていの物は<br />預かり所に送られてるわよ。<0xdb00>大事なアイテムを持たせたまま<br />誰かが仲間から外れても大丈夫！<br />たいていの物は<br />預かり所に送られてるわよ。<0xdb00>やえい	
S0653	1	40	26	九龍の雷電は行方不明のままだ。<br />あいつを捜して旅に出るか！	
S0657	1	673	432	ラッキー。</speak></portrait><br /><arrow><portrait_07>鈴鈴：<br /><speak>何かあったら香港へいらっしゃい。<br />いつでも歓迎するわ。</speak><br /><arrow><speak>チケットは空港カウンターで<br />受け取れるように手配しておくわね。</speak><br /><arrow><speak>あ、それから、地下室にいる<br />ミスター孫に、武器を持ったまま税関を<br />通り抜ける方法を聞いときなさい。</speak><br /><arrow><speak>そのままだと武器は、確実に<br />没収されちゃうわよ。</speak><br /><arrow><speak>それじゃ。<br />元気でね。再見！<0xdb00><portrait_07>鈴鈴：<br /><speak>チケットは空港カウンターで<br />受け取れるように手配しておくから</speak>。<br /><arrow><speak>あ、それから、地下室にいる<br />ミスター孫に、武器を持ったまま税関を<br />通り抜ける方法を聞いときなさい。</speak><br /><arrow><speak>そのままだと武器は、絶対に<br />没収されちゃうわよ。</speak><br /><arrow><speak>それじゃ。元気でね。再見！<0xdb00><portrait_07>鈴鈴：<br /><speak>ミスター孫は地下室よ。<br />それじゃ。<br />元気でね。再見！<0xdb><portrait_07>鈴鈴：<br /><speak>技は教わったのね。スゴイでしょ。<br />あたしもタネは知らないのよ</speak>。<br /><arrow><speak>そうそう、<br />空港にチケットは用意しておいたわ。<br />じゃ、元気でね。再見！<0xdb00>かあギけねやく（この部屋のたなには<br />古今東西の妖魔のレポートが<br />大量にあるんだ。<br /><arrow>おまえの親父さんの残した<br />レポートもたくさんあるぜ。<0xdb>たなのレポートを調べてみたかい？<br />今は興味のないものでも<br />そのうち興味がでるかもしれない。<br />たまに調べてみることだ。<0xdb>やけス	
S0658	1	24	16	そうかぁ¨¨石か¨¨。<br />こうしちゃいられない！	
S0659	1	31	20	世界中から石化解除の術を集めないと！<0xdb>やけペ	
S0660	1	80	54	妖魔退治と雑誌編集¨¨¨。<br />結構つらい仕事がダブってるよな。<br />あ～いそがしい、いそがしい。<br />もういそがしいったら、いそがしい。<0xdb>かあグこ	妖魔退治と雑誌編集¨¨¨。<br />꽤 힘든 일이 겹치는구나<br />아~ 바빠, 바빠<br />정말 바쁘다니까, 바빠<0xdb>かあグこ
S0664	1	221	146	ちっ、この技は、<br />あんまり他人に教えたくねえのに。<br /><arrow>まっ、鈴鈴さんの頼みじゃなぁ¨¨<arrow><br />しょうがない。教えてやるよ。<br /><arrow>『武器隠しの技』を体得した！<br /><arrow>これでもう、あんたらの武器は<br />税関の役人に見つからねえ。<br />ハイジャックとか密輪とか、悪用したら<br />ただじゃおかねえからな。<0xdb00>絶対悪用するなよ。<0xdb>ここの資料は<br />今は興味ないだろうが、<br />後で大いに役立つぞ。<0xdb00>やさり	
S0665	1	153	107	しかし¨¨<br />こんな地下室で毎日仕事かぁ。<br />ヒドイだろ？<0xdb00>かあギさォやさウショックよねぇ¨¨。<br />編集長がいなくなっちゃうなんて。<br />もしかしてこの会社、危ないのかなぁ。<br />どうしよう¨¨ボーナス出なかったら。<0xdb00>あたし¨¨やめちゃおうかなぁ¨¨。<br />みんなやめるっていうし¨¨。えっ？	
S0666	1	24	16	なんの事かって？<arrow><br />タバコよ、タバコ。<0xdb00>やさ	
S0668	1	41	27	鈴鈴：<br /><speak>じゃ、あたしは<br />先に編集部に戻ってるわよ。<0xdb>ぉしぺあテいい	
S0673	1	49	36	そうそう、<br />この仕事中に手にいれたアイテムは<br />預かり所に送っておきましたよ。<0xdb>やね8	그래 그래,<br />이 일 중에 손에 넣은 아이템은<br />보관소로 보내 두었습니다<0xdb>やね8
S0675	1	7	6	やの断やはゃ	
S0676	1	7	6	やは鋭やひぼ	
S0678	1	11	9	やも鋭やも鋭ややぶ	
S0680	1	11	9	やも鋭やも鋭ややケ	
S0681	1	967	670	福州の町の人からの依頼です。<br />福州に姿の見えない妖魔が現れて<br />町の人を追い出したので、その妖魔を<br />退治してほしいとのことです。<0xdb00>妖術を用いた治療で有名な妖術医師の<br />エサキ・バンザイ氏が、万病に効く薬の<br />開発に成功しました。<br /><arrow>しかしその薬をめぐって大勢の人々が<br />争奪戦を繰り広げ、中にはおどして<br />薬を得ようとするものもいました。<br /><arrow>それでバンザイ氏は人間嫌いになり、<br />薬を持って桃源山にひきこもりました。<br /><arrow>当然誰もが山を登ろうとしましたが<br />さまざまな仕掛けがほどこしてあって<br />いまだ誰も登れた者はいません。<br /><arrow>季刊「妖撃」では、次号でその薬と山の<br />仕掛けの特集を組みたいと思いますので<br />どなたかに取材をお願いします。<0xdb00>中国の大富豪、金大小さんからの<br />依頼です。<br /><arrow>ソアラホテルに置き忘れた大切な宝物を<br />探し出してほしいとのことで、<br />鈴鈴さんをご指名です。<0xdb00>上海に住む簡簡さんからの依頼です。<br />なんでも、お百度参りの手助けを<br />してもらいたいということです。<br /><arrow>他とくらべて簡単な依頼ですし¨¨<br />ここはパイさんに行ってもらう<br />というのはどうでしょう？<0xdb>マカオにいるお金持ちからの<br />依頼です。<br /><arrow>どうやらマカオで難事件が<br />発生したらしいのです。<br />マカオ警察じきじきに<br />スティーブ・龍さんをご指名です。<0xdb>なんでも憑魔の老王様より内密の話が<br />あるとかで、グプターさんに憑魔宮に<br />戻ってほしい、とのことですが¨¨。<0xdb>マカオに住む老大人からの依頼です。<br />お孫さんが妖魔にとりつかれたらしい<br />のですが¨真相はわかっていません。<br /><arrow>八雲さんと美星さんのおふたりで<br />原因を究明してください。<0xdb00>マカオに住む、美星さんのお友だち<br />からの依頼です。<br /><arrow>知り合いってことでギャラを値切られた<br />らしく、鈴鈴さんが怒ってました。<br />美星さん１人で行ってくれだそうです。<0xdb00>を	
S0683	1	219	155	八雲さん、あなたがいない間に<br />ここが襲われたんです。<br />鈴鈴さんも行方不明になるし¨¨。<br />とにかく上へ！<0xdb00>鈴鈴さんは<br />どこへ行ったんでしょうかねえ？<0xdb00>鈴鈴さんが見つかったんですね。<br />ああ、よかった。<0xdb>ロイヤルソアラに妖魔がむらがってる？<br />何かあったらいってね。<br />鈴鈴さんがいなくても、<br />できるだけ協力するから。<0xdb00>みんな無事で<br />本当に良かった¨¨。<0xdb00>ぉあぢコことぶつあざやあア	
S0684	1	52	39	やあズここからマルチクエストが<br />始まる予定です。<0xdb00>かあ』いロかあ▼いげかあ；いせかあ：あ<br />やあ 	
S0685	1	319	212	ちくしょう、<br />こんな事が起きるなんて¨¨。<br />ぬかったぜ！<0xdb00>この子があん時<br />俺達を襲った奴だって!?<br />¨¨¨¨¨¨。<br />ちょっと言葉を失っちまうな。<0xdb>やあ、美星さん¨¨。<br />あいかわらず、お強いですね。<br />でへへ¨¨。<0xdb>ソアラホテルに<br />行方不明の女の子がいた？<br />それもハダカで!?<br /><arrow>おーい、みんな‼<br />モンスターハント開始だ、<br />急いで準備しろっ‼<0xdb>ソアラに監禁されていた裸の女の子達は<br />黄さんとこの私設部隊が<br />助けだしちゃったんだとさ。<br /><arrow>俺達に一声かけてくれれば<br />よろこんで助けに行ったのに¨¨。<br />鈴鈴さん、ずるいなあ。<0xdb>かあーうヵかあ；うロかあ：うげやい	
S0686	1	205	144	マントを着た奴が入ってきて<br />「鈴鈴はいないのか！」って<br />次々と私達に襲いかかってきたんだ。<0xdb>君、美星っていったっけ？<br />この会社の猛者どもを倒したんだから<br />ここに入社すれば、トップクラスの<br />モンスターハンターになれるぞ。<0xdb>美星、この会社に入りなよ。<br />鈴鈴さんにもプッシュするからさあ。<0xdb00>いや、龍氏も発見されて<br />とりあえずは一段落ですな。<0xdb00>ゅ	
S0687	1	113	74	俺が寝ているすきに<br />この会社が襲われちまった。<br />何が起こったんだ！<0xdb00>ぐーぐー。<br /><arrow>気にすんな。<br />単なる死んだふりだ¨¨。<0xdb>みんな無事でよかった。<br />ってわけで、<br />俺は、もう一眼りするから¨¨。<0xdb>ゅ	
S0688	1	64	46	お疲れさまです。<br />ゆっくり休んで下さいね¨¨。<0xdb00>おはようございます。<br />よく眼れましたか？<0xdb>かあ』おぴかあ；おふかあ：え	
S0689	1	266	175	やえボおお、八雲君、<br />君がいない間大変だったんだぜ。<br />マントを着た奴に襲われたんだ。<br /><arrow>声から判断すると、<br />多分若い女だな¨¨。<0xdb00>ほら、やっぱりマントを着た奴は<br />女の子だったろ？<br />でも、女の子に負けた俺って<br />いったい¨¨。<0xdb00>俺、鈴鈴さんにしろ<br />美星ちゃんにしろ<br />強い女は好きだぜ¨¨。<0xdb00>これからの時代は、<br />女の子も強くなくっちゃいけないと<br />本当に思うよ。<br />鈴鈴さんや美星ちゃんみたいにさ。<0xdb>かあ』かヒかあ；かキかあ：かほかあ，お<speak>やおゥ	
S0690	1	271	186	不意に襲われたもんだから<br />応戦する間もなくやられちまった。<br />誰かがあれは女だとかいってたが、<br />女にしちゃ、強すぎるぜ。<0xdb>ここが襲われた数日前から<br />鈴鈴さんが行方不明なんだ。<br />どこへ行ったんだろう。<br />心配だ¨¨。<0xdb00>俺は僧兵あがりだから<br />こんな女の子に負けたなんて<br />総本山に知れたら<br />すぐに破門だろうな。<0xdb00>鈴鈴さんの容態はどうだった？<0xdb00>さぁ、妖撃社が襲われても<br />ちゃんと応戦できるように<br />練習だっ‼<0xdb>かあ』きヒかあ▼きぶかあ；きつかあ：か→やか６	
S0691	1	249	160	マントを着て姿を隠すなんて、<br />怪しすぎるぜ。<br />人型妖魔だぞ、あれは。<0xdb00>俺はこんな女の子が<br />妖撃社を襲ったなんて<br />いまだに思えない。<br />実は君、変身妖魔だろ？<0xdb00>ロイヤルソアラ？<br />マカオに行けば、<br />色々な情報が手にはいると<br />思いますよ。<0xdb00>ソアラに妖魔か¨¨。<br />余力があればすぐにでも<br />応援に行くんだがな¨¨。<0xdb00>今回の事件を<br />記事にしなくっちゃいけないんだ。<br />邪魔をしないでくれよ。<0xdb>かあ』き！かあ：き2やき０	
S0692	1	14	10	きゃいん、きゃいん。<0xdb00>はあ	
S0693	1	28	17	はあ<br />くうーん♥<0xdb00>くー、くー。<0xdb00>かあ』くほかあ：き	
S0694	1	385	256	クッキーの奴、おびえてやがる。<0xdb00>クッキーは、<br />若い女の子に目がないんだ。<br />ま、俺も同じだけどな。<br />はっはっはっ‼<0xdb00>クッキーの奴、<br />番犬の役にもたたないくせに<br />いっちょまえに寝るんだよ。<br />許しがてえな。<0xdb>かあ』けよかあ；く<portrait_06>あ：くャやくチここを襲った奴は<br />「鈴鈴を出せ‼」って叫んでたけど<br />あの声からすると<br />１５・６の女の子よ、たぶん¨¨。<0xdb00>この子がこの会社を襲ったなんて<br />ちょっと信じらんないわ¨¨。<br />ところで、『人間の像』って<br />一体何なの？<0xdb00>ホテルロイヤルソアラ？<br />最近、その周辺で行方不明事件や<br />妖魔騒ぎが起きてるから<br />いいうわさ聞きませんね¨¨。<0xdb>黄邸で近々、<br />パーティーがあるんですって。<br />いいなあ、私も行きたいなあ¨¨。<0xdb00>かあ』こぎかあ▼け	
S0695	1	672	481	ここが襲われた時<br />俺、ダイエット中だったもんで<br />ぜんぜん力が入らなくてさ、<br />負けちまったよ、やすやすと¨¨。<0xdb>こんなかわいい子が<br />ここを襲ったなんて¨¨。<br />ねえ、もう一度<br />襲ってくれないか♥!?<0xdb>今度は美星ちゃんのために<br />ダイエットしようっと‼<0xdb00>若い女の子がハダカでソアラにいる!?<br />ちくしょー、鈴鈴さん<br />出動指令出してくれないかな¨¨。<0xdb>黄さんとこにいると<br />豪華でうまい食事が出るんだろ？<br />いいなあ、ダイエットなんかやめて<br />俺も黄さんちの世話になろうかな？<0xdb>かあ』さ～かあーさブかあ；さケかあ：さねかあ．こ「はこボあ，鈴鈴さんは<br />『人間の像』を見つけたとかで<br />スティーブ龍とかいう霊能者と<br />よく会ってたらしいよ。<0xdb00>マカオは香港の西にあります。<br />最近、郊外で妖魔が<br />多く確認されてますから、あまり<br />寄り道をしないほうがいいですよ。<0xdb>ちょうどよかった、<br />先ほど黄さんから連絡があって<br />鈴鈴さんが見つかったそうです。<br />黄邸へ行ってみて下さい‼<0xdb00>鈴鈴さんが無事でほっとしました。<br />一緒にいたスティーブ龍は<br />大丈夫だったんでしょうかねえ？<0xdb>美星さん、<br />おにいさんが見つかって<br />よかったですね。<br /><arrow>ところで、『人間の像』は<br />見つかりましたか？<0xdb>社内にある本は読んでますか？<br />めずらしい本が入ってきたら<br />おいておきますから<br />たまには読んでくださいね。<0xdb>かあ』し	
S0696	1	240	167	襲ってきた奴は、<br />「『人間の像』を出せ！」<br />とかいってたけど<br />俺にはさっぱり¨¨。<0xdb00>え、スティーブ龍の家？<br />事務所ならマカオにあるって話だよ。<0xdb>黄さんが鈴鈴さんを<br />保護してくださっているそうです。<br />八雲君が戻ってきたら<br />黄邸に来るよういわれました。<0xdb00>ホテルロイヤルソアラ？<br />マカオの北にある<br />超豪華ホテルだけど<br />それが何か？<0xdb00>黄さんちに行ってるんだったら<br />おみやげくらい<br />くすねてきておくれよ¨¨。<0xdb00>かあ』す	
S0697	1	398	290	マントを着た奴、<br />石像のかけらみたいなものを<br />持ってたけど、<br />何だろう、あれ。<0xdb>スティーブ龍も行方不明なのか。<br />みんなどこ行ったんだろうな。<0xdb00>スティーブ龍がソアラにいるって<br />鈴鈴さんがいってた？<br />たしかにあのホテル、<br />いいうわさ聞かねえもんな。<0xdb>龍さんも見つかったのか。<br />よかった、よかった。<br />ところで『人間の像』は<br />どうなってる？<0xdb00>『人間の像』は見つかったのかい？<0xdb00>かあ，せよやせいここが襲われた時、<br />俺はマカオに行ってたから<br />助かったんだ。<0xdb>こんなヤクザな商売やってれば<br />いろんな奴から<br />うらみをかうからな、<br />しょうがねえよ。<0xdb>かあ；せマやせサ鈴鈴さん、どこ行ったんだろう？<0xdb00>『人間の像』って<br />いったいなんなんだろう。<br />像をめぐって<br />いろんな事件が起こってるけど¨¨。<0xdb>かあ』そノかあーそめかあ；せ	
S0698	1	261	187	やせ8マントを着た奴に襲われるわ、<br />鈴鈴さんが行方不明になるわで<br />すごかったんですよ。<0xdb>こんなにたくさんの事件を<br />ひきおこすんだから<br />『人間の像』って<br />何か秘密でもあるんでしょうね。<0xdb>龍さんも『人間の像』を<br />持ってなかったんですね。<br />ということは、龍さんや鈴鈴さんを襲った妖魔が持ってるんでしょうか？<0xdb00>私もパーティーに行きたいけど<br />この前、美星さんが壊したこの建物の<br />修理の経費計算が済んでないのよ。<0xdb00>かあ』たでかあーたよかあ；そ	
S0699	1	164	116	やそ、ここが襲われて、<br />ほとんどの人が大ケガしたんです。<br />治療も大変でしたよ。<0xdb>鈴鈴さんは大ケガをしてるんですって？<br />でも、黄邸お付きのお医者様なら<br />安心して任せられますわ。<0xdb>龍道士も無事で<br />よかったですわ。<0xdb>みんなが元気だったら<br />ほんとは病院なんていらないのよね。<0xdb00>ゅ	
S0700	1	249	166	襲われた時ゃ<br />妖撃社の人間のほとんどが<br />ここに運び込まれたからな。<br />大変だったよ、本当に¨¨。<0xdb00>美星さんっていったっけ<br />あんた強いな、<br />いまだに歩くと痛みがはしるぜ。<0xdb00>鈴鈴さんは無事か¨¨。<br />あとは、スティーブ龍のゆくえと<br />『人間の像』だな。<0xdb>龍道士もずいぶんな目に<br />あったようですね。<br />え、妖魔にやられた？<br /><arrow>龍道士を苦しめるくらいだから<br />すごい妖魔なんでしょうね。<0xdb00>黄邸のパーティーに<br />行きたいな¨¨。<0xdb>ゅ	
S0702	1	49	36	そうそう、<br />この仕事中に手にいれたアイテムは<br />預かり所に送っておきましたよ。<0xdb>やへ(	그래 그래,<br />이 일 중에 손에 넣은 아이템은<br />보관소로 보내 두었습니다<0xdb>やへ(
S0703	1	7	6	やめ断やもサ	
S0707	1	1017	720	福州の町の人からの依頼です。<br />福州に姿の見えない妖魔が現れて<br />町の人を追い出したので、その妖魔を<br />退治してほしいとのことです。<0xdb00>妖術を用いた治療で有名な妖術医師の<br />エサキ・バンザイ氏が、万病に効く薬の<br />開発に成功しました。<br /><arrow>しかしその薬をめぐって大勢の人々が<br />争奪戦を繰り広げ、中にはおどして<br />薬を得ようとするものもいました。<br /><arrow>それでバンザイ氏は人間嫌いになり、<br />薬を持って桃源山にひきこもりました。<br /><arrow>当然誰もが山を登ろうとしましたが<br />さまざまな仕掛けがほどこしてあって<br />いまだ誰も登れた者はいません。<br /><arrow>季刊「妖撃」では、次号でその薬と山の<br />仕掛けの特集を組みたいと思いますので<br />どなたかに取材をお願いします。<0xdb00>中国の大富豪、金大小さんからの<br />依頼です。<br /><arrow>ソアラホテルに置き忘れた大切な宝物を<br />探し出してほしいとのことで、<br />鈴鈴さんをご指名です。<0xdb00>上海に住む簡簡さんからの依頼です。<br />なんでも、お百度参りの手助けを<br />してもらいたいということです。<br /><arrow>他とくらべて簡単な依頼ですし¨¨<br />ここはパイさんに行ってもらう<br />というのはどうでしょう？<0xdb>マカオにいるお金持ちからの<br />依頼です。<br /><arrow>どうやらマカオで難事件が<br />発生したらしいのです。<br />マカオ警察じきじきに<br />スティーブ・龍さんをご指名です。<0xdb>なんでも憑魔の老王様より内密の話が<br />あるとかで、グプターさんに憑魔宮に<br />戻ってほしい、とのことですが¨¨。<0xdb>マカオに住む老大人からの依頼です。<br />お孫さんが妖魔にとりつかれたらしい<br />のですが¨真相はわかっていません。<br /><arrow>八雲さんと美星さんのおふたりで<br />原因を究明してください。<0xdb00>マカオに住む、美星さんのお友だち<br />からの依頼です。<br /><arrow>知り合いってことでギャラを値切られた<br />らしく、鈴鈴さんが怒ってました。<br />美星さん１人で行ってくれだそうです。<0xdb00>ごいごかごこごせごつごにごはごほごめごよごれごんごぞごぼごぉごオごケごスごチごヒごマごモごギごラやごザ	
S0708	1	70	51	ぺおかえりなさい。<br />鈴鈴さんと龍さんが<br />２階でお待ちですよ。<0xdb00>いってらっしゃい。<br />早くパイさんが見つかると<br />いいですね。<0xdb>ぉ	
S0709	1	28	21	ここからマルチクエストが<br />始まる予定です。<0xdb00>かい	
S0710	1	126	92	あぁやあせ深仙洞の妖魔は強かったか？<br />いやいや、無事に戻っているんだから<br />そうでもなかったってことか¨¨。<0xdb>南寧はずっとずっと西の方だ。<br />あの近辺は敵も強いっていうから<br />気を付けろよ。<0xdb00>かいてあズかいうあ―やあズ	
S0711	1	121	89	パイちゃんが行方不明か¨¨。<br />おいしそうな食べ物につられて<br />ロイヤルソアラのレストランにでも<br />いるんじゃないのか¨¨？<0xdb>おお、パイちゃん見つかったのか‼<br />よかったよかった。<br />しかし¨¨、<br />やけにあっさり見つかるなぁ¨¨。<0xdb00>ゅ	
S0712	1	49	36	俺が寝てばかりいると思ったら<br />大間違いだぞ。<br />ちゃんとメシも食うし<br />クソもする。<0xdb>ゅ	
S0713	1	68	44	八雲、おまえの行くところ、<br />次々と事件が起こるな¨¨。<br />龍さんに厄祓いしてもらったら？<0xdb00>かいてい0かいうい<arrow>かい	
S0714	1	153	114	い0やいデ鈴鈴さん達がパイちゃんを<br />発見したって話してましたよ。<0xdb>南寧に現れた<br />パイちゃんそっくりな少女って<br />記憶喪失らしいんですよ。<0xdb>パイちゃんそっくりな少女って<br />本当にパイちゃんだったんですね‼<br />¨ってなんかウソくさいなぁ¨¨。<br />あなた本当にパイちゃん？<0xdb>かい	
S0715	1	136	96	うキやうり鈴鈴さんと龍さんは戻ってきたけど<br />美星ちゃんが戻ってこないぞ。<br />さみしいな¨¨。<0xdb>美星ちゃんてば、龍さんと一緒に<br />この会社で働くことになったけど<br />何でこんな会社に入るんかな？<br />八雲、おまえ心当たりはないか？<0xdb00>やう６	
S0717	1	40	26	クッキーの奴、<br />最近、高田文夫のマネに<br />こってるらしいぞ。<0xdb00>かい	
S0718	1	89	63	鈴鈴さんもいそがしいなら<br />収支計算なんか人にまかせればいいのに<br />絶対に自分でやるんですよ。<0xdb00>南寧ですか？<br />森の中にある小さな町ですよ。<0xdb>やえぴ	
S0719	1	114	86	八雲やパイちゃんに助けられたってこともあるとは思うが<br /><arrow>龍さんや美星ちゃんは<br />人間の持つ聖なる力ってやつを<br />一緒に証明したいんだろうな。<br />まあ、口には出さないだろうけど。<0xdb>こいいつえ、ばおかい	
S0720	1	195	102	鈴鈴：<speak><br />八雲くん、遅いじゃない‼<br />パイちゃんが見つかったらしいのに‼<br />すぐに出発するから龍を呼んできて‼<0xdb><portrait_02>鈴鈴：<speak><br />え、もう呼んできたの？<br />早いわよ</speak>¨¨。<arrow><speak>ちょっと待って、すぐ終わるから</speak>¨¨。<br />¨¨¨¨¨¨¨¨¨¨¨¨¨¨¨¨¨¨<br />¨¨¨¨¨¨¨¨¨¨¨¨¨¨¨¨¨¨<arrow><speak>よし終わった‼<br />ほらほら行くわよ。<br />ぼやぼやしてんじゃないの‼<0xdb>やおゾ	
S0721	1	64	43	東京だのソアラだの、<br />人が大勢いる場所に<br />妖魔が現れることは<br />滅多にないはずなんだけどなぁ¨¨。<0xdb00>かい	
S0722	1	131	90	かにやお「龍さんか¨¨。<arrow>スティーブって名前といい<br />符術の達人だってウワサといい<br />もっとカッコイイ人だと<br />思ってたのになぁ¨¨。<0xdb00>龍さんは<br />三只眼と无の不老不死に興味を持って<br />この会社に入ることになったよ。<0xdb>かい	
S0723	1	131	92	かルやかウ今、パイちゃんが<br />見つかったらしい町の<br />データを調べてるんだ¨¨。<0xdb>南寧って町は人口も少ないし、<br />しかも老人しか住んでないって話だぞ。<br />ちなみに数十年ほど前に一度、<br />財宝探しブームが起こってるなぁ。<0xdb>かい	
S0724	1	72	54	きみやか→ソアラで燐鬼って奴にあったんだろ？<br />ウワサじゃ、性格はともかく<br />超スタイルいいし美人だって話だが<br />本当だったか？	
S0725	1	51	36	ん？<0xdb00>そういえば南寧の近くに<br />すごい財宝が隠されてるって<br />ウワサがあったな¨¨。<0xdb>やきょ	
S0726	1	60	37	アジア中にその名もとどろく<br />有名な龍道士¨¨。<br />あの人がこの会社に入れば、<br />心強いな‼<0xdb00>かい	
S0727	1	137	101	き「やきブ龍さんって酔っぱらうと<br />すごいんですって？<br />見かけによらず若いってウワサなのに<br />ノリが完全にオヤジとか¨¨。<0xdb00>南寧って若い女の人が<br />ほとんどいないって話よね。<br />その反動で金持ちの老さんって<br />すごく女好きなんですって。<0xdb00>かい	
S0728	1	92	68	くぅやくふいくら无だからって、<br />無理して実力以上のところには<br />行かないでくださいね。<0xdb>またどこか<br />危険なところに行くんでしょう？<br />気を付けてくださいよ。<0xdb00>ゅ	
S0729	1	29	20	妖魔をやっつけたんですか？<br />さすがは龍道士‼<0xdb>ゅ	
S0731	1	72	44	もう行くのか？</speak><arrow><speak>鈴鈴って今、<br />ソアラ関係の収支を数えてるんだろ？<br />もう終わったのかな¨¨。<br />ま、いいや。行こう。<0xdb00>し	
S0733	1	49	37	そうそう、<br />この仕事中に手にいれたアイテムは<br />預かり所に送っておきましたよ。<0xdb>やなロ	그래 그래,<br />이 일 중에 손에 넣은 아이템은<br />보관소로 보내 두었습니다<0xdb>やなロ
S0734	1	7	6	やは鋭やひキ	
S0736	1	981	678	福州の町の人からの依頼です。<br />福州に姿の見えない妖魔が現れて<br />町の人を追い出したので、その妖魔を<br />退治してほしいとのことです。<0xdb00>妖術を用いた治療で有名な妖術医師の<br />エサキ・バンザイ氏が、万病に効く薬の<br />開発に成功しました。<br /><arrow>しかしその薬をめぐって大勢の人々が<br />争奪戦を繰り広げ、中にはおどして<br />薬を得ようとするものもいました。<br /><arrow>それでバンザイ氏は人間嫌いになり、<br />薬を持って桃源山にひきこもりました。<br /><arrow>当然誰もが山を登ろうとしましたが<br />さまざまな仕掛けがほどこしてあって<br />いまだ誰も登れた者はいません。<br /><arrow>季刊「妖撃」では、次号でその薬と山の<br />仕掛けの特集を組みたいと思いますので<br />どなたかに取材をお願いします。<0xdb00>中国の大富豪、金大小さんからの<br />依頼です。<br /><arrow>ソアラホテルに置き忘れた大切な宝物を<br />探し出してほしいとのことで、<br />鈴鈴さんをご指名です。<0xdb00>上海に住む簡簡さんからの依頼です。<br />なんでも、お百度参りの手助けを<br />してもらいたいということです。<br /><arrow>他とくらべて簡単な依頼ですし¨¨<br />ここはパイさんに行ってもらう<br />というのはどうでしょう？<0xdb>マカオにいるお金持ちからの<br />依頼です。<br /><arrow>どうやらマカオで難事件が<br />発生したらしいのです。<br />マカオ警察じきじきに<br />スティーブ・龍さんをご指名です。<0xdb>なんでも憑魔の老王様より内密の話が<br />あるとかで、グプターさんに憑魔宮に<br />戻ってほしい、とのことですが¨¨。<0xdb>マカオに住む老大人からの依頼です。<br />お孫さんが妖魔にとりつかれたらしい<br />のですが¨真相はわかっていません。<br /><arrow>八雲さんと美星さんのおふたりで<br />原因を究明してください。<0xdb00>マカオに住む、美星さんのお友だち<br />からの依頼です。<br /><arrow>知り合いってことでギャラを値切られた<br />らしく、鈴鈴さんが怒ってました。<br />美星さん１人で行ってくれだそうです。<0xdb00>れ・れ！れ―れ（れ『れ＄れ<br />れ	
S0737	1	29	18	お帰りなさい。<br />今回は長い出張でしたね。<0xdb00>ぉ	
S0738	1	28	20	！ここからマルチクエストが<br />始まる予定です。<0xdb00>や	
S0739	1	33	22	パイさん‼<br />今度こそ、本当に本当のパイさんか!?<0xdb>やあか	
S0740	1	23	14	どぉっ!?<br />パイちゃん、調子の方は‼<0xdb00>ゅ	
S0741	1	45	33	俺がうっかり寝ている間に<br />お前、早速パイさんと<br />どこ行ってきたんだよぉ。<0xdb>ゅ	
S0742	1	34	23	長い出張だったな。<br />俺もたまには、出張したいぜ。<br />あーッ	
S0743	1	10	7	腕がなる‼<0xdb>やあゾ	
S0744	1	45	32	あれ¨¨？<br />黄さんはどうしたんです？<br />一緒に行ったんじゃなかったんですか？<0xdb>やあ8	
S0745	1	73	52	この会社は黄さんからの出資がなくても<br />季刊『妖撃』と、モンスター・ハントで<br />最近は、なんとかやって行けそうです。<0xdb00>やいい	
S0746	1	15	11	キューン、キューン。<0xdb00>やいつ	
S0747	1	49	36	さっき南寧のお金持ちから<br />モンスターハントの依頼が<br />あったみたいだけど¨¨。<0xdb00>やいぴ	
S0748	1	67	51	黄さんがいなくなった話、<br />実は聞いてしまったんです。<br />これから、大変ですけど<br />でも、みんなでがんばりましょうね‼<0xdb00>やいズ	
S0751	1	65	43	かなしいの？<br />ねえ、どうしたのかな？<br />泣いちゃダメなのぉ。<0xdb00><portrait_05>鈴鈴：<br /><speak>わかったらさっさと行った、行った！<0xdb00>やえば	
S0752	1	29	19	いや～龍さんのギャグは、<br />寒くて寒くて¨¨。<0xdb>やえサ	
S0753	1	59	38	龍道士‼は三只眼と无の不老不死に興味を持って<br />この会社に入ることになったよ。<0xdb>やえペ	
S0754	1	61	41	早速で申し訳ないんですが<br />『妖撃』の次号が、まだなんですよ～っ<br />どうも、ネタにつまっちゃって¨¨。<0xdb>やえ＄	
S0755	1	69	44	李社長が帰ってきたから<br />また、俺が一人で拳法の相手を<br />するのかなぁ¨¨。<br />身体がもたねえよ。ううぅ¨¨。<0xdb>やおふ	
S0756	1	59	41	龍さんが帰ってきた‼<br />¨¨¨¨ということは、また<br />あの、くだらないダジャレの日々が<br />やってくるのか!?<0xdb00>やおキ	
S0757	1	148	105	オーナーの黄さんがいなくなったこと、<br />電話で、何人かは知ってるんですけど<br />李社長が帰るまで、口止めしたんです。<br /><arrow>事情も詳しくわからないのに<br />うわさを流しては、パニックを起こすと<br />思って¨¨。<br /><arrow>でも、これから妖撃社は<br />どうなるんでしょうねぇ¨¨。<0xdb>やお	
S0758	1	49	38	どうせまた、出かけるんでしょう？<br />ケガなどあったら<br />今のうちに治した方がいいですよ。<0xdb00>ゅ	
S0759	1	27	20	あいかわらず、みんな元気で<br />うらやましいぜ。<0xdb00>ゅ	
S0763	1	40	27	もう仕事だってぇ？<br />鈴鈴さんも人使い荒いよなぁ。<0xdb00>ぉき！あテうえ	
S0767	1	11	9	やも断やも断ややつ	
S0768	1	49	37	そうそう、<br />この仕事中に手にいれたアイテムは<br />預かり所に送っておきましたよ。<0xdb>やとア	그래 그래,<br />이 일 중에 손에 넣은 아이템은<br />보관소로 보내 두었습니다<0xdb>やとア
S0769	1	7	6	やの温やはょ	
S0772	1	7	6	やと断やなぶ	
S0774	1	997	689	福州の町の人からの依頼です。<br />福州に姿の見えない妖魔が現れて<br />町の人を追い出したので、その妖魔を<br />退治してほしいとのことです。<0xdb00>妖術を用いた治療で有名な妖術医師の<br />エサキ・バンザイ氏が、万病に効く薬の<br />開発に成功しました。<br /><arrow>しかしその薬をめぐって大勢の人々が<br />争奪戦を繰り広げ、中にはおどして<br />薬を得ようとするものもいました。<br /><arrow>それでバンザイ氏は人間嫌いになり、<br />薬を持って桃源山にひきこもりました。<br /><arrow>当然誰もが山を登ろうとしましたが<br />さまざまな仕掛けがほどこしてあって<br />いまだ誰も登れた者はいません。<br /><arrow>季刊「妖撃」では、次号でその薬と山の<br />仕掛けの特集を組みたいと思いますので<br />どなたかに取材をお願いします。<0xdb00>中国の大富豪、金大小さんからの<br />依頼です。<br /><arrow>ソアラホテルに置き忘れた大切な宝物を<br />探し出してほしいとのことで、<br />鈴鈴さんをご指名です。<0xdb00>上海に住む簡簡さんからの依頼です。<br />なんでも、お百度参りの手助けを<br />してもらいたいということです。<br /><arrow>他とくらべて簡単な依頼ですし¨¨<br />ここはパイさんに行ってもらう<br />というのはどうでしょう？<0xdb>マカオにいるお金持ちからの<br />依頼です。<br /><arrow>どうやらマカオで難事件が<br />発生したらしいのです。<br />マカオ警察じきじきに<br />スティーブ・龍さんをご指名です。<0xdb>なんでも憑魔の老王様より内密の話が<br />あるとかで、グプターさんに憑魔宮に<br />戻ってほしい、とのことですが¨¨。<0xdb>マカオに住む老大人からの依頼です。<br />お孫さんが妖魔にとりつかれたらしい<br />のですが¨真相はわかっていません。<br /><arrow>八雲さんと美星さんのおふたりで<br />原因を究明してください。<0xdb00>マカオに住む、美星さんのお友だち<br />からの依頼です。<br /><arrow>知り合いってことでギャラを値切られた<br />らしく、鈴鈴さんが怒ってました。<br />美星さん１人で行ってくれだそうです。<0xdb00>るペるゥるャるヵる２る６る0る4る8る(る，る；る（る→る<speak>る	
S0775	1	19	11	お仕事、<br />お疲れさまです。<0xdb00>ぉ	
S0776	1	28	20	8ここからマルチクエストが<br />始まる予定です。<0xdb00>や	
S0777	1	31	20	けがが直んないよ。<br />不死身の奴はいいよなあ¨¨。<0xdb>や	
S0778	1	31	22	この仕事にケガはつきものだ。<br />君も気をつけろよ。<0xdb00>ゅ	
S0779	1	51	33	仮眼室のすっぱいニオイ¨¨。<br />仕事で疲れて<br />寝るときもこんな目にあうなんて¨¨。<0xdb00>ゅ	
S0780	1	29	19	今日も泊まりだっ‼<br />明日も泊まりだっ‼<0xdb>やあル	
S0781	1	35	26	八雲君、君もだんだんと<br />たくましい体になってきたね。<0xdb>やあォ	
S0782	1	21	12	妖魔退治<br />がんばってる？<0xdb00>やあ4	
S0784	1	107	74	犬のくせに<br />自分の机を持ってるなんて<br />クッキーも生意気だよな。<0xdb>やあＡモンスターハントの収入も<br />「妖撃」の売上ものぼり調子なの。<br />今年はボーナスもちゃんと出そうね。<0xdb00>やいぎ	
S0785	1	29	18	また俺、太っちゃったよ¨¨。<br />どーしよう¨¨。<0xdb>やいゃ	
S0786	1	35	21	鈴鈴：<br /><speak>八雲君、がんばってる？<br />私はウハウハよ。<0xdb>やいモ	
S0787	1	13	8	調子はどう？<0xdb00>やいギ	
S0788	1	63	45	内勤はつらいよ。<br />俺も妖魔をこう、<br />ばしばしっと倒してみたいよな。<br />ストレス発散にもなりそうだし¨¨。<0xdb>やい・	
S0789	1	109	71	力仕事は得意だが、<br />文章を書くのって<br />俺、サイコーに苦手なんだよな¨¨。<0xdb>やい鋭地下室にいる俺達の存在を<br />忘れてる社員がいるんだよ。<br />信じられないよな、まったく。<0xdb00>やうぎ	
S0790	1	43	31	場所がないからって<br />地下室で仕事をさせるってのも<br />ナシだよな。<0xdb00>やうサ	
S0791	1	33	26	おかえりなさい。<br />今度は少しゆっくりできそうですね。<0xdb>やうヲ	
S0792	1	35	28	どこかケガでもしたの？<br />はやめに直しといたほうが<br />いいわよお。<0xdb00>ゅ	
S0793	1	23	16	だれか俺の心の傷をいやしてくれ¨¨。<0xdb>ゅ	
S0794	1	72	45	龍：<br /><speak>八雲、元気そうだな。<br /><arrow>困った事があったら<br />私に相談するんだぞ。<br />くれぐれも私の存在を忘れんでくれよ。<0xdb00>し	
S0795	1	11	9	やま鋭やま鋭やみと	
S0797	1	49	37	そうそう、<br />この仕事中に手にいれたアイテムは<br />預かり所に送っておきましたよ。<0xdb>やたウ	그래 그래,<br />이 일 중에 손에 넣은 아이템은<br />보관소로 보내 두었습니다<0xdb>やたウ
S0802	1	995	688	福州の町の人からの依頼です。<br />福州に姿の見えない妖魔が現れて<br />町の人を追い出したので、その妖魔を<br />退治してほしいとのことです。<0xdb00>妖術を用いた治療で有名な妖術医師の<br />エサキ・バンザイ氏が、万病に効く薬の<br />開発に成功しました。<br /><arrow>しかしその薬をめぐって大勢の人々が<br />争奪戦を繰り広げ、中にはおどして<br />薬を得ようとするものもいました。<br /><arrow>それでバンザイ氏は人間嫌いになり、<br />薬を持って桃源山にひきこもりました。<br /><arrow>当然誰もが山を登ろうとしましたが<br />さまざまな仕掛けがほどこしてあって<br />いまだ誰も登れた者はいません。<br /><arrow>季刊「妖撃」では、次号でその薬と山の<br />仕掛けの特集を組みたいと思いますので<br />どなたかに取材をお願いします。<0xdb00>中国の大富豪、金大小さんからの<br />依頼です。<br /><arrow>ソアラホテルに置き忘れた大切な宝物を<br />探し出してほしいとのことで、<br />鈴鈴さんをご指名です。<0xdb00>上海に住む簡簡さんからの依頼です。<br />なんでも、お百度参りの手助けを<br />してもらいたいということです。<br /><arrow>他とくらべて簡単な依頼ですし¨¨<br />ここはパイさんに行ってもらう<br />というのはどうでしょう？<0xdb>マカオにいるお金持ちからの<br />依頼です。<br /><arrow>どうやらマカオで難事件が<br />発生したらしいのです。<br />マカオ警察じきじきに<br />スティーブ・龍さんをご指名です。<0xdb>なんでも憑魔の老王様より内密の話が<br />あるとかで、グプターさんに憑魔宮に<br />戻ってほしい、とのことですが¨¨。<0xdb>マカオに住む老大人からの依頼です。<br />お孫さんが妖魔にとりつかれたらしい<br />のですが¨真相はわかっていません。<br /><arrow>八雲さんと美星さんのおふたりで<br />原因を究明してください。<0xdb00>マカオに住む、美星さんのお友だち<br />からの依頼です。<br /><arrow>知り合いってことでギャラを値切られた<br />らしく、鈴鈴さんが怒ってました。<br />美星さん１人で行ってくれだそうです。<0xdb00>ゆァゆォゆョゆ０ゆ４ゆ８ゆ2ゆ6ゆ ゆ、ゆ・ゆ！ゆ「ゆ<br />ゆ	
S0803	1	40	27	ケお仕事、<br />お疲れさまでした。<0xdb>いってらっしゃい。お気を付けて。<0xdb00>ぉ	
S0804	1	30	22	「ここからマルチクエストが<br />始まる予定です。<0xdb00>きおい	
S0805	1	81	59	湖あねおかえり！<br />俺のように怪我しなかったようだな。<br />気を付けろよ。<0xdb00>俺ってひょっとして<br />ゲームが終わるまで<br />このままケガ人かぁ¨¨？<0xdb>やあぶ	
S0807	1	83	60	きおいあヲやあャこの部屋って<br />マジでくさいよな。<br />なんとかならねぇかな¨¨。<0xdb00>くさいくさい¨¨。<br />でも会社に仮眼室があるだけ<br />めぐまれてるよな。<0xdb00>ゅ	
S0808	1	63	44	今日はもう寝るっ‼<0xdb00>仮眼室がない頃は<br />床にダンボールひいたり<br />イス並べたりして<br />寝てたんだぜ。<0xdb00>やいに	
S0809	1	41	33	しっかし八雲も<br />昔に比べて強くなったよなぁ。<0xdb>かおいいモかおあいヒやいナ	
S0810	1	57	37	わんわん。<0xdb>ばうわうわう。<0xdb>ばうわうわう。ばうばうばばばう。<br />（ど～も～、私、犬の松村です。<br /><arrow>クッキー？	
S0811	1	59	41	そんな人間のつけた<br />ダサイ名前、関係ないですよ。<br />世の中ツライよね、なんだかさぁ。）<0xdb00>きおいい<arrow>やい	
S0812	1	95	61	よう、お帰り！<br />今回もどうやら無事だったようだな。<0xdb00>クッキーの奴¨¨、<arrow><br />ああ、前にいる犬の名前だが<br />なんか英語の勉強をしているらしい。<br />やるな¨¨。<0xdb00>やうで	
S0813	1	33	24	他の街でセーブしたい時は<br />ここに電話するのよ。<0xdb00>やうス	
S0814	1	69	51	くそう¨¨<br />昆侖への地図を手に入れたんだが<br />全くのニセ物だった¨¨高かったのに。<0xdb>かおうおょかおいおでいおあえ＄おいかお	
S0816	1	19	15	龍さん、イギリス<br />いってたんですか？	
S0819	1	17	10	昆侖は見つかった？<br />鍵は？	
S0820	1	169	129	まさかムダだったわけ<br />じゃないわよね？<0xdb>きおいおデやお＄この部屋には<br />古今東西の妖魔のレポートが<br />大量にあるんだ。<arrow><br />おまえの親父さんの残した<br />レポートもたくさんあるぜ。<0xdb00>たなのレポートを調べてみたかい？<br />今は興味のないものでも<br />そのうち興味がでるかもしれない。<br />たまに調べてみることだ。<0xdb>やかふ	
S0821	1	57	42	最近の妖魔のいきおいは、すさまじい。<br />なんで急にこんなになったのか、<br />調べる必要があるな。<0xdb>やかオ	
S0822	1	81	54	妖魔退治と雑誌編集¨¨。<br />結構つらい仕事がダブってるよな。<br />あ～いそがしい、いそがしい。<br />もういそがしいったら、いそがしい。<0xdb00>はか２おい	
S0824	1	38	23	しかし¨¨<br />こんな地下室で毎日仕事かぁ。<br />ヒドイだろ？<0xdb00>やか	しかし¨¨<br />이런 지하실에서 매일 일이라니<br />심하지?<0xdb00>やか
S0825	1	69	47	やっぱり香港といえばチャイナドレス。<br />あたし昔、中国人の女格闘家って役で、写真取った事があるのよ。<0xdb00>やきわ	
S0829	1	32	23	なにかわかったか？<br />ふ～ん¨¨。まだ奥がありそうだな。<0xdb>やさく	
S0830	1	38	23	美星：<br /><speak>あたし今、学校¨¨。<br />いいなぁいっしょに行きたいアル。	
S0832	1	49	37	そうそう、<br />この仕事中に手にいれたアイテムは<br />預かり所に送っておきましたよ。<0xdb>やぬモ	그래 그래,<br />이 일 중에 손에 넣은 아이템은<br />보관소로 보내 두었습니다<0xdb>やぬモ
S0838	1	985	680	福州の町の人からの依頼です。<br />福州に姿の見えない妖魔が現れて<br />町の人を追い出したので、その妖魔を<br />退治してほしいとのことです。<0xdb00>妖術を用いた治療で有名な妖術医師の<br />エサキ・バンザイ氏が、万病に効く薬の<br />開発に成功しました。<br /><arrow>しかしその薬をめぐって大勢の人々が<br />争奪戦を繰り広げ、中にはおどして<br />薬を得ようとするものもいました。<br /><arrow>それでバンザイ氏は人間嫌いになり、<br />薬を持って桃源山にひきこもりました。<br /><arrow>当然誰もが山を登ろうとしましたが<br />さまざまな仕掛けがほどこしてあって<br />いまだ誰も登れた者はいません。<br /><arrow>季刊「妖撃」では、次号でその薬と山の<br />仕掛けの特集を組みたいと思いますので<br />どなたかに取材をお願いします。<0xdb00>中国の大富豪、金大小さんからの<br />依頼です。<br /><arrow>ソアラホテルに置き忘れた大切な宝物を<br />探し出してほしいとのことで、<br />鈴鈴さんをご指名です。<0xdb00>上海に住む簡簡さんからの依頼です。<br />なんでも、お百度参りの手助けを<br />してもらいたいということです。<br /><arrow>他とくらべて簡単な依頼ですし¨¨<br />ここはパイさんに行ってもらう<br />というのはどうでしょう？<0xdb>マカオにいるお金持ちからの<br />依頼です。<br /><arrow>どうやらマカオで難事件が<br />発生したらしいのです。<br />マカオ警察じきじきに<br />スティーブ・龍さんをご指名です。<0xdb>なんでも憑魔の老王様より内密の話が<br />あるとかで、グプターさんに憑魔宮に<br />戻ってほしい、とのことですが¨¨。<0xdb>マカオに住む老大人からの依頼です。<br />お孫さんが妖魔にとりつかれたらしい<br />のですが¨真相はわかっていません。<br /><arrow>八雲さんと美星さんのおふたりで<br />原因を究明してください。<0xdb00>マカオに住む、美星さんのお友だち<br />からの依頼です。<br /><arrow>知り合いってことでギャラを値切られた<br />らしく、鈴鈴さんが怒ってました。<br />美星さん１人で行ってくれだそうです。<0xdb00>わ わ、わ・わ！わ―わ（わ『わ＄わ<br />わ	
S0839	1	225	115	やべ<portrait_00>隠し扉を見つけた！<0xdb00>隠し階段を見つけた！<0xdb00>鍵がかかっている。<0xdb00>宝箱は空っぽだった。<0xdb>特に興味のある内容では<br />ないようだ。<0xdb>見事な掛けじくだ‼<0xdb00>見事な絵画だ‼<0xdb>見事な壁画だ‼<0xdb>ポスターが貼ってある。<br /><arrow>「メガＣＤゲーム・ソフト、<br />『聖魔伝説３×３ＥＹＥＳ』<br />大好評発売中‼」<0xdb00>＄<E7FD>!?見つけた！<0xdb00><E7FC>を、見つけた！<0xdb00>『万妖録研究	やべ<portrait_00>숨겨진 문을 찾았다!<0xdb00>숨겨진 계단을 찾았다!<0xdb00>자물쇠가 잠겨 있다.<0xdb00>보물상자는 비었다.<0xdb>딱히 볼 만한 내용은<br />아니다.<0xdb>훌륭한 족자다‼<0xdb00>훌륭한 그림이다‼<0xdb>훌륭한 벽화다‼<0xdb>포스터가 붙어 있다.<br /><arrow>「메가ＣＤ 게임 소프트,<br />『성마전설 ３×３ＥＹＥＳ』<br />대호평 발매중‼」<0xdb00>＄<E7FD>!?찾았다!<0xdb00><E7FC>을(를), 찾았다!<0xdb00>『만요록 연구
S0840	1	21	15	いってらっしゃい。お気を付けて。<0xdb00>ぉ	다녀오세요. 조심하시고요<0xdb00>ぉ
S0841	1	28	20	 ここからマルチクエストが<br />始まる予定です。<0xdb00>や	
S0842	1	38	29	俺ってひょっとして<br />ゲームが終わるまで<br />このままケガ人かぁ¨¨？<0xdb>やあ	나 혹시<br />게임이 끝날 때까지<br />계속 부상자인 건가¨¨?<0xdb>やあ
S0843	1	41	28	くさいくさい¨¨。<br />でも会社に仮眼室があるだけ<br />めぐまれてるよな。<0xdb00>ゅ	냄새나 냄새나¨¨<br />그래도 회사에 수면실이 있는 것만으로<br />복 받은 거지<0xdb00>유
S0844	1	49	36	仮眼室がない頃は<br />床にダンボールひいたり<br />イス並べたりして<br />寝てたんだぜ。<0xdb00>やあォ	수면실이 없던 시절엔<br />바닥에 골판지 깔고<br />イス並べたりして<br />자곤 했다고<0xdb00>やあォ
S0845	1	30	22	しっかし八雲も<br />昔に比べて強くなったよなぁ。<0xdb>やあ	
S0846	1	8	6	わんわん。<0xdb>やあ	멍멍<0xdb>やあ
S0847	1	63	40	クッキーの奴¨¨、<arrow><br />ああ、前にいる犬の名前だが<br />なんか英語の勉強をしているらしい。<br />やるな¨¨。<0xdb00>やいん	쿠키 녀석¨¨,<arrow><br />아, 앞에 있는 개 이름인데<br />뭔가 영어 공부를 하고 있는 모양이야<br />제법인데¨¨<0xdb00>やいん
S0848	1	33	24	他の街でセーブしたい時は<br />ここに電話するのよ。<0xdb00>やいょ	
S0849	1	53	36	くそう¨¨<br />昆侖への地図を手に入れたんだが<br />全くのニセ物だった¨¨高かったのに。<0xdb>やいザ	
S0851	1	69	55	たなのレポートを調べてみたかい？<br />今は興味のないものでも<br />そのうち興味がでるかもしれない。<br />たまに調べてみることだ。<0xdb>やうや	
S0852	1	57	42	最近の妖魔のいきおいは、すさまじい。<br />なんで急にこんなになったのか、<br />調べる必要があるな。<0xdb>やうス	
S0853	1	79	52	妖魔退治と雑誌編集¨¨。<br />結構つらい仕事がダブってるよな。<br />あ～いそがしい、いそがしい。<br />もういそがしいったら、いそがしい。<0xdb00>やう８	妖魔退治と雑誌編集¨¨。<br />꽤 힘든 일이 겹치는구나<br />아~ 바빠, 바빠<br />정말 바쁘다니까, 바빠<0xdb00>やう８
S0855	1	38	23	しかし¨¨<br />こんな地下室で毎日仕事かぁ。<br />ヒドイだろ？<0xdb00>やう	しかし¨¨<br />이런 지하실에서 매일 일이라니<br />심하지?<0xdb00>やう 
S0856	1	69	47	やっぱり香港といえばチャイナドレス。<br />あたし昔、中国人の女格闘家って役で、写真取った事があるのよ。<0xdb00>やえげ	
S0857	1	113	74	リンドか！<br />美人が多いって有名な所だよな。<br />いいなぁ、俺も仕事がなければなぁ。<0xdb>やえ<portrait_00><portrait_07>美星：<br /><speak>リンドってたしか小さい国なんだよな。<br />あたしも学校さえなければ、<br />一緒に行くのに！<0xdb00>し	
S0858	1	49	37	そうそう、<br />この仕事中に手にいれたアイテムは<br />預かり所に送っておきましたよ。<0xdb>やちサ	그래 그래,<br />이 일 중에 손에 넣은 아이템은<br />보관소로 보내 두었습니다<0xdb>やちサ
S0859	1	7	6	やね断やのぎ	
S0862	1	7	6	やて鋭やとア	
S0864	1	7	6	やと断やなゃ	
S0866	1	995	686	福州の町の人からの依頼です。<br />福州に姿の見えない妖魔が現れて<br />町の人を追い出したので、その妖魔を<br />退治してほしいとのことです。<0xdb00>妖術を用いた治療で有名な妖術医師の<br />エサキ・バンザイ氏が、万病に効く薬の<br />開発に成功しました。<br /><arrow>しかしその薬をめぐって大勢の人々が<br />争奪戦を繰り広げ、中にはおどして<br />薬を得ようとするものもいました。<br /><arrow>それでバンザイ氏は人間嫌いになり、<br />薬を持って桃源山にひきこもりました。<br /><arrow>当然誰もが山を登ろうとしましたが<br />さまざまな仕掛けがほどこしてあって<br />いまだ誰も登れた者はいません。<br /><arrow>季刊「妖撃」では、次号でその薬と山の<br />仕掛けの特集を組みたいと思いますので<br />どなたかに取材をお願いします。<0xdb00>中国の大富豪、金大小さんからの<br />依頼です。<br /><arrow>ソアラホテルに置き忘れた大切な宝物を<br />探し出してほしいとのことで、<br />鈴鈴さんをご指名です。<0xdb00>上海に住む簡簡さんからの依頼です。<br />なんでも、お百度参りの手助けを<br />してもらいたいということです。<br /><arrow>他とくらべて簡単な依頼ですし¨¨<br />ここはパイさんに行ってもらう<br />というのはどうでしょう？<0xdb>マカオにいるお金持ちからの<br />依頼です。<br /><arrow>どうやらマカオで難事件が<br />発生したらしいのです。<br />マカオ警察じきじきに<br />スティーブ・龍さんをご指名です。<0xdb>なんでも憑魔の老王様より内密の話が<br />あるとかで、グプターさんに憑魔宮に<br />戻ってほしい、とのことですが¨¨。<0xdb>マカオに住む老大人からの依頼です。<br />お孫さんが妖魔にとりつかれたらしい<br />のですが¨真相はわかっていません。<br /><arrow>八雲さんと美星さんのおふたりで<br />原因を究明してください。<0xdb00>マカオに住む、美星さんのお友だち<br />からの依頼です。<br /><arrow>知り合いってことでギャラを値切られた<br />らしく、鈴鈴さんが怒ってました。<br />美星さん１人で行ってくれだそうです。<0xdb00>よョよ０よ４よ８よ2よ6よ よ、よ・よ！よ―よ（よ→よ<speak>よ	
S0868	1	30	22	0ここからマルチクエストが<br />始まる予定です。<0xdb00>かえー	
S0869	1	176	128	『黄さんがいなくなったんだって。<br />黄邸はおおさわぎだよ。<0xdb00>黄さんはまだ見つからないのか¨¨。<0xdb>かえーあばやあせ黄さんはチベットで消息不明になり<br />いまだに連絡がつかない。<br />どうなっているんだ？<0xdb>黄さんの援助がなくなると<br />この会社も続かないだろう。<br />転職考えようかな¨¨。<br />この会社にも長くいすぎたよ。<0xdb>ゅ	
S0870	1	85	61	かえーあ；やあデ黄さんがいなくなったなんて¨¨。<br />きれいな人だったのに、<br />どこ行ったのかなあ¨¨。<br />いいや、寝よ。<0xdb>やなことがあった時は<br />寝るに限るよ。<0xdb>ゅ	
S0871	1	87	63	八雲、君はチベットに行ったんだろ？<br />黄さんを見かけなかったか？<0xdb>え、チベットで黄さんに会った？<br />それでそれで？<br /><arrow>なに口ごもってるんだよ、おまえ？<0xdb00>やいぶ	
S0872	1	45	26	黄邸の黒服ＳＰみたいに<br />俺達も黄夫人の行方を調べよう！<0xdb>やいヘ	
S0873	1	49	38	クッキーの主人が<br />旅立とうとしてるんだ。<br />クッキーも気が気じゃないみたいだね。<0xdb>やいャ	
S0874	1	11	6	きゃうう¨¨。<0xdb>やい６	
S0876	1	59	41	黄さんがこのまま行方不明だったら、<br />この会社への出資もとまっちゃうわ。<br />どうしましょ¨¨。<0xdb00>やうい	
S0877	1	267	175	黄さんの行方不明が続くと<br />妖撃社もつぶれちまうんだってさ。<br />いまのうちからダイエットして<br />失業に備えて小食になろう¨¨。<0xdb00>かえーうヵやうオ行方不明の黄さんを<br />チベットで見たっていう人がいたの。<br /><arrow>君は最近よくチベットに行ってるから<br />何かあったら、<br />すぐに知らせてね。<0xdb>黄さんは妖魔だった？<br />そう¨¨。<br /><arrow>¨¨¨¨¨¨¨¨¨¨。<br /><arrow>でも呪泉での話を総合すると、<br />そう考えるしかないわね¨¨。<br />残念だわ、私達みんな<br />黄さんを信じていたのに¨¨。<0xdb>やえせ	
S0878	1	283	187	黄さんがいなくなると<br />この会社への出資も停止¨¨。<br />じゃ、俺達<br />失業しちゃうじゃんか‼<0xdb00>かえーえソやえゃ黄さん、見つかんないなあ¨¨。<0xdb>この会社も<br />これで終わりか¨¨。<0xdb>かえーえョやえロまさか黄さんが、<br />妖魔につかまったなんてことは<br />ないだろうな¨¨。<0xdb00>黄さんが妖魔だった!?<br />それを俺に信じろっていうのか？<br />バカも休み休みいえよ‼<0xdb>かえーおしやえ→亜栗が行方不明、<br />オーナーの黄さんが失跡¨¨。<br />これも妖魔の仕業なのかな？<0xdb00>次の行方不明は<br />鈴鈴さんだな¨¨。<0xdb00>やおれ	
S0879	1	117	85	黄さんがいなくなったら<br />この地下室に住む俺達の生活状況は<br />もっと悪くなるんじゃないだろうか？<0xdb00>かえーおヴやおヘ黄さんが行方不明なのよ。<0xdb>まっさっかー。<br />黄さんが妖魔のわけないでしょ‼<0xdb00>やおャ	
S0882	1	218	140	龍：<br /><speak>八雲、黄さんが行方不明になった。<br />どうも、チベットに向かったらしい。</speak><br /><arrow><speak>もしかしたら、おまえさん達と<br />会うためにチベットに向かったのかとも<br />思ったんだが</speak>¨¨。<0xdb><portrait_07>龍：<br /><speak>黄さんは妖魔だった？<br />ばかも休み休みにしろよ、八雲‼</speak><br /><arrow><speak>でも、今になって考えてみれば<br />黄夫人から妖気を感じたこともあった。<br />自分の妖気を押し殺すほどの力を持った<br />妖魔？	
S0883	1	16	13	まさか、そんな‼<0xdb>かえーきウやか	
S0884	1	200	136	美星：<br /><speak>八雲、黄さんがいなくなったんだって‼<br />チベットに行ったらしいんだけど</speak><br /><arrow><speak>一体なんのために<br />チベットなんかに行ったんだろう？<br />八雲達を追って行ったのかなあ</speak>¨¨。<0xdb><portrait_08>美星：<br /><speak>まさかぁ‼<br />オーナーが妖魔のわけないでしょ‼<br /><arrow>妖撃社の人間は<br />妖魔退治のエキスパートなんだから<br />黄さんが妖魔だったら<br />すぐにわかるはずでしょ!?<0xdb00>し	
S0887	1	53	40	そうそう、<br />この仕事中に手にいれたアイテムは<br />預かり所に送っておきましたよ。<0xdb>やて鋭やとヌ	
S0888	1	7	6	やと温やなは	
S0892	1	7	6	やな温やにぼ	
S0896	1	1017	714	福州の町の人からの依頼です。<br />福州に姿の見えない妖魔が現れて<br />町の人を追い出したので、その妖魔を<br />退治してほしいとのことです。<0xdb00>妖術を用いた治療で有名な妖術医師の<br />エサキ・バンザイ氏が、万病に効く薬の<br />開発に成功しました。<br /><arrow>しかしその薬をめぐって大勢の人々が<br />争奪戦を繰り広げ、中にはおどして<br />薬を得ようとするものもいました。<br /><arrow>それでバンザイ氏は人間嫌いになり、<br />薬を持って桃源山にひきこもりました。<br /><arrow>当然誰もが山を登ろうとしましたが<br />さまざまな仕掛けがほどこしてあって<br />いまだ誰も登れた者はいません。<br /><arrow>季刊「妖撃」では、次号でその薬と山の<br />仕掛けの特集を組みたいと思いますので<br />どなたかに取材をお願いします。<0xdb00>中国の大富豪、金大小さんからの<br />依頼です。<br /><arrow>ソアラホテルに置き忘れた大切な宝物を<br />探し出してほしいとのことで、<br />鈴鈴さんをご指名です。<0xdb00>上海に住む簡簡さんからの依頼です。<br />なんでも、お百度参りの手助けを<br />してもらいたいということです。<br /><arrow>他とくらべて簡単な依頼ですし¨¨<br />ここはパイさんに行ってもらう<br />というのはどうでしょう？<0xdb>マカオにいるお金持ちからの<br />依頼です。<br /><arrow>どうやらマカオで難事件が<br />発生したらしいのです。<br />マカオ警察じきじきに<br />スティーブ・龍さんをご指名です。<0xdb>なんでも憑魔の老王様より内密の話が<br />あるとかで、グプターさんに憑魔宮に<br />戻ってほしい、とのことですが¨¨。<0xdb>マカオに住む老大人からの依頼です。<br />お孫さんが妖魔にとりつかれたらしい<br />のですが¨真相はわかっていません。<br /><arrow>八雲さんと美星さんのおふたりで<br />原因を究明してください。<0xdb00>マカオに住む、美星さんのお友だち<br />からの依頼です。<br /><arrow>知り合いってことでギャラを値切られた<br />らしく、鈴鈴さんが怒ってました。<br />美星さん１人で行ってくれだそうです。<0xdb00>るでるぶるぴるぁるぉるょるウるキるサるソるテるヌるムるロるザるバるボるペるゥる０る４る８る(る2やる，	
S0897	1	28	20	0ここからマルチクエストが<br />始まる予定です。<0xdb00>や	
S0898	1	21	15	黄さんはまだ見つからないのか¨¨。<0xdb>や	
S0899	1	69	47	黄さんの援助がなくなったら<br />この会社も続かないだろう。<br />転職考えようかな¨¨。<br />この会社にも長くいすぎたよ。<0xdb00>ゅ	
S0900	1	25	18	いやなことがあった時は<br />寝るに限るよ。<0xdb00>ゅ	
S0901	1	49	36	え、チベットで黄さんに会った？<br />それでそれで？<br /><arrow>なに口ごもってるんだよ、おまえ？<0xdb00>やあズ	
S0902	1	45	25	黄邸の黒服ＳＰみたいに<br />俺達も黄夫人の行方を調べよう！<0xdb>やあ6	
S0903	1	48	36	クッキーの主人が<br />旅立とうとしてるんだけど<br />いま一歩、ふっきれないみたいだ。<0xdb00>やあ	
S0904	1	57	38	きゃうう¨¨。<0xdb>やあ断旅立とうかな<br />どうしよっかな¨¨。<br />こまっちゃったな。<br />どうしよっかな¨¨。<0xdb00>やいめ	
S0905	1	59	41	黄さんがこのまま行方不明だったら、<br />この会社への出資もとまっちゃうわ。<br />どうしましょ¨¨。<0xdb00>やいス	
S0906	1	81	58	黄さんの行方不明が続くと<br />妖撃社もつぶれちまうんだってさ。<br />いまのうちからダイエットして<br />失業に備えて少食になっておこう¨¨。<0xdb>やい0	
S0908	1	59	39	黄さんがいなくなると<br />この会社への出資も止まる¨¨。<br />じゃ、俺達<br />失業しちゃうじゃんか‼<0xdb00>やうテ	
S0909	1	23	15	この会社も<br />これで終わりか¨¨。<0xdb>やうロ	
S0910	1	49	35	黄さんが妖魔だった!?<br />それを俺に信じろっていうのか？<br />バカも休み休みいえよ‼<0xdb>やう８	
S0911	1	29	15	次の行方不明は<br />鈴鈴さんだな¨¨。<0xdb00>やう～	
S0912	1	63	46	黄さんがいなくなったら<br />この地下室に住む俺達の生活状況は<br />もっと悪くなるんじゃないだろうか？<0xdb00>やえし	
S0913	1	31	23	まっさっかー。<br />黄さんが妖魔のわけないでしょ‼<0xdb00>やえわ	
S0914	1	116	73	龍：<br /><speak>黄さんは妖魔だった？<br />ばかも休み休みにしろよ、八雲‼</speak><br /><arrow><speak>でも、今になって考えてみれば<br />黄夫人から妖気を感じたこともあった。<br />自分の妖気を押し殺すほどの力を持った<br />妖魔？	
S0915	1	12	9	まさか、そんな‼<0xdb>やおこ	
S0916	1	96	66	美星：<br /><speak>まさかぁ‼<br />オーナーが妖魔のわけないでしょ‼<br /><arrow>妖撃社の人間は<br />妖魔退治のエキスパートなんだから<br />黄さんが妖魔だったら<br />すぐにわかるはずでしょ!?<0xdb00>し	
S0919	1	49	36	そうそう、<br />この仕事中に手にいれたアイテムは<br />預かり所に送っておきましたよ。<0xdb>やち６	그래 그래,<br />이 일 중에 손에 넣은 아이템은<br />보관소로 보내 두었습니다<0xdb>やち６
S0923	1	971	672	福州の町の人からの依頼です。<br />福州に姿の見えない妖魔が現れて<br />町の人を追い出したので、その妖魔を<br />退治してほしいとのことです。<0xdb00>妖術を用いた治療で有名な妖術医師の<br />エサキ・バンザイ氏が、万病に効く薬の<br />開発に成功しました。<br /><arrow>しかしその薬をめぐって大勢の人々が<br />争奪戦を繰り広げ、中にはおどして<br />薬を得ようとするものもいました。<br /><arrow>それでバンザイ氏は人間嫌いになり、<br />薬を持って桃源山にひきこもりました。<br /><arrow>当然誰もが山を登ろうとしましたが<br />さまざまな仕掛けがほどこしてあって<br />いまだ誰も登れた者はいません。<br /><arrow>季刊「妖撃」では、次号でその薬と山の<br />仕掛けの特集を組みたいと思いますので<br />どなたかに取材をお願いします。<0xdb00>中国の大富豪、金大小さんからの<br />依頼です。<br /><arrow>ソアラホテルに置き忘れた大切な宝物を<br />探し出してほしいとのことで、<br />鈴鈴さんをご指名です。<0xdb00>上海に住む簡簡さんからの依頼です。<br />なんでも、お百度参りの手助けを<br />してもらいたいということです。<br /><arrow>他とくらべて簡単な依頼ですし¨¨<br />ここはパイさんに行ってもらう<br />というのはどうでしょう？<0xdb>マカオにいるお金持ちからの<br />依頼です。<br /><arrow>どうやらマカオで難事件が<br />発生したらしいのです。<br />マカオ警察じきじきに<br />スティーブ・龍さんをご指名です。<0xdb>なんでも憑魔の老王様より内密の話が<br />あるとかで、グプターさんに憑魔宮に<br />戻ってほしい、とのことですが¨¨。<0xdb>マカオに住む老大人からの依頼です。<br />お孫さんが妖魔にとりつかれたらしい<br />のですが¨真相はわかっていません。<br /><arrow>八雲さんと美星さんのおふたりで<br />原因を究明してください。<0xdb00>マカオに住む、美星さんのお友だち<br />からの依頼です。<br /><arrow>知り合いってことでギャラを値切られた<br />らしく、鈴鈴さんが怒ってました。<br />美星さん１人で行ってくれだそうです。<0xdb00>よ幸紹	
S0924	1	35	25	お帰りなさい。<br />とうとう聖地に<br />たどり着いたそうですね。<0xdb00>ぉ	
S0925	1	28	20	▼ここからマルチクエストが<br />始まる予定です。<0xdb00>や	
S0926	1	187	132	とうとう聖地についたんだってな。<br />俺も怪我さえしてなきゃ<br />すぐにでも行くんだがな。<0xdb>かか‼あソやあほ黄さんがいなくなって<br />経営は苦しいが<br />「妖撃」で聖地特集でも組んだら<br />立て直しできるかも知れないな。<0xdb00>聖地で面白い情報があったら<br />どんどん伝えてくれよ。<br />鈴鈴さんに代わって、<br />ものすげえ記事、かくぜっ‼<0xdb00>ゅ	
S0927	1	11	7	かか‼あ→やあ８んん？	
S0928	1	101	70	聖地についたって？<br />よかったな。<br />じゃ、俺はもうひと眼りするかな。<0xdb>聖地はどうだい？<br />ちょっと休んでから<br />俺も聖地に行こうと思ったけど、<br />また寝入っちゃいそうだな¨¨。<0xdb00>ゅ	
S0929	1	161	115	かか‼いアやいや鈴鈴さんは龍さんと美星を連れて<br />聖地に向かうっていって<br />出ていったよ。<0xdb>聖地にいると、<br />ここが恋しくなったりしないかい？<0xdb>かか‼い０やいユ久ぶりっ‼<br />聖地到達おめでとう‼<br />これで、パイちゃんともども<br />人間になれるなっ‼<0xdb>龍さん達は元気にやってるかい？<0xdb>やい、	
S0930	1	30	21	クッキーの奴も、<br />君達のことを祝福してるよ。<0xdb>やい	
S0931	1	175	122	旅立とうと思ったのに<br />雑用がはいっちまってさあ。<br />ちぇっ、やっと意志が<br />固まったのに¨¨。<0xdb>かか‼うブやうぁ鈴鈴さんは聖地にむかいました。<br />八雲さん達が苦労して<br />たどり着いたところだからって<br />重装備で出かけて行きましたよ。<0xdb00>妖撃社は何とか切盛りしてますから<br />安心して下さいね。<0xdb>やう 	
S0932	1	552	390	聖地はどうだ？<br />何か重要な情報は得られたかい？<0xdb>かか‼えスやう<speak>鈴鈴さんは<br />ハーンやグプターの力を借りて<br />聖地に行くっていってたから<br /><arrow>憑魔宮とかに寄ったんじゃないかな。<br />しかし鈴鈴さんも、強い人達を見ると<br />すぐ仲間にしちゃうんだよな。<br />やっぱ、お金になるからかなあ？<0xdb00>聖地に行った人達は<br />全員、無事なんですか？<0xdb00>かか‼え▼やえザ鈴鈴さんは八雲さん達が<br />聖地に到った道のりをたどって<br />ラサの昆侖から聖地に向かうと<br />いってましたよ。<0xdb00>とうとう聖地ですね。<br />聖地にはベナレスも鬼眼王も<br />いるんでしょ？<br />決戦の時が近づいてるって感じですね！<0xdb>かか‼おゃやおた鈴鈴さんがラサから連絡を入れてきた時<br />チベットで女の子の无を<br />見つけたっていってたけど本当かな？<0xdb00>みんな元気で何よりです‼<0xdb>かか‼お４やおナグプターは憑魔宮に行けば<br />会えるかも知れないけど<br />ハーンと接触するのは骨だろうな。<br />鈴鈴さん、うまくやったかな？<0xdb>妖撃社のトップクラスの人間が<br />聖地に向かったんだ。<br />向かうところ敵なしってところだな。<br />え!?	
S0933	1	70	49	そうでもないの？<0xdb>やおＡパイちゃんのことだから<br />『聖地って食べられるの？』とか<br />いってんじゃないの？<br />お、怒んなよ¨¨。<0xdb00>やかれ	
S0934	1	57	43	黄さんの行方が今だにわからないのよ。<br />どこかで見かけたり<br />何か情報があったら知らせてね。<0xdb>やかテ	
S0935	1	35	26	聖地はどうですか？<br />変な病気にかかったりしていませんか？<0xdb>ゅ	
S0936	1	63	46	怪我さえしなかったら<br />真っ先に聖地に乗り込んで<br />モンスターハンターとしての<br />株をあげられたんだが¨¨。<0xdb00>ゅ	
S0938	1	98	87	ていてかてこてせてつてつてつてつてつてつてつてつてつてつてつてつすオすケすスすチすナすノすヘすムすユすルすヲすギすザすゾすデすブすピすァすォすョす０す４す８す2す6す す、す・す！し『し＄し<br />やし	
S0939	1	7	6	やめ断やもた	
S0940	1	7	6	やも断ややた	やも断ややた
S0941	1	49	37	そうそう、<br />この仕事中に手にいれたアイテムは<br />預かり所に送っておきましたよ。<0xdb>やてに	그래 그래,<br />이 일 중에 손에 넣은 아이템은<br />보관소로 보내 두었습니다<0xdb>やてに
S0942	1	7	6	やに温やぬざ	
S0943	1	7	6	やは鋭やひん	
S0945	1	7	6	やね温やのサ	
S0946	1	1020	711	福州の町の人からの依頼です。<br />福州に姿の見えない妖魔が現れて<br />町の人を追い出したので、その妖魔を<br />退治してほしいとのことです。<0xdb00>妖術を用いた治療で有名な妖術医師の<br />エサキ・バンザイ氏が、万病に効く薬の<br />開発に成功しました。<br /><arrow>しかしその薬をめぐって大勢の人々が<br />争奪戦を繰り広げ、中にはおどして<br />薬を得ようとするものもいました。<br /><arrow>それでバンザイ氏は人間嫌いになり、<br />薬を持って桃源山にひきこもりました。<br /><arrow>当然誰もが山を登ろうとしましたが<br />さまざまな仕掛けがほどこしてあって<br />いまだ誰も登れた者はいません。<br /><arrow>季刊「妖撃」では、次号でその薬と山の<br />仕掛けの特集を組みたいと思いますので<br />どなたかに取材をお願いします。<0xdb00>中国の大富豪、金大小さんからの<br />依頼です。<br /><arrow>ソアラホテルに置き忘れた大切な宝物を<br />探し出してほしいとのことで、<br />鈴鈴さんをご指名です。<0xdb00>上海に住む簡簡さんからの依頼です。<br />なんでも、お百度参りの手助けを<br />してもらいたいということです。<br /><arrow>他とくらべて簡単な依頼ですし¨¨<br />ここはパイさんに行ってもらう<br />というのはどうでしょう？<0xdb>マカオにいるお金持ちからの<br />依頼です。<br /><arrow>どうやらマカオで難事件が<br />発生したらしいのです。<br />マカオ警察じきじきに<br />スティーブ・龍さんをご指名です。<0xdb>なんでも憑魔の老王様より内密の話が<br />あるとかで、グプターさんに憑魔宮に<br />戻ってほしい、とのことですが¨¨。<0xdb>マカオに住む老大人からの依頼です。<br />お孫さんが妖魔にとりつかれたらしい<br />のですが¨真相はわかっていません。<br /><arrow>八雲さんと美星さんのおふたりで<br />原因を究明してください。<0xdb00>マカオに住む、美星さんのお友だち<br />からの依頼です。<br /><arrow>知り合いってことでギャラを値切られた<br />らしく、鈴鈴さんが怒ってました。<br />美星さん１人で行ってくれだそうです。<0xdb00>りサりソりテりヌりヒりマりモりラりロりヴりゲりズりブりゥり０り0り4り8り(り！り―り（り<arrow>り『やり<portrait_00>やり	
S0947	1	13	10	こあけつり<arrow>やが鋭やぜ4	
S0948	1	66	42	ぁお帰りなさい。<br />聖地の旅は順調ですか？<0xdb>八雲さん、大変なんです‼<br />社長の亜栗が帰ってきたんです‼<0xdb>ぉ	
S0949	1	329	231	ここからマルチクエストが<br />始まる予定です。<0xdb00>かきぬあよやあし聖地はどうだ？<br />不自由なことはないかい？<0xdb>黄さんがなくなったんだってな。<br />なんだか気がぬけちまった¨¨。<br /><arrow>いい言葉が見つからないが<br />身内の人間に何かあった時はいつも<br />何だか悲しい気分になる¨¨。<br />空虚でさ¨¨。<0xdb00>かきぬあ～やあピそろそろ「妖撃」で<br />聖地特集をやりたいんだ。<br />とびっきりのネタを<br />はやく持ってきてくれよ‼<0xdb00>黄さんがなくなって<br />この会社もそう長くは<br />続かないかも知れない。<br /><arrow>でも、安心しろ。<br />鈴鈴さんのかわりにこの私が<br />この状況を乗り切ってみせる。<br />それくらい、がんばれるさ‼<0xdb00>ゅ	
S0950	1	83	56	かきぬいムやいぶちょっと休んでから<br />俺も聖地に行こうと思うけど、<br />また寝入っちゃいそうだな¨¨。<0xdb00>パイちゃん、八雲、<br />応援してるぜ¨¨。<0xdb>ゅ	
S0951	1	279	204	かきぬい4やいペ聖地にいると、<br />ここが恋しくなったりしないかい？<0xdb>そうか、黄さんは<br />やはり妖魔だったのか。<br />でも、幸せだったのかも知れないな。<br /><arrow>だって、パイちゃんと八雲の<br />人間の持つ聖なる力にふれて<br />死んでいったのだから¨¨。<0xdb00>かきぬうぞやうふ人間になるための手がかりは<br />見つかったかい？<0xdb00>決戦の時が<br />近づいているそうじゃないか。<br />がんばってこいよ。<0xdb00>かきぬう0やうテなあなあ、クッキーの奴を<br />聖地に連れてって妖魔に売りつけたら<br />何かいい情報が手に入るかもよ？<br />え、つまんない？	
S0952	1	80	55	あっそ¨¨。<0xdb00>鈴鈴さんや美星や龍導士みたいに<br />直接、手助けはしてやれないけど<br />みんなで応援してるから<br />がんばってくるんだぞ‼<0xdb00>やう	
S0954	1	232	161	旅立とうと思ったら<br />また用事ができちゃってさ。<br />え、また鈴鈴さんの代理仕事？<br /><arrow>先に言っといてくれないと<br />責任持てないよ。<br />ちぇっ、もう勘弁してよ¨¨。<0xdb00>かきぬえォやえル妖撃社は何とか切盛りしてますから<br />安心して下さいね。<0xdb>黄さんが妖魔だったなんて¨¨。<br />でも、黄さんと過ごした日々は<br />楽しかったし、おもしろおかしかった。<br />一生忘れることはないでしょうね¨¨。<0xdb>かきぬおケかきこおケやえ	
S0955	1	830	595	聖地はどう？<br />かわいい女の子はいる？<br /><arrow>え、いる!?<br />マドゥライちゃんていうのか!?<br />ショーカイしろよ、すぐ準備するから‼<br /><arrow>え、妖魔なの？<br />そりゃそうだよな¨¨。<br />ちぇっ‼<0xdb>最後の戦いが近いんだってな。<br />何事も全身全霊でぶつかれば<br />道は開けるさ。<br />戻ったら祝杯をあげようぜ‼<0xdb>そうか、マドゥライちゃんは<br />死んでしまったのか¨¨。<br />妖魔でも一度は会ってみたかったな。<br /><arrow>退治するばかりじゃなくて<br />一度くらいは妖魔とも<br />仲良くしたかったな¨¨。<0xdb00>かきぬかわやかか聖地には<br />めずらしい武器や道具が<br />たくさんあるんでしょうね。<0xdb00>亜栗さんが帰ってきたんだよ、突然。<br />何でも迅鬼とかいう妖魔に<br />石化させられてたんだって‼<0xdb00>かきぬかゾやかヘベナレスや鬼眼王の<br />居所はわかりましたか？<0xdb00>黄さんはパイちゃんの力を得るために<br />我々に近づいたのだと聞きました。<br /><arrow>でも、ベナレスを裏切ったのも<br />我々のもとを離れ、姿をくらましたのも<br /><arrow>パイちゃんや八雲君がいうところの<br />聖なる力にふれ、何か感じるところが<br />あったからじゃないかと思うんです。<br /><arrow>もしそうだったら<br />彼女は幸せに死んでいったのでしょう。<br />そう考えることにしました。<br /><arrow>そう思えれば<br />私も少しだけ気持ちが<br />楽になりそうな気がするんです¨¨。<0xdb00>かきぬき やきヴ聖地からの通信は<br />念動機とやらで<br />やっているって聞いたけど<br />どんな仕組みになっているんだろう？<0xdb>亜栗さんを石化したのは<br />迅鬼とかいってたけど<br />迅鬼って黄さんだとかいってなかった？<br />でも、そんな、まさか!?<0xdb00>かきぬくぴやくい妖撃社のトップクラスの人間が<br />聖地に向かったんだ。<br />向かうところ敵なしってところだな。<br />え!?	
S0956	1	58	40	そうでもないの？<0xdb>妖撃社の社員全員で<br />おまえらの無事を祈ってるぜ。<br />がんばってこいよ‼<0xdb00>やくユ	
S0957	1	225	160	パイちゃんや八雲が<br />人間に戻れる日も<br />近そうだね。<0xdb00>かきぬく！やくャ黄さんを聖地で見かけた？<br />え、何で黄さんが<br />聖地にいるの？<0xdb>パイちゃんと八雲君が人間になって<br />戻ってきたらパーティーができるように<br />準備しておくわ。<br />がんばってきてね‼<0xdb00>かきぬけぼやけせ聖地は未知なる土地です。<br />何があるかわかりません。<br />じゅうぶん気をつけてくださいね。<0xdb00>みんな無事で<br />帰ってきてね¨¨。<0xdb>ゅ	
S0958	1	55	39	妖撃社のみんなが<br />パイちゃんと八雲君が<br />人間になれることを祈ってるんだ。<br />がんばれよ。<0xdb00>ゅ	
S0962	1	48	36	そうそう、<br />この仕事中に手にいれたアイテムは<br />預かり所に送っておきましたよ。<0xdb>やな	그래 그래,<br />이 일 중에 손에 넣은 아이템은<br />보관소로 보내 두었습니다<0xdb>やな
S0963	1	13	12	こあくつちぼやま断やみに	
S0966	1	7	6	やに温やぬぢ	
S0968	1	1017	719	福州の町の人からの依頼です。<br />福州に姿の見えない妖魔が現れて<br />町の人を追い出したので、その妖魔を<br />退治してほしいとのことです。<0xdb00>妖術を用いた治療で有名な妖術医師の<br />エサキ・バンザイ氏が、万病に効く薬の<br />開発に成功しました。<br /><arrow>しかしその薬をめぐって大勢の人々が<br />争奪戦を繰り広げ、中にはおどして<br />薬を得ようとするものもいました。<br /><arrow>それでバンザイ氏は人間嫌いになり、<br />薬を持って桃源山にひきこもりました。<br /><arrow>当然誰もが山を登ろうとしましたが<br />さまざまな仕掛けがほどこしてあって<br />いまだ誰も登れた者はいません。<br /><arrow>季刊「妖撃」では、次号でその薬と山の<br />仕掛けの特集を組みたいと思いますので<br />どなたかに取材をお願いします。<0xdb00>中国の大富豪、金大小さんからの<br />依頼です。<br /><arrow>ソアラホテルに置き忘れた大切な宝物を<br />探し出してほしいとのことで、<br />鈴鈴さんをご指名です。<0xdb00>上海に住む簡簡さんからの依頼です。<br />なんでも、お百度参りの手助けを<br />してもらいたいということです。<br /><arrow>他とくらべて簡単な依頼ですし¨¨<br />ここはパイさんに行ってもらう<br />というのはどうでしょう？<0xdb>マカオにいるお金持ちからの<br />依頼です。<br /><arrow>どうやらマカオで難事件が<br />発生したらしいのです。<br />マカオ警察じきじきに<br />スティーブ・龍さんをご指名です。<0xdb>なんでも憑魔の老王様より内密の話が<br />あるとかで、グプターさんに憑魔宮に<br />戻ってほしい、とのことですが¨¨。<0xdb>マカオに住む老大人からの依頼です。<br />お孫さんが妖魔にとりつかれたらしい<br />のですが¨真相はわかっていません。<br /><arrow>八雲さんと美星さんのおふたりで<br />原因を究明してください。<0xdb00>マカオに住む、美星さんのお友だち<br />からの依頼です。<br /><arrow>知り合いってことでギャラを値切られた<br />らしく、鈴鈴さんが怒ってました。<br />美星さん１人で行ってくれだそうです。<0xdb00>ろやろりろわろぎろざろぞろでろぶろぴろぁろぉろょろケろテろヘろラろロろヴろゲろデろブろピろヵろァやろ２	
S0969	1	9	8	こあけつろヵやげ、	
S0970	1	28	23	ようこそ黄邸へ。<0xdb00>かあオあャかあウあソかあぃあたは	황저입니다<0xdb00>かあオあャかあウあソかあぃあたは
S0971	1	181	120	チあイこのまま真っすぐ行くと屋敷、<br />その左側の通路から倉庫に行ける。<br />通路の奥には塔もあるぞ。<arrow>また倉庫の中に鍵のかかった扉があるが<br />その奥は「開かずの部屋」と呼ばれ、<br />もう１０年近く鍵がかかったままだ。<arrow>たぶん１０年前の事件に<br />関わってるんだろうな¨¨。<br />近づかない方がいいぞ。<0xdb00>どーだ？	
S0972	1	16	10	一通り回ってみたか？<br />え？	
S0973	1	61	41	「開かずの部屋」に入ってない？<br />だからあそこには近づくなって。<br />妖魔とかが出るってウワサだぞ¨¨。<0xdb>何？	
S0974	1	148	98	「開かずの部屋」に入ったって？<br />でもって本当に妖魔がいたのか？<br />１０年前のたたりだな、こりゃ¨¨。<0xdb>「開かずの部屋」から石像が<br />大量に発見されたんだってな¨¨。<br />その中に前執事の雷電さんに<br />ソックリなのがあったとか¨¨。<0xdb>かあウいれかあぃいみやあ	
S0975	1	243	180	うー、わんわんわん‼<br />わんわんわん‼<br />わんわん‼<br />わんわんわんわんわん‼<0xdb00>くーん、くーん。<0xdb00>きゃいんきゃいん‼<0xdb>かあオい8かあウいズかあぃいヌやいぺここの番犬は<br />よそ者には吠えまくるから<br />注意しろよ。<0xdb00>ここの番犬は<br />すぐに人に慣れすぎて<br />困ってるんだ。<0xdb00>周って妖魔みたいな顔してたもんな。<br />番犬も恐れて<br />よく吠えまくってたっけ¨¨。<0xdb>妖撃社にも犬がいるんだってな。<br />ま、よろしく言っといてくれ。<0xdb>かあオうォかあウうケかあぃうねやい	
S0976	1	229	157	この屋敷の中に<br />大量の石像があるかって？<br />私は知らないなぁ¨¨。<0xdb>石像かどうかは知らないけど<br />周が「開かずの部屋」に<br />何かを持ち込んでるらしい<br />って話は聞いたことあるわよ。<0xdb>そういえば<br />御主人様が亡くなられた頃に<br />御主人様そっくりな石像を見たわ。<br />どこへいっちゃったのかしら¨¨。<0xdb00>「開かずの部屋」から石像が<br />大量に発見されたんですって？<0xdb>かあオえキかあウえめはう×あイ	
S0977	1	27	17	これが今ウワサの<br />「開かずの部屋」です。<arrow>え？	
S0978	1	163	115	なんでこんな所にいるかって？<br />実は迷子になっちゃったのぉ～っ‼<br />たしゅけて、たしゅけてっ‼<0xdb>えっへん‼<br />今じゃ、<br />この近辺は私の領域よ。<arrow>そうじ、草かり、<br />何でもやっちゃうんだから。<0xdb>石像の持ち出しは禁止です。<br />っていっても<br />重くて持てないでしょうけど¨¨。<0xdb>かあウえ，かあぃえ6やえボ	
S0979	1	595	431	わんわん‼<br />わんわんわんわん‼<br />わんわんわんわんわん‼<br />わんわん‼<0xdb>くーん、くーん。<0xdb00>きゃんきゃん‼<0xdb>かあオおボかあエおウかあゃおぎかあぃおえやえ<portrait_00>申しわけありません。<br />奥様は、ただ今<br />留守にしております。<0xdb>奥様はまだお帰りになられません。<br />いったいどこに<br />お出かけなさってるのかしら？<0xdb>奥様がお戻りになられました。<br />この奥の部屋でお待ちです。<0xdb>あなた達がいらっしゃる直前に<br />周が奥様と話してるのを<br />見た気がするんですけど。<br />勘違いだったかしら¨¨？<0xdb>奥の部屋で奥様がお待ちです。<br />っと、今のはシャレじゃないんですよ。<br />こんなところでシャレなんか<br />言った日には奥様に怒られちゃう‼<0xdb00>かあソき「かあオきデかあゃきソいあぁか！あぃいあイかぎあぽやかい俺は塔にいる奴と交代で<br />マスターキーの管理や<br />塔の見張りをしてるんだ。<0xdb>「開かずの部屋」に入りたいだ？<br />じょ、冗談じゃないっ‼<arrow>それにあの部屋の鍵は<br />雷電さんが執事だった頃に<br />処分したハズじゃ¨¨、待てよ!?<arrow>マスターキーなら開くかな？<br />塔の見張りの奴に話を聞いてみろ。<br />今月はあいつが<br />マスターキーの担当なんだ。<0xdb00>マスターキー持ってたろ？<br />それをちょっと借りれば¨¨、<arrow>何？	
S0980	1	331	237	なくしたって!?<br />勘弁してくれよ¨¨。<arrow>¨そういえば執事の周は<br />マスターキーを無断コピーして<br />２個持ってるってウワサだな¨¨。<arrow>まさか借りられないとは思うが<br />一応聞いてみたらどうだ？<br />奴の部屋は４階だ。<0xdb00>周が妖魔だって？<br />そんなバカな¨¨。<br />だって俺、ほんの今、<br />周のこと見たぜ。<0xdb>マスター・キー、手に入れたんだろ？<br />必要なくなったら<br />塔の見張りの奴に渡してみな。<arrow>きっと何かいいことあるぜ。<0xdb>相棒の奴、<br />見張りの仕事が気に入ったらしく<br />塔から降りてきやしねぇ¨¨。<0xdb>かあソこウこあオてくよかあエけペかあゃけサいあぁけにあぃいあぽくゾあぁやくばぉけ；コことぶつくざやこぺ	
S0981	1	640	452	んあ執事が変わった頃から<br />この家にはな¨¨、<br />妖魔の類が出るようになったんだ‼<arrow>だからこうして俺が見張ってるんだ‼<br />本当だぞ‼<0xdb>「開かずの部屋」の鍵？<br />そんなもんは<br />とっくに処分されちまったよ。<arrow>だがマスターキーなら<br />「開かずの部屋」はもちろん、<br />どこの部屋でも開けられるぞ。<arrow>¨そのマスターキーを<br />この俺はなくしてしまったのだっ‼<br />いつまで塔の上で<br />ごまかせる事やら¨¨。<0xdb>あとマスターキーを持ってるといえば<br />奥様と執事の周くらいじゃないか？<br />¨なんとか借りてきて<br />コピーできないもんかなぁ¨¨。<0xdb00>さっき周が「開かずの部屋」から<br />屋敷の方に走って行くのを見たぞ‼<br />ひどくあせっていたようだが¨¨。<0xdb>さっき周が屋敷から<br />「開かずの部屋」の方に<br />走って行くのを見たぞ‼<arrow>おお‼<br />これはマスター・キー‼<br />これを俺にくれるのか？<0xdb00>ありがとう‼<br />これで塔の見張りから解放される。<br />¨お礼にいいことを教えよう。<arrow>周が何か大事なものを<br />埋めたらしい場所を知ってるんだ。<br />この塔の左側を調べてみな。<0xdb>なんだ、残念だな¨¨。<0xdb>マスターキーをありがとう。<br />だが俺はこの塔の見張りを<br />続けることにしたよ。<arrow>なんかここの仕事、<br />えらく気に入っちまった。<br />相棒は怒ってるだろうがな¨¨。<0xdb00>かあオさオかあゃさはかあぃこ	
S0982	1	221	160	やこ，マカオ、南寧、福州の<br />お金持ちに集まってもらって<br />パーティーをしてるんだ。<0xdb00>まったく舜麗様も周も<br />パーティーすっぽかして<br />どこへ行ってるんだろう¨¨。<0xdb00>舜麗様、帰って来たんだろ？<br />一応、あいさつに来てくれないと<br />俺の面目が立たないんだけどな¨¨。<0xdb>そろそろパーティーも終わりだし、<br />お客さん達もみんな酔ってるようだし、<br />ま、良かった良かった。<0xdb>かあオしスかあゃしれかあぃさ	
S0983	1	163	109	はさャあイ倉庫の突き当りの部屋って、<br />もう何年も使ってないんだって。<br />だから私達、<br />「開かずの部屋」って呼んでるのよ。<0xdb>「開かずの部屋」と周の話題で<br />こんなに盛り上がるとは<br />思わなかったわ¨¨。<br />おじさんも恐い話って好きなのね。<0xdb00>で、周はどこへ行ったんですか？<br />え？	
S0984	1	120	77	行方不明？<br />「開かずの部屋」ね、きっと¨¨。<0xdb00>「開かずの部屋」開いたんですってね。<br />後で入ってみようかな¨¨。<br />でも恐いし、うーん、どぉしよう¨¨。<0xdb00>かあオすスかあゃすねぉし8コことぶすあぁつし4やし（やし▼	
S0985	1	534	377	塔の上の人に会った？<0xdb00>うそつき‼<0xdb>彼、屋敷全体を見回る担当なんだけど<br />最近は塔の上からの方が全体が見れる<br />って言って塔から降りてこないのよ。<0xdb>私も金持ちおじさん達の相手より<br />塔の見張りの方がいいなぁ、<br />気楽そうで¨¨。<br />でもあなた達はもっと気楽よね。<0xdb>お客さん達、<br />みんな酔っぱらっちゃったみたい。<br />そーゆー私もそろそろ酔いが¨¨。<br />ひっく。<0xdb00>かあオせノかあゃせざかあぃす湖すヵこの屋敷には<br />夜な夜な怪しいうめき声が聞こえる<br />部屋があるらしいな。<arrow>わしゃ、そーゆーのが好きだから<br />ちょっとのぞいていきたいな¨¨。<0xdb>周とかいう執事は<br />妖魔のような顔をしているらしいな。<br />わしゃ、そーゆーのが好きだから<br />ちょっと見ていきたいな¨¨。<0xdb>周は本当に妖魔だったって？<br />わしゃ、そーゆーの苦手だから<br />はやくマカオに帰りたいぞ¨¨。<0xdb00>妖魔のウワサは好きだが<br />本物は大っ嫌いだ。<arrow>でも今は酔ってるから<br />恐いもの知らず¨¨。<br />妖魔でも何でもかかってこい‼<arrow>ときたもんだ‼<0xdb00>かあオたずこあゃてせ「かあぃそチやせ	
S0986	1	93	71	わしゃ舜麗さんに会うために<br />わざわざ南寧から来たんじゃがな。<br />あの人は美人だがワガママでいかん。<arrow>それに比べて前の奥さんは<br />おしとやかでいい人だったなぁ。<br />が‼	
S0987	1	71	50	困ったことにわしゃ、<br />ワガママな美人が好きなんじゃよ¨¨。<0xdb>確かこの近くには<br />九龍とかいう娼婦街があるんだったな？<arrow>え？	
S0988	1	217	142	娼婦街ではない？<br />まぁいい、後で顔出してみるかな¨¨。<0xdb>さっきから気にはなっていたんだが<br />おまえ、２人も美人連れでいいなぁ。<br />１人、俺にくれないか？<br />もちろんチップは弾むぞ‼<0xdb><portrait_06>鈴鈴：<speak><br />ヤークーモーくーん</speak>¨¨‼‼</portrait><arrow>おお、わしゃ、やっぱり<br />舜麗さんを待つことにしよう¨¨。<0xdb00>そうか、残念だな¨¨。<0xdb>わーはっはっはっ‼<br />ここは若い娘が多くていいのう¨¨。<br />ひっく。<0xdb>こあぺてたヲソ	
S0989	1	17	16	をてたモかあオつえかあゃち！やちペ	
S0990	1	461	326	おお、出前を持ってきてくれたか。<br />ご苦労、ご苦労。<arrow>大変おいしいという話だから<br />一度食べてみたかったんだ。<0xdb00>おお、本当にうまいラーメンだな。<br />ぜひ福州にも持って帰りたい味だ。<br />これを金ピカの壺に入れて食べたら<br />さぞかしうまかろうな¨¨。<0xdb>福州の山の幸、海の幸と<br />ここのラーメンが合体すれば<br />すばらしい味になるだろうなぁ。<br />それを金ピカの壺に入れて¨¨。<0xdb>どんな美味いラーメンも<br />しょせんはラーメン、<br />酒には勝てんよ、酒には‼<br />わははははは、ひっく。<0xdb00>とてもうまいという<br />ウワサのラーメンを注文したのだが、<br />まだ来ないのだ。とほほ¨¨。<0xdb>聞いて驚くな‼<arrow>何時間も前に注文したラーメンが<br />まぁだ来ないのだ‼<br />むぅ¨、もうしばらく待つか¨¨。<0xdb00>ついにラーメンが来なかった¨¨。<arrow>¨まぁいい、酒はうまかったしな。<br />次に来たときには<br />直接店に行くとしよう¨¨。<0xdb00>かあオてばこあゃてつケかあぃつャやつヒ	
S0991	1	895	610	舜麗様が石像を集めている？<br />そんなもの集めてたかな¨¨？<br />執事の周じゃないのか？<0xdb00>俺が知らない以上、石像なんてもんが<br />あるとしたら「開かずの部屋」だろう。<br />しかし人目に触れずにあそこに<br />石像を運び込むのは不可能に近いぞ。<0xdb>そうか、<br />「開かずの部屋」に入ったか¨¨。<br />で、石像は見つかったのか？<0xdb00>そうか、それはよかった。<0xdb00>ウソはいけないぞ。<0xdb>「開かずの部屋」から出てきた石像は<br />どれもこれも<br />すごくよく出来ているらしいなぁ¨¨。<br />でも持ち出し禁止なんだろ？<0xdb>かあオとデかあゃとぺかあぃとえやてピ執事の周は顔が恐い上、<br />影でコソコソやってそうで<br />なぁんかウサンくさいよな¨¨。<arrow>それに比べて前執事だった雷電さんは<br />すごくリッパな人だった気がする¨¨。<br />ま、俺も若かったんだけどな。<0xdb>周なら石像くらい集めてるかもな。<br />意外と本物の人間を殺して<br />石で固めてたりしてな。<br />んなワケないか¨¨。<0xdb>周が本当に妖魔だったって？<br />おいおい、全然シャレにならんぞ¨¨。<br />妖撃社の人なんだろ？<br />たのむから退治してくれよな‼<0xdb>周を退治した？<br />しかもトドメを刺したのは奥様だって？<br />前の奥様と違って<br />舜麗様はキツそうだからな¨¨。<0xdb00>かあオなゾかあゃなぺかあぃなにやと<speak>ここは舜麗様の衣装部屋よ。<br />で、隣が舜麗様の部屋。<br />今は留守だけどね。<0xdb>前の奥様には<br />娘さんがいらしたらしいんですよ。<br />生きていれば１５、６歳とか¨¨。<0xdb00>周が舜麗様と話してるのが<br />少しだけ聞こえたんです。<br />なんか「うー」とか言ってたけど¨¨。<br />マンボでも踊ってたのかな？<0xdb>次の執事は<br />かっこいい人がいいなぁ¨¨。<arrow>ウワサだと１０年前に執事だった<br />雷電さんっていう人もシブくて<br />かっこよかったって話だし¨¨。<0xdb>かあオぬにかあゃに<portrait_06>あぃにぢやな	
S0992	1	235	107	舜麗様って<br />本当に世間知らずだったんですよ。<arrow>これまでどうやって<br />生きてきたんだろうって思うくらい。<br />はぁぁ、美人は得よね¨¨。<0xdb>前の奥様が亡くなった時は<br />三本爪の妖魔が屋敷中に現れた¨¨、<br />という話です。<arrow>恐くて夜も眼れません。<br />だから眼くて¨¨、<br />ふぁぁ¨¨。<arrow>¨¨¨¨¨¨¨¨¨¨¨¨¨¨¨¨¨¨<br />¨¨¨¨¨¨¨¨¨¨¨¨¨¨¨¨¨¨<br />¨¨¨¨¨¨ＺＺＺＺＺＺＺＺＺＺＺ<arrow>はっ‼	
S0993	1	18	11	よだれが¨¨。<0xdb>周が通りました‼	
S0994	1	136	96	ほんの今‼<br />本当よ、この目で見たんだから‼<br />なんかあせってたみたい¨¨。<0xdb00>舜麗様って本当はいくつなんだろう？<br />初めて見たときから全然変わらないし、<br />世間知らずな割には妙に頭いいし¨¨。<0xdb>かあオねノこあょてぬモいあぃぬ「あアやぬザ	
S0995	1	313	223	今の執事の周は顔がすごいけど<br />前の執事は名前がすごかったんですよ。<br />ななんと雷電‼<br />スモウレスラーみたいな名前でしょ？<0xdb>ここだけの話だけど、<br />周の部屋では「調べる」を<br />多用するといいわよ。<arrow>特にタンスやベッドが<br />あやしいんじゃないかな¨¨。<br />ちなみに他の部屋は<br />「調べる」してもムダよ。<0xdb>周の部屋からいいもの見つかった？そう、よかったわね。<0xdb00>うそ言ってもダメよ。<br />ちゃんとわかるんだから‼<0xdb00>周の部屋って<br />これからどうするのかしらね。<br />第２の「開かずの部屋」に<br />なったりして¨¨。<0xdb>かあ‼ひヴこあょてね▼かあゅは・ぉね<portrait_00>コことぶつね，ぉの！ゆね2	
S0996	1	33	17	うお<speed_02><portrait_08>黄<speed_10>：<br /><speed_03><speak>ようこそおいでくださいました。	うお<speed_02><portrait_08>黄<speed_10>:<br /><speed_03><speak>잘 오셨습니다
S0997	1	21	14	ラ<speak>主人が行方不明になってから	
S1003	1	77	50	「開かずの部屋」から石像が<br />大量に発見されたんだってな¨¨。<br />その中に前執事の雷電さんに<br />ソックリなのがあったとか¨¨。<0xdb>や	
S1004	1	37	27	妖撃社にも犬がいるんだってな。<br />ま、よろしく言っといてくれ。<0xdb>や	
S1005	1	39	25	「開かずの部屋」から石像が<br />大量に発見されたんですって？<0xdb>や	
S1006	1	49	34	石像の持ち出しは禁止です。<br />っていっても<br />重くて持てないでしょうけど¨¨。<0xdb>やあれ	
S1007	1	206	147	奥の部屋で奥様がお待ちです。<br />っと、今のはシャレじゃないんですよ。<br />こんなところでシャレなんか<br />言った日には奥様に怒られちゃう‼<0xdb00>かあソあ（やあヂマスター・キー、手に入れたんだろ？<br />必要なくなったら<br />塔の見張りの奴に渡してみな。<arrow>きっと何かいいことあるぜ。<0xdb>相棒の奴、<br />見張りの仕事が気に入ったらしく<br />塔から降りてきやしねぇ¨¨。<0xdb>かあソい4ソ	
S1008	1	325	230	おお‼<br />これはマスター・キー‼<br />これを俺にくれるのか？<0xdb00>ありがとう‼<br />これで塔の見張りから解放される。<br />¨お礼にいいことを教えよう。<arrow>周が何か大事なものを<br />埋めたらしい場所を知ってるんだ。<br />この塔の左側を調べてみな。<0xdb>なんだ、残念だな¨¨。<0xdb>マスターキーをありがとう。<br />だが俺はこの塔の見張りを<br />続けることにしたよ。<arrow>なんかここの仕事、<br />えらく気に入っちまった。<br />相棒は怒ってるだろうがな¨¨。<0xdb00>マスターキーなくしたこと、<br />まだ奥様にはバレてないみたいなんだ。<br />でも時間の問題だろうなぁ¨¨。<arrow>周が持っていたマスターキーは<br />どこに行ったんだろう¨¨。<0xdb00>やうノ	
S1009	1	53	38	次のパーティーは誰を呼ぶんだろう？<br />どーせだったら<br />女の子が多い方がいいよな¨¨。<0xdb00>やうャ	
S1010	1	119	80	「開かずの部屋」開いたんですってね。<br />後で入ってみようかな¨¨。<br />でも恐いし、うーん、どぉしよう¨¨。<0xdb00>やう<portrait_00>次のパーティーは誰を呼ぶのかな？<br />どーせだったら<br />若い男の人が多い方がいいわよね¨¨。<0xdb>やえね	
S1011	1	85	58	妖魔のウワサは好きだが<br />本物は大っ嫌いだ。<arrow>でも今は酔ってるから<br />恐いもの知らず¨¨。<br />妖魔でも何でもかかってこい‼<arrow>ときたもんだ‼<0xdb00>やえヘ	
S1012	1	39	28	わーはっはっはっ‼<br />ここは若い娘が多くていいのう¨¨。<br />ひっく。<0xdb>やえピ	
S1013	1	57	41	どんな美味いラーメンも<br />しょせんはラーメン、<br />酒には勝てんよ、酒には‼<br />わははははは、ひっく。<0xdb00>やえ「	
S1014	1	73	51	「開かずの部屋」から出てきた石像は<br />どれもこれも<br />すごくよく出来ているらしいなぁ¨¨。<br />でも持ち出し禁止なんだろ？<0xdb>やおは	
S1015	1	69	46	周を退治した？<br />しかもトドメを刺したのは奥様だって？<br />前の奥様と違って<br />舜麗様はキツそうだからな¨¨。<0xdb00>やおソ	
S1016	1	83	57	次の執事は<br />かっこいい人がいいなぁ¨¨。<arrow>ウワサだと１０年前に執事だった<br />雷電さんっていう人もシブくて<br />かっこよかったって話だし¨¨。<0xdb>やお4	
S1017	1	74	50	舜麗様って本当はいくつなんだろう？<br />初めて見たときから全然変わらないし、<br />世間知らずな割には妙に頭いいし¨¨。<0xdb>やか	
S1018	1	55	37	周の部屋って<br />これからどうするのかしらね。<br />第２の「開かずの部屋」に<br />なったりして¨¨。<0xdb>やかぞ	
S1019	1	59	46	黄：<speak><br />今は<br />お金で困ってるわけじゃないでしょ？<0xdb00>かムかユかルかヲかギかザかゾかデかブかピかァかォか6やか（	
S1021	1	43	31	本当にイヤなことが続く。<br />龍さんにお祓いを、<br />してもらいたいくらいだ。<0xdb00>や	
S1022	1	21	13	平和で静かな時が一番だな。<0xdb>や	
S1023	1	13	7	がう、がう、がう¨¨。<0xdb>や	
S1024	1	13	7	さあ、見回りだ。<0xdb00>や	
S1025	1	19	11	イヤな事件が続くわね¨¨。<0xdb00>や	
S1026	1	31	20	うー、<br />次々とイヤな事が起きて<br />悲しいでしゅー。<0xdb>や	
S1027	1	14	9	温だう、だう、だう。<0xdb>やあ	
S1028	1	35	22	いろんな事が次々と起きて<br />戸惑ってしまうわ¨¨。<0xdb00>やあや	
S1029	1	57	39	なんていうか、色々な事が起きて<br />我々もどう対処していいか。<br />戸惑ってしまっているんだ。<0xdb>やあス	
S1030	1	43	33	アバディーンの爆発はすごかったな。<br />この塔が余波で揺れたんだから。<0xdb>やあゾ	
S1031	1	57	45	パイちゃんがいなくなったのは<br />アバディーンの爆発と関係があるって<br />うわさだけど、本当なのかい？<0xdb>やあ；	
S1032	1	24	18	また、パーティーが<br />ひらけるといいね¨¨。<0xdb>やあ	
S1033	1	26	16	色々大変だろうけどがんばるのよ¨¨。<0xdb00>やあ	
S1034	1	29	22	今が一番つらい時だろうが<br />がんばるんだぞ。<0xdb>やいね	
S1035	1	55	39	色々な事が起きるが<br />悪いことばかりじゃないさ¨¨。<br />おおっと、説教くさくなっちまったな。<0xdb>やいょ	
S1036	1	47	33	あなたとパイちゃんて、<br />一体どういう関係なの？<br />奥様も心配してたわよ。<0xdb>やいヴ	
S1037	1	51	39	パーティーの晩、<br />アバディーンの近くで<br />パイちゃんらしき人を<br />見たって人もいたのよ。<0xdb>やい4	
S1038	1	81	59	男の子なんだから<br />こういう時こそ元気を出して<br />がんばるのよっ！<br /><arrow>たとえ、から元気でも<br />胸をはって、<br />みんなを心配させちゃだめよっ！<0xdb>やうか	
S1039	1	45	34	黄夫人：<br /><speak>みんながしあわせそうで<br />すべてがうまくいくって思ってたのに。<0xdb00>やうず	
S1040	1	22	16	いやはや、なんといったらいいのか¨¨。<0xdb00>し	
S1052	1	7	6	やと鋭やなず	
S1053	1	7	6	やす断やせと	
S1056	1	7	6	やに鋭やぬよ	
S1067	1	70	59	どうぞ<br />ほかの物も<br />お返ししましょうか？<0xdb>預かっている品物がありません<0xdb>ふぅふゃふアふオふケふスふチふナふノふヘふムふユふデやふ０	자<br />다른 물건도<br />돌려드릴까요?<0xdb>맡아 둔 물건이 없습니다<0xdb>ふぅふゃふアふオふケふスふチふナふノふヘふムふユふデやふ０
S1069	1	124	81	チようこそ黄邸へ。<0xdb00>皆さんのお帰りを、黄邸の者全員が<br />首を長くしてお待ちしておりました。<br />今日は、全員に声を<br />かけてやって下さいね。<0xdb00>黄邸は今、主人不在でゆれております。<0xdb>かいＢげかい<br />あほや	
S1070	1	141	106	日本人のツアー客は<br />もう帰りましたか？<br />あんまり、すごい人ゴミだったんで<br />外に出るのがイヤになりましたよ。<0xdb>パイさんが御無事で何よりです。<0xdb>八雲さん、奥様がいきなり<br />いなくなるなんて<br />いったい、どういうことなんでしょう‼<0xdb00>かいＢギかい<0xdb>あルやあヘ	
S1071	1	25	17	わう、わう、わうっ！<0xdb00>おんおんおんっ‼がぅ～ッ‼	
S1072	1	145	93	ここの犬もだいぶ<br />君らになれてきたようだな。<0xdb00>屋敷のものは、皆もちろん<br />犬までもが、パイさんの無事を<br />喜んでるよ。<br />鳴き方が違うだろ？<0xdb00>¨¨¨¨¨。<br /><arrow>俺は、信じないぞ‼<br />奥様が俺たちを捨てて、<br />どこかへ消えたなんて‼<0xdb00>かいＣ６かい<br />いヘやいぎ	
S1073	1	410	281	奥様から聞いたわ。<br />南寧のにせものパイさんの話！<br />今度はがんばって、本物のパイさんを<br />見つけてね！<0xdb00>パイさんのいない時の八雲さんは<br />本当につらそうだったわ。<br />パイさん、もうだまってどこかへ<br />行ったりしないでね‼<0xdb>八雲さん、いったいどういうことなの!?<br />奥様は、なぜ八雲さんたちと一緒に<br />帰って来なかったの!?<0xdb00>かいＤゲかい<br />うぺやい断まだ、パイちゃん<br />見つからないでしゅか¨¨。<br />うー¨¨¨¨¨¨¨<br /><arrow>手伝ってあげたいけど<br />お屋敷から出ると迷子になっちゃうから<br />ダメでしゅね¨¨。<0xdb>パイちゃん‼<br />ついに見つかったんでしゅか‼<br />よかったでしゅ、よかったでしゅ、<br />本当に、よかったでしゅ～～～～～ッ‼<0xdb00>うそでしゅ～～～ッ‼<br />あの優しい奥様が、私たちを捨てて<br />出て行ったなんて<br />そんなの絶対に、うそでしゅ～～～ッ‼<0xdb00>かいＤ	
S1074	1	15	10	だう、だう、だう。<0xdb>わほ～んっ	
S1075	1	39	28	わうわうっ‼<0xdb00>キュイィィ～ン、キュイィィ～ンっ！<0xdb>かいＥテかい<0xdb>えみやえし	
S1076	1	167	114	奥様は<br />自室でお待ちです。<0xdb00>八雲さん。南寧ではニセものパイさんに<br />だまされたけど、<br />今度こそ本物のパイさんが見つかって<br />本当によかったわね‼<0xdb>八雲さん、一体何があったの!?<br />奥様が突然いなくなるなんて¨¨。<br />私たちには、何がなんだか<br />さっぱり、わからないのよ‼<0xdb>かいＦはかい<br />え	
S1077	1	157	110	パイさん、まだ見つからないんだって？<br />早く手がかりがつかめるといいな。<0xdb00>パイさんが無事でよかったと思ったけど<br />奥様の様子が今いち変なんだよな¨¨。<br />何か、あったのか？<0xdb>奥様が、帰ってこないなんて¨¨‼<br />今日から私たちは、<br />どうすればいいんです!?<0xdb00>かいＦ、かい<br />おデやおオ	
S1078	1	110	81	パイさん、まだ見つからないんだって？<br />よーし、ここから探してやるよ。<br />って、見つかるわきゃないか¨¨。<0xdb00>パイさんが見つかって<br />本当によかったな‼<br />俺もここから、探してたかいが<br />あったぜ‼<0xdb00>バカヤロウ‼	
S1080	1	25	18	奥様ぁーーーーッ‼<0xdb>かいＧブかい<br />かぁやかは	
S1081	1	207	148	一日でも早くパイさんが見つかって<br />またパーティーが開けることを<br />祈っているよ。<0xdb>おかえりなさい、皆さん‼<br />さあ、早速パイさんの帰還を祝って<br />盛大なパーティーを開きましょう‼<br />私も、めいっぱいハリキリますよ‼<0xdb>みなさんが、無事に帰ってきたら<br />今度こそ盛大に、パーティーを開くはず<br />だったのに¨¨‼<br />ああ、奥様御自身が帰られないなんて‼<0xdb00>かいＨわかい<br />か	
S1082	1	127	93	奥様が探してたわよ。<0xdb>八雲さん、よかったわね。<br />あんなにつらい思いをして<br />パイさんを探したかいがあったわね‼<0xdb>奥様が、あんなことになるなんて¨¨。<br />ここでパーティーを開くことは<br />もう二度とないのね¨¨。<0xdb>かいＩこかい<br />き―やきヘ	
S1083	1	199	137	パーティーは終わったっていうのに<br />福州から来た青大人だけが<br />残っているのよね。<br /><arrow>ここの食事が気に入ってて<br />一人だけ長居してるのよ。<br />困っちゃう。<0xdb00>皆が待ってたパイさんが<br />帰って来たんだもの。<br />私たちも精一杯、華やかなパーティーに<br />なるよう、がんばるわ‼<0xdb00>私には、信じられないわ¨¨‼<br />私たちには、いい奥様だったのに¨¨。<0xdb00>やくず	
S1084	1	123	83	いやー、香港に来ると黄さんの所に<br />お世話になっとりますが<br />本当に居心地のいい家ですな。<br /><arrow>食事はうまいし、ベッドはいいし<br />黄夫人は美人だし¨¨。<br />まったく言うことありませんよ。<0xdb>かいＪめかい<br />く×やく2	
S1085	1	195	137	パイさんまだ見つからないのか。<br />つらい時だろうが、がんばれよ。<0xdb>パイさんが見つかったっていうのに<br />鈴鈴さんから電話があった時、<br />奥様はなんだか難しい顔をされてた。<br />いったい、何があったんだ¨¨？<0xdb00>奥様がどんな事情で、<br />消えたかは知らんが¨¨。<br />俺は、奥様が帰られるその日まで<br />黙ってこの屋敷を、お守りするだけだ。<0xdb>かいＫテかい<br />け	
S1086	1	285	191	パイさん、一体どうしたんでしょうね。<br />八雲さんが心配してるの、わかってたら<br />連絡くらいくれてもいいのに¨¨。<br /><arrow>もしかして、八雲さんのこととか<br />わからなくなってる¨¨<br />なんて、あるわけないか。<br />いや、変なこと言ってすみません。<0xdb>八雲さん¨¨。<br />実は鈴鈴さんと御主人様の電話を<br />聞いてしまったのです¨¨。<br /><arrow>パイさん、大変なことになりましたね。<br /><arrow>それで、その¨¨。<br /><arrow>三只眼の方は無事なんでしょうか？<0xdb00>¨¨¨¨¨何も言わないでくれないか。<br /><arrow>俺たちだって、つらいんだ‼<0xdb00>かいＬこかい<0xdb>こ・やこペ	
S1087	1	207	135	奥様は隣の部屋よ。<br />みんなに奥様が待ってるって<br />いわれなかった？<0xdb00>パイさん。<br />八雲さんはそりゃあ、あなたのことを<br />心配して探したのよ。<br /><arrow>八雲さんは本当に<br />あなたのことが好きなのねえ¨¨。<0xdb>八雲さん¨¨その¨¨。<br />不審なうわさを<br />小耳に、はさんだんだけど¨¨。<br /><arrow>奥様が、この家の人じゃなかったって<br />いうのは¨¨¨本当なの？<0xdb>かいＬ▼かい<0xdb>さヵやさヌ	
S1088	1	258	170	奥様、ああ見えても<br />結構、気が短いのよ。<br />呼ばれてるんなら、<br />急いで行った方がいいんじゃないの？<0xdb>本当によかったわ！<br />皆、パイさんの無事を祈っていたのよ。<0xdb00>実は私、奥様のこと<br />あまり好きじゃなかったの。<br /><arrow>時々、とても冷たい感じがしたし、<br />何を考えてるのかわからなくて、<br />恐いと思ったことが、何度かあったわ。<br /><arrow>でも、いざいなくなると、この屋敷は<br />まるで火が消えたよう¨¨。<br />八雲さん、お願いっ！<br />奥様を探して来て‼<0xdb00>かいＮ	
S1089	1	250	174	ここもすっかり客室になったけど<br />最近じゃあここを使うのは<br />ほとんど青大人ね。<0xdb00>パイさんが来る前に<br />福州の青大人が帰ってくれて<br />よかったわ。<br /><arrow>私も青大人のお世話より<br />パイさんの帰還パーティーの準備を<br />する方が楽しいもの。<0xdb>八雲さん、福州で何があったの!?<br />奥様も帰らないっていうのに<br />青大人から、電話があったわ。<br /><arrow>「私が差し上げたつぼは<br />いかがですかな？」ですって！<br />それどころじゃないって言うのに‼<0xdb00>こい	
S1090	1	1799	1128	い；やすゥ<portrait_05>黄夫人：<br /><speak>今、大切な用事があるの。<br />もう少ししたら手も空くから<br />妖撃社へ先に戻っててくれる？<0xdb><portrait_05>黄夫人：<br /><speak>パイちゃんのにせ者が現れたこと、<br />鈴鈴から電話で聞いたわ。</speak><br /><arrow><speak>今後も現れるかもしれないこと考えると<br />頭が痛いわね。</speak><br /><arrow><speak>でも、そういえば聞いたことがあるわ。<br />何でも『シヴァの爪』といって、<br />三只眼を呼び寄せる道具があるそうよ。</speak><br /><arrow><speak>それさえ使えば、本物のパイちゃんを<br />見つけ出せるんじゃないかしら。<br />どこにあるか</speak>¨¨<speak>そこまでは<br />残念ながら、わからないけど</speak>¨¨。<0xdb00><portrait_05>黄夫人：<br /><speak>八雲くんが無事である以上、<br />パイちゃんも必ず無事でいるはずよ。</speak><br /><arrow><speak>早く『シヴァの爪』を見つけて<br />本物のパイちゃんを<br />探し出してあげてね‼<0xdb><portrait_05>黄夫人：<br /><speak>パイちゃんの無事を祝いたいのは<br />山々だけど</speak>¨¨。<br /><arrow><speak>今、大切な用事があるの。<br />もう少ししたら手も空くから<br />妖撃社へ先に戻っててくれる？<0xdb00><portrait_05>黄夫人：<br /><speak>『シヴァの爪』を手に入れたそうね！</speak><br /><arrow><speak>あとは、パイちゃんにそっくりだという<br />少女を探して<br />『シヴァの爪』を試してみるだけね！<0xdb><portrait_06>黄夫人：<br /><speak>まあ、八雲くん！</speak><br /><arrow><speak>はやる気持ちはわかるけど、<br />綾小路のおじいさんとは<br />ちゃんと話をしてきたの？<0xdb><portrait_06>黄夫人：<br /><speak>お帰りなさい、話は鈴鈴から聞いたわ。<br />大変なことになったわね。</speak><br /><arrow><speak>さっそくだけど穿霊菱については<br />私も少しだけ聞いたことがあるわ。<br />かけるのも解くのも危険な術だって¨。</speak><br /><arrow><speak>もし、それが本当に穿霊菱だとしたら<br />パイちゃんも三只眼も、化蛇のぱいちゃ<br />んも、みんな危険な目に合うのよ。</speak><br /><arrow><speak>パイちゃんや三只眼は強いから<br />解呪をしても無事でしょうけど<br />私、化蛇のぱいちゃんが心配だわ。</speak></portrait><br /><arrow><portrait_01>綾小路ぱい：<br /><speak>ありがとう、黄さん。化蛇かもしれない<br />私のことまで、心配してくれて</speak>¨¨。</portrait><br /><arrow><portrait_07><speak>本当は私も<br />真実を確かめるのが怖い</speak>¨‼<br /><speak>醜い化け蛇なんかに戻りたくないっ</speak><br /><arrow><speak>でも、ここに来るまでに<br />沢山の人に声をかけられたわ。<br />みんな本物のパイさんを待ってる</speak>¨¨。<br /><arrow><speak>私に大切な家族や、友達がいるのと<br />同じように、パイさんにも<br />パイさんの家族や友達がいる</speak>¨¨。</portrait><br /><arrow><portrait_01><speak>私、やっぱり真実を確かめなきゃ。<br />そしてもし、私が本当に化蛇なら<br />この身体もパイさんに返さなきゃ</speak>¨¨。</portrait><br /><arrow><portrait_00>八雲：<br /><speak>綾小路</speak>¨¨‼</portrait><br /><arrow><portrait_06>黄夫人：<br /><speak>ぱいちゃん</speak>¨¨。</portrait><br /><arrow><portrait_09>龍：<br /><speak>まずは、化蛇と思われる伝説をたどって<br />行ってみよう</speak>¨¨<speak>福州に！</speak><br /><arrow><speak>行けばきっと<br />何かしら真実が見つかるはずだ。</speak><br /><arrow><speak>そこで、みんなにとって一番いい方法を<br />探してみようじゃないか。</speak></portrait><br /><arrow><portrait_08>鈴鈴：<br /><speak>そうね。</speak></portrait><br /><arrow><portrait_05>黄夫人：<br /><speak>私も、一緒に行くわ。<br />今度ばかりは<br />ぱいちゃんのことが、心配だから。<0xdb00>かいＴＧい<br />てァかい；てモやてアこれはこれは、八雲さん。<br />奥様がお部屋でお待ちです。<0xdb>また、パイさん探しに<br />お出かけですか？<br />早く見つかるといいですね。<0xdb>八雲さん、奥様から聞いたんですけど<br />パイさんの記憶が<br />封じられてしまっているようですね。<br /><arrow>それで、その¨¨。<br /><arrow>三只眼の記憶はどうなんですか？<0xdb>電話で事情はうかがいましたが¨やはり<br />私どもには信じられません‼<br />奥様には、何か事情があったのです‼<br /><arrow>みなさんは、奥様と、ベナレスとか言う<br />怪しいヤツと、どちらを信じるんです!?<br /><arrow>確かなことがわかるまで、屋敷の者に<br />めったなことは言わないで下さい。<br />奥様の留守中は、私が預かります！<0xdb00>し	
S1096	1	7	6	やも断ややウ	やも断ややウ
S1097	1	66	47	どうぞ<br />ほかの物も<br />お返ししましょうか？<0xdb>預かっている品物がありません<0xdb>をゥをャをヵを２を６を0を4を8を(を，を；を▼を	자<br />다른 물건도<br />돌려드릴까요?<0xdb>맡아 둔 물건이 없습니다<0xdb>をゥをャをヵを２を６を0を4を8を(を，を；を▼を
S1098	1	19	14	こあソつを徳あ２てを胸ん―らあ２ゅ	
S1099	1	16	13	こあぅてを徳あアつを胸ん→ゅ	
S1100	1	27	17	黄邸は今、主人不在でゆれております。<0xdb>や	
S1101	1	47	36	八雲さん、奥様がいきなり<br />いなくなるなんて<br />いったい、どういうことなんでしょう‼<0xdb00>や	
S1102	1	51	28	¨¨¨¨¨。<br /><arrow>俺は、信じないぞ‼<br />奥様が俺たちを捨てて、<br />どこかへ消えたなんて‼<0xdb00>や	
S1103	1	61	43	八雲さん、いったいどういうことなの!?<br />奥様は、なぜ八雲さんたちと一緒に<br />帰って来なかったの!?<0xdb00>やあれ	
S1104	1	69	45	うそでしゅ～～～ッ‼<br />あの優しい奥様が、私たちを捨てて<br />出て行ったなんて<br />そんなの絶対に、うそでしゅ～～～ッ‼<0xdb00>やあマ	
S1105	1	21	16	キュイィィ～ン、キュイィィ～ンっ！<0xdb>やあザ	
S1106	1	73	49	八雲さん、一体何があったの!?<br />奥様が突然いなくなるなんて¨¨。<br />私たちには、何がなんだか<br />さっぱり、わからないのよ‼<0xdb>やあ「	
S1107	1	49	33	奥様が、帰ってこないなんて¨¨‼<br />今日から私たちは、<br />どうすればいいんです!?<0xdb00>やいい	
S1109	1	81	54	みなさんが、無事に帰ってきたら<br />今度こそ盛大に、パーティーを開くはず<br />だったのに¨¨‼<br />ああ、奥様御自身が帰られないなんて‼<0xdb00>やい０	
S1110	1	54	39	奥様が、あんなことになるなんて¨¨。<br />ここでパーティーを開くことは<br />もう二度とないのね¨¨。<0xdb>やい	
S1111	1	43	27	私には、信じられないわ¨¨‼<br />私たちには、いい奥様だったのに¨¨。<0xdb00>やうこ	
S1112	1	77	51	奥様がどんな事情で、<br />消えたかは知らんが¨¨。<br />俺は、奥様が帰られるその日まで<br />黙ってこの屋敷を、お守りするだけだ。<0xdb>やうキ	
S1113	1	41	26	¨¨¨¨¨何も言わないでくれないか。<br /><arrow>俺たちだって、つらいんだ‼<0xdb00>やうギ	
S1114	1	86	51	八雲さん¨¨その¨¨。<br />不審なうわさを、<br />小耳にはさんだんだんけど¨¨。<br /><arrow>奥様が、この家の人じゃなかったって<br />言うのは¨¨¨本当なの¨？<0xdb00>やう	
S1115	1	161	107	実は私、奥様のこと<br />あまり好きじゃなかったの。<br /><arrow>時々、とても冷たい感じがしたし、<br />何を考えてるのかわからなくて、<br />恐いと思ったことが、何度かあったわ。<br /><arrow>でも、いざいなくなると、この屋敷は<br />まるで火が消えたよう¨¨。<br />八雲さん、お願いっ！<br />奥様を探して来て‼<0xdb00>やえロ	
S1116	1	51	36	奥様がいなくなったんじゃ<br />大人たちも、もうこのお屋敷に<br />来ることはないわね¨¨。<0xdb>やえ0	
S1117	1	26	15	奥様の留守中は、私が預かります！<0xdb00>し	
S1122	1	7	6	やて断やとキ	
S1123	1	7	6	やの断やはや	やの断やはや
S1124	1	54	38	どうぞ<br />ほかの物も<br />お返ししましょうか？<0xdb>預かっている品物がありません<0xdb>へ▼へ～へ「へ×へ→へ<arrow>へ	자<br />다른 물건도<br />돌려드릴까요?<0xdb>맡아 둔 물건이 없습니다<0xdb>へ▼へ～へ「へ×へ→へ<arrow>へ
S1131	1	186	130	くうん、くうん。<0xdb00>かえーあチやあぶ八雲さんのほうには<br />奥様から連絡はありませんでしたか？<0xdb>奥様が妖魔だったですって？<br />あはは、まさかあ‼<0xdb>かえーあ（やあザ舜麗様が突然チベットに行かれてから<br />なんの音さたもなく、はや一週間¨¨。<br />今までこんなこと<br />一度もなかったのに¨¨。<0xdb>今だに舜麗様から連絡がないんです。<br />え？	
S1132	1	44	31	舜麗様にあった？<br />どこでですか？<br />八雲さん、なんで口ごもるんですか!?<0xdb>やいに	
S1133	1	35	26	ここから奥様が行かれたチベットは<br />見えないよなあ¨¨。<0xdb>やいぢ	
S1134	1	175	135	奥様がいらっしゃらないから<br />パーティーがひらけないんですよ。<0xdb00>かえーい２やいテ富豪の皆様をおまねきしての<br />パーティーの日が近づいているのに<br />奥様が戻ってこないのよ。<br />ああ、どうしましょう¨¨。<0xdb00>パーティーをはじめる日は<br />とっくに過ぎているのに<br />主役の奥様がもどってこないの。<br />どうしましょう¨¨。<0xdb>かえーうややい	
S1135	1	198	142	奥様のことだから<br />来客の皆さんにふるまう<br />チベットのめずらしい食べ物でも<br />探しているんじゃない？<0xdb00>奥様が妖魔ですって？<br />あんたが誰だろうと<br />もう一度そんなこといったら<br />許さないわよっ‼<0xdb>かえーうヲやうソ黄夫人の姿が見えんが<br />どこかにおでかけですかな？<0xdb>あんなにきれいな夫人が<br />妖魔だって？<br />君、『妖撃』の読み過ぎだな¨¨。<0xdb00>かえーう	
S1136	1	273	199	やう4舜麗さんはべっぴんさんで<br />ナイスボデー。<br />そんでもって未亡人とくりゃあ<br />日参してしまうよ、わしは。<0xdb00>べっぴんさんでナイスボデーで<br />未亡人でも<br />時間にルーズな女性は<br />キライだっ！<0xdb>かえーえぞやえや今度のパーティーも楽しみだな。<0xdb00>わざわざ遠くから<br />来たっていうのに、<br />主人が戻ってこないとは！<br />なんと無礼なっ！<0xdb>かえーえペやえマ奥様がいないと<br />屋敷内の空気にハリが<br />なくなっちゃうんだよな。<0xdb00>舜麗様が見つかるまで<br />私達がこの屋敷を<br />守ってみせる！<0xdb00>かえーえ	
S1137	1	102	69	やえ！奥様が危ないめに<br />あってなければいいが¨¨。<0xdb>舜麗様が何者だろうと<br />私達の御主人様に変わりはない。<br />だから、待ち続けるし<br />さがし続ける。そう決めたんだ。<0xdb>やおれ	
S1138	1	63	47	何を思ったか、奥様は<br />突然チベットに行かれると<br />おっしゃって¨¨。<br />いったいどうしたっていうんでしょう？<0xdb>やおノ	
S1139	1	79	55	そういえば昆明の町で<br />三ッ目模様の香炉が発見されたとかいう<br />連絡が入ったとたん、<br />奥様はチベットに向かわれたのよね。<0xdb>やお 	
S1140	1	71	47	奥様も八雲さん達のために<br />三只眼に関係する文献や道具について<br />熱心に情報集めをしていましたよ。<0xdb00>やかい	
S1145	1	580	379	やほＡいらっしゃいませ<br />どういった御用でしょう？<0xdb>よく来たな<br />うちはいいもんがそろってるぜ。<0xdcdb>いらっしゃ～い<br />どういった御用？<0xdb00>いらっしゃいませ<br />どういった御用で？<0xdb00>らっしゃい<br />・・・・・何？<0xdcdb>どれになさいますか？<0xdb00>さあ、どれにする？<0xdb>どれにします？<0xdcdb00>どれを御所望かな？<0xdb00>どれにする？<0xdb00>残念ですが<br />お金が足りません。<0xdb>おいおい<br />金が足りないぜ。<0xdb>残念だけど<br />お金が足りないみたい。<0xdb>金が足りませんな。<0xdb>金、足りないし・・・<0xdb00><E7FC>ですね<0xdb><E7FC>だな。<0xdb><E7FC>ね。<0xdb00><E7FC>ですな。<0xdcdb><E7FC>だに。<0xdb>どなたがお持ちになりますか？<0xdb>で、だれが持つんだ？<0xdb>だれが持つの？<0xdcdb>どなたにお渡ししましょう？<0xdb00>だれが持つ？<0xdb>はい、どうぞ。<0xdcdb00>まいどあり。<0xdb00>はい！<0xdb>大切に使いなされ。<0xdb00>ほい<0xdb00>他にも何か<br />お求めになりますか？<0xdb>他にも何か買ってくか？<0xdb00>他にも何か買ってくれる？<0xdb>他にも何か入り用かな？<0xdb>他に何か？<0xdb>ほかに御用はありますか？<0xdb00>ほかにも何かあるかい？<0xdb00>ほかに何か御用は？<0xdb00>ほかに御用は？<0xdcdb00>ほかに、何か？<0xdcdb>ありがとうございました<br />またおこし下さい。<0xdb00>あんがとさん<br />また来いよ。<0xdb00>さんきゅー<br />また来てね。<0xdb>また	やほＡいらっしゃいませ<br />무슨 용건이신지요?<0xdb>잘 왔군.<br />우린 좋은 물건만 갖췄지.<0xdcdb>いらっしゃ～い<br />무슨 일이시죠?<0xdb00>어서 오십시오.<br />무슨 용건이신지요?<0xdb00>어서 오게.<br />・・・・・何？<0xdcdb>무엇으로 하겠소?<0xdb00>자, 어느 걸로?<0xdb>어느 걸로?<0xdcdb00>어느 것을 원하시오?<0xdb00>어느 걸로 할래?<0xdb00>죄송하지만<br />돈이 모자랍니다.<0xdb>이보게<br />돈이 모자라잖아.<0xdb>미안하지만<br />돈이 모자란 것 같아.<0xdb>돈이 모자라는군.<0xdb>돈, 모자라는데¨¨.<0xdb00><E7FC>이군요.<0xdb><E7FC>이군.<0xdb><E7FC>네.<0xdb00><E7FC>이올시다.<0xdcdb><E7FC>だに。<0xdb>어느 분이 지니시겠습니까?<0xdb>그래, 누가 지닐 테냐?<0xdb>누가 가질래?<0xdcdb>어느 분께 드릴까요?<0xdb00>누가 가져?<0xdb>네, 여기요<0xdcdb00>매번 감사<0xdb00>はい！<0xdb>소중히 쓰시게<0xdb00>ほい<0xdb00>더 사실 물건이<br />있으십니까?<0xdb>더 살 건 없나?<0xdb00>더 사 갈래?<0xdb>더 필요한 건 없나?<0xdb>더 필요한 건?<0xdb>더 볼일 있으십니까?<0xdb00>더 필요한 거 있나?<0xdb00>달리 볼일은?<0xdb00>더 볼일은?<0xdcdb00>더 필요한 건?<0xdcdb>고맙습니다<br />또 오십시오<0xdb00>고맙다.<br />또 오라고.<0xdb00>さんきゅー<br />또 와요.<0xdb>또
S1146	1	70	60	どうぞ<br />ほかの物も<br />お返ししましょうか？<0xdb>預かっている品物がありません<0xdb>まふまみまやまりまわまぎまざまぞまでまぶまぴまぁまソやまラ	자<br />다른 물건도<br />돌려드릴까요?<0xdb>맡아 둔 물건이 없습니다<0xdb>まふまみまやまりまわまぎまざまぞまでまぶまぴまぁまソやまラ
S1147	1	13	9	くうん、くうん。<0xdb00>やあで	
S1148	1	31	22	奥様が妖魔だったですって？<br />あはは、まさかあ‼<0xdb>やあサ	
S1149	1	26	17	今だに舜麗様から連絡がないんです。<br />え？	
S1150	1	44	31	舜麗様にあった？<br />どこでですか？<br />八雲さん、なんで口ごもるんですか!?<0xdb>やあヵ	
S1151	1	35	25	ここから奥様が行かれたチベットは<br />見えないよなあ¨¨。<0xdb>やあ▼	
S1152	1	36	30	奥様がいらっしゃらないから<br />パーティーがひらけないんですよ。<0xdb00>やあ	
S1153	1	61	47	パーティーをはじめる日は<br />とっくに過ぎているのに<br />主役の奥様がもどってこないの。<br />どうしましょう¨¨。<0xdb>やいわ	
S1154	1	55	41	奥様が妖魔ですって？<br />あんたが誰だろうと<br />もう一度そんなこといったら<br />許さないわよっ‼<0xdb>やいテ	
S1155	1	49	29	あんなにきれいな夫人が<br />妖魔だって？<br />君、『妖撃』の読み過ぎだな¨¨。<0xdb00>やいピ	
S1156	1	49	36	べっぴんさんでナイスボデーで<br />未亡人でも<br />時間にルーズな女性は<br />キライだっ！<0xdb>やい▼	
S1157	1	54	40	招待されたからはるばるここまで<br />来たっていうのに、<br />主人が戻ってこないとは無礼なっ！<0xdb00>やう	
S1158	1	41	27	舜麗様が見つかるまで<br />私達がこの屋敷を<br />守ってみせる！<0xdb00>やうれ	
S1159	1	73	49	舜麗様が何者だろうと<br />私達の御主人様に変わりはない。<br />だから、待ち続けるし<br />さがし続ける。そう決めたんだ。<0xdb>やうモ	
S1160	1	63	46	何を思ったか、奥様は<br />突然チベットに行かれると<br />おっしゃって¨¨。<br />いったいどうしたっていうんでしょう？<0xdb>やう4	
S1161	1	79	56	そういえば昆明の町で<br />三ッ目模様の香炉が発見されたとかいう<br />連絡が入ったとたん、<br />奥様はチベットに向かわれたのよね。<0xdb>やええ	
S1162	1	71	47	奥様も八雲さん達のために<br />三只眼に関係する文献や道具について<br />熱心に情報集めをしていましたよ。<0xdb00>やえぉ	
S1166	1	7	6	やに断やぬウ	
S1168	1	7	6	やて鋭やとサ	
S1170	1	7	6	やと鋭やなナ	
S1171	1	70	59	どうぞ<br />ほかの物も<br />お返ししましょうか？<0xdb>預かっている品物がありません<0xdb>へナへノへヘへムへユへルへヲへギへザへゾへデへブへ４やへ・	자<br />다른 물건도<br />돌려드릴까요?<0xdb>맡아 둔 물건이 없습니다<0xdb>へナへノへヘへムへユへルへヲへギへザへゾへデへブへ４やへ・
S1172	1	19	15	こあソつへ、こあ２てへ、ぉほボらあ２ゅ	
S1173	1	16	14	こあぅてへ、こあアつへ、ぉほョゅ	
S1174	1	321	172	んやほ<portrait_00>隠し扉を見つけた！<0xdb00>隠し階段を見つけた！<0xdb00>鍵がかかっている。<0xdb00>宝箱は空っぽだった。<0xdb>特に興味のある内容では<br />ないようだ。<0xdb>見事な掛けじくだ‼<0xdb00>見事な絵画だ‼<0xdb>見事な壁画だ‼<0xdb>ポスターが貼ってある。<br /><arrow>「メガＣＤゲーム・ソフト、<br />『聖魔伝説３×３ＥＹＥＳ』<br />大好評発売中‼」<0xdb00>＄<E7FD>!?見つけた！<0xdb00><E7FC>を、見つけた！<0xdb00>『土爪の卵』がある。<0xdb><portrait_04>パイ：<speak><br />あれれれ？<br />ベッドの裏側に何かくっついてる。</speak></portrait><arrow><portrait_02>鈴鈴：<speak><br />何かの鍵みたいだけど</speak>¨¨？<0xdb00>[player]は足もとを調べた。<br />しかし何も見つからなかった。	んやほ<portrait_00>숨겨진 문을 찾았다!<0xdb00>숨겨진 계단을 찾았다!<0xdb00>자물쇠가 잠겨 있다.<0xdb00>보물상자는 비었다.<0xdb>딱히 볼 만한 내용은<br />아니다.<0xdb>훌륭한 족자다‼<0xdb00>훌륭한 그림이다‼<0xdb>훌륭한 벽화다‼<0xdb>포스터가 붙어 있다.<br /><arrow>「메가ＣＤ 게임 소프트,<br />『성마전설 ３×３ＥＹＥＳ』<br />대호평 발매중‼」<0xdb00>＄<E7FD>!?찾았다!<0xdb00><E7FC>을(를), 찾았다!<0xdb00>『토조의 알』이 있다<0xdb><portrait_04>파이:<speak><br />어어어라?<br />침대 뒤쪽에 뭔가 붙어 있어</speak></portrait><arrow><portrait_02>링링:<speak><br />무슨 열쇠 같은데</speak>¨¨?<0xdb00>[player]은(는) 발밑을 살폈다<br />그러나 아무것도 찾지 못했다
S1175	1	15	10	ようこそ黄邸へ。<0xdb00>かきに	황저입니다<0xdb00>かきに
S1176	1	64	41	ヌ奥様を聖地で見かけたって<br />本当ですか？<0xdb00>奥様は聖地でなくなられたのですか。<br />残念です¨¨。<0xdb>かきに	
S1177	1	20	15	６わおおおおおーん‼<0xdb>くうーん。<0xdb>かきに	
S1178	1	251	171	；奥様はどうやって聖地に行ったんだろ？<br />まさか本当に<br />妖魔なんじゃないだろうな？<0xdb00>そうか、奥様は<br />なくなったのか¨¨。<0xdb00>かきにあずやあと連絡をとらずに<br />いなくなるような<br />奥様じゃないのに¨¨。<0xdb00>奥様¨¨。<0xdb>かきにあナやあぺ奥様がいなくても<br />おそうじは<br />しなきゃならないでしゅー‼<0xdb00>きゃははははははー。<br />わーいっ‼<br />¨¨¨¨¨¨。<br /><arrow>何だかだまってると<br />涙がでてきちゃいそうだから<br />笑ってるのに¨¨<br /><arrow>うっ、うっ¨¨<br />うわーん‼<0xdb00>あおーん。<0xdb>かきにあ	
S1179	1	987	696	やあ・あんたまだ奥様が<br />妖魔だなんていってんの？<br />信じらんないわっ‼<0xdb00>あんたたち、前に奥様が妖魔だって<br />いったわよね？<br />でも、奥様が何者だっていいの。<br /><arrow>私達にとって奥様は奥様でしかないわ。<br />優しくて気品のあるすばらしい方だった<br />好きだった¨¨。<br />ごめん、ぐちっちゃったね¨¨。<0xdb00>かきにい<speak>やいヘ舜麗様が聖地に？<br />だから連絡がとれないのでしょうか？<br /><arrow>八雲さん達が聖地で奥様に会われたら<br />ここにも連絡するようにいって下さい。<br />でないと、心配で¨¨。<br />あれ、なんでだまっちゃうんですか？<0xdb00>黄様をなくした今、<br />私達に一体何ができるのでしょう。<br />無念です¨¨。<0xdb00>かきにうょやうね奥様が帰ってくるまでここにいろって<br />執事頭にいわれたけど<br />奥様、いつ帰ってくるんだろう¨¨。<0xdb>聖地ってのは<br />どっちの方角にあるんだい？<br />俺は奥様が死んだなんて信じられない。<br /><arrow>だから奥様が戻ってくるまで<br />この塔から見守ってるよ。<br />俺にはそれくらいのことしかできない、<br />できないから¨¨。<0xdb00>かきにう幅う―奥様が戻ってくるまで<br />パーティーは当分<br />行わないことに決めました¨¨。<0xdb00>奥様にここにおいていただいてから<br />もうずいぶんたちます。<br />奥様とご一緒できた日々を<br />私は決して忘れないでしょう¨¨。<0xdb>かきにえヒやえぴこのままでは<br />黄一族の存亡にも関わります。<br />どうしましょう¨¨。<0xdb00>何日もしないうちに<br />この屋敷の何もかもが<br />舜麗様の物では<br />なくなってしまうのでしょうね¨¨。<0xdb>かきにえ→やえ６奥様がいなくなったら<br />私達はどうやって暮らしていけば<br />いいのでしょう¨¨。<0xdb00>なんだか奥様がふいに戻ってきて<br />何もなかったかのように<br />パーティーが始まるような気がして<br />なりません¨¨。<0xdb>かきにおぼやおふ舜麗様が見つかるまで<br />私達がこの屋敷を<br />守ってみせる！<0xdb00>屋敷も何もかもが少しづつくちてゆく。<br />しかし、これからは奥様は奥様のまま。<br />我々の心の中で色あせることなく<br />ずっと生き続けるんだ¨¨。<0xdb00>かきにお	
S1180	1	621	424	やおォ舜麗様が何者だろうと<br />私達の御主人様に変わりはない。<br />だから、待ち続けるしさがし続ける。<br />我々はそう決めたんだ。<0xdb00>舜麗様は永遠に私達の御主人様だ。<br />ただひとりの¨¨。<br />だから、私は待ち続ける。<br />そう決めたんだ。<0xdb>かきにかヌやかげチベットで奥様を見かけたと思ったら<br />今度は聖地¨¨。<br />それって本当に奥様だったの？<0xdb>いつ奥様が戻られてもいいように<br />この屋敷の何もかも<br />そのままにしておいたのに、<br />もう奥様は戻ってこないのね¨¨。<0xdb>かきにきいやか2奥様がいないので、この屋敷の運営も<br />だんだんと行きづまってきました。<br />なんだか中世の没落貴族にでも<br />なったような気分です¨¨。<0xdb00>さ、奥様の寝室をかたづけましょう。<br />奥様がいつ帰ってきてもいいように。<br />いつ帰ってきても¨¨<br />いいように¨¨。<0xdb>かきにきズやきぅ奥様がいなくなってから<br />この屋敷から活気ってものが<br />なくなっちゃったような気がして<br />なんだか悲しいですわ。<0xdb>きびしい人だったけど<br />今となってはそれも大切な思い出。<br />尊敬に値するすばらしい方だったわ、<br />奥様は¨¨。<0xdb00>奥様</speak>¨¨。<br />八雲さん、奥様を見かけたら<br />かならず知らせて下さい。<br />よろしく¨¨お願いします¨¨。<0xdb00>し	
S1183	1	7	6	やに温やぬえ	
S1184	1	7	6	やは断やひス	
S1187	1	7	6	やに温やぬふ	
S1188	1	7	6	やに温やぬげ	
S1189	1	7	6	やの温やはウ	
S1190	1	7	6	やて断やとぞ	
S1193	1	70	60	どうぞ<br />ほかの物も<br />お返ししましょうか？<0xdb>預かっている品物がありません<0xdb>むかむこむせむつむにむはむほむめむよむれむんむげむぅやむチ	자<br />다른 물건도<br />돌려드릴까요?<0xdb>맡아 둔 물건이 없습니다<0xdb>むかむこむせむつむにむはむほむめむよむれむんむげむぅやむチ
S1195	1	15	10	いい天気だな、ボーズ！<0xdb>や	
S1196	1	33	24	ここはお金持ちの家。<br />とっとと出ていってちょうだい。<0xdb00>や	
S1197	1	21	15	デート中なの‼<br />あっちへ行ってよ‼<0xdb>や	
S1198	1	63	48	人のデートを邪魔する奴は<br />馬にけられて死んじまえ‼<br />っていうことわざを知ってるか？<br />おまえのことだよ‼<0xdb00>やあね	
S1199	1	41	32	マカオへようこそ！<br />でも、この町に来るのは<br />ちょっと早いんじゃない？<0xdb>やあぼ	
S1200	1	63	46	この町にはスティーブ龍っていう<br />有名な霊能者がいるが<br />最近はいそがしいらしくて<br />留守がちだな。<0xdb00>やあギ	
S1201	1	79	61	この町には金持ちが多い。<br />あらぬ疑いをかけられたくなかったら<br />どこぞのテレビゲームのように<br />勝手に人の家に上がりこまんことだな。<0xdb00>やあ『	
S1202	1	47	39	マカオってなかなかひらけた町だねえ。<br />でも、ギャンブル場って<br />どこにあるんだろう？<0xdb>やいい	
S1203	1	83	60	ほら、木立の奥で<br />デートしてるふたりがいるでしょ？<br />男の方は、あたしの昔の彼なの。<br /><arrow>あたし、ふられても彼のこと<br />待ちつづけているのよ¨¨。<0xdb>やいオ	
S1204	1	53	35	ここは男子禁制、<br />花の女性専用アパート。<br />出ていかないと人を呼びますよっ‼<0xdb>やいヂ	
S1205	1	49	34	日本からわざわざ買物に来たんだが<br />どこの店も開いてないんだ。<br />こまったな¨¨。<0xdb00>ゅ	
S1206	1	20	14	俺は酔っぱらってないぞお～。<0xdb00>やい	
S1207	1	41	31	ぼうや。<br />あんたみたいな子が<br />この町に来るのはちょっと早いわよ。<0xdb00>やうか	
S1208	1	15	10	ああ、いそがしい¨¨。<0xdb>やうに	아아, 바쁘다¨¨<0xdb>やうに
S1209	1	37	28	まだ、店を開けてないんだ。<br />もうちょっとしたら来てくれよ。<0xdb00>やうで	
S1210	1	25	19	はやく、品物を売ってくれないかしら。<0xdb>やうオ	
S1211	1	41	31	おや、あんた<br />ここらじゃ見かけない顔だねえ。<br />どこから来たんだい？<0xdb00>やうヴ	
S1212	1	63	48	ここがマカオのメインストリート。<br />でも、まだ店はほとんど開いてないよ。<br />まあ、宿屋くらいは開いてるけどね。<0xdb00>やう，	
S1213	1	75	55	まだ、どこの店も開いてないよ。<br />酒場もやってる宿屋が<br />開いてるくらいかな。<0xdb00>やう温子供はギャンブルをやってはいかんぞ。<0xdb00>やえし	
S1214	1	21	13	すいません、<br />準備中です。<0xdb00>やえめ	
S1215	1	27	18	冷やかしの客か!?<br />さあ、帰った帰った‼<0xdb>やえば	
S1216	1	37	29	パックツアーで来たから<br />観光地もろくに見てまわれないよ。<0xdb>やえテ	
S1217	1	31	22	あなた、だれ？<br />出ていかないと人を呼ぶわよっ‼<0xdb00>やえゲ	
S1218	1	35	23	はっ、ただいま屋敷の回りを<br />警備中でありますっ‼<0xdb00>やえ２	
S1219	1	23	19	ギャンブルなんてするもんじゃねえな。<0xdb00>やえ，	
S1220	1	32	23	ここはギャンブル場。<br />でも、子供は入っちゃだめよ。<0xdb>やえ	
S1221	1	127	87	ああ、海の波に光が反射して<br />キラキラ光ってる¨¨。<br />君のひとみからこぼれる涙のように¨¨<br /><arrow>おおっと、聞いてたのか？<br />人間、絶望的な気分になると<br />こんな悲しい過去まで<br />思い出すようになっちまうもんだな。<0xdb00>やおチ	
S1222	1	27	22	ギャンブル？<br />やめといたほうがいいと思うよ。<0xdb>やおヲ	
S1223	1	31	23	あんたどこから入ってきたの？<br />さあ、出てってよ‼<0xdb00>やおォ	
S1224	1	33	20	あなた、だれ？<br />最近はやりの人さらいね‼<br />きゃ～‼<0xdb00>やお，	
S1225	1	62	42	なんで女性専用アパートに<br />男の人がいるの？<br />出ていかないと友達の拳法の達人を<br />呼ぶわよっ‼<0xdb>やか	
S1226	1	17	10	きゃ～、男の人がっ‼<0xdb00>やかつ	
S1227	1	31	20	坊や、何か御用？<br />用がないなら出てってね。<0xdb>やかげ	
S1228	1	31	20	こら、人様の家に<br />勝手に入るんじゃない！<0xdb00>やかア	
S1229	1	27	19	だれだい、あんた？<br />龍さんなら留守だよ。<0xdb>やかヘ	
S1230	1	33	25	ただいま龍は出かけております。<br />また、おこし下さい。<0xdb>やかバ	
S1231	1	41	28	わしに何か用かな？<br />用がないなら出ていってくれ。<br />人を呼ぶぞ‼<0xdb>やか 	
S1232	1	68	46	あんた、旅行かい？<br />俺は行商人。<br />仲間があちこちの町で店を開いてるから<br />たまには何か買ってやってくれ。<0xdb00>やき	
S1233	1	29	19	店はまだ準備中なんだ。<br />また来とくれ。<0xdb00>やきほ	
S1234	1	15	11	わしに何か用かな？<0xdb>やきん	
S1235	1	47	34	老大人はすばらしい方です。<br />お金持ちにはめずらしいタイプだと<br />思うわ。<0xdb00>やきス	
S1236	1	13	9	だれだ、おまえ？<0xdb00>やきヒ	
S1237	1	20	13	ひまだな。<br />遊びに行きたいな。<0xdb00>し	
S1241	1	7	6	やに温やぬマ	
S1242	1	7	6	やは鋭やひぢ	
S1247	1	7	6	やて鋭やとか	
S1248	1	7	6	やの断やはス	
S1252	1	17	13	みんな元気でやってるかい？<0xdb>や	
S1253	1	19	12	最近は本当にひまだねえ。<0xdb00>や	
S1254	1	53	36	王大人に何か御用ですか？<br />素性の知れない方を<br />お通しする訳にはまいりませんが。<0xdb>や	왕대인께 볼일 있으십니까?<br />신원을 알 수 없는 분을<br />들여보낼 수는 없습니다만<0xdb>や
S1255	1	19	12	今日は楽しいデートなの♥<0xdb00>や	
S1256	1	55	45	ここにある建物って<br />いったいなんなんだろう？<br />鍵がかかってたりすると<br />開けたくなるんだよなあ。<0xdb>やあは	
S1257	1	39	28	ソアラホテルが<br />営業を再開したらしいが<br />安全なのかねえ。<0xdb00>やあょ	
S1258	1	45	28	いつ何時<br />異常事態が発生するかも知れん。<br />さあ、見回るぞっ！<0xdb>やあヲ	
S1259	1	45	34	観光でマカオに来たっていうのに<br />迷子になってもう何ヵ月たつんだろう。<0xdb>やあ６	
S1260	1	145	96	あの人、今日もデートしてるけど<br />私とデートしてくれる日が<br />いつかは来るのかしら？<0xdb00>やあ<portrait_00>はいはい、どなた様？<br />ここは男子禁制、<br />花の女性専用アパートよ<br /><arrow>ま、そうはいっても<br />最近の若い女の子は<br />規則を守らないから大変よ¨¨。<0xdb00>やいば	
S1261	1	41	30	よーし、何でも買いあさるぞ‼<br />なんたってここは<br />観光地なんだからな。<0xdb>ゅ	
S1262	1	39	28	ひっく¨¨。<br />中国の酒ってぇのは<br />どうしてこう強いんだろうね？<0xdb>やいペ	
S1263	1	15	8	ああ、ヒマだわ¨¨。<0xdb00>やい２	
S1264	1	49	37	私はダンサー。<br />きっとロイヤルソアラや<br />有名な観光地で<br />ショーをひらいてみせるわ。<0xdb>ゅ	
S1265	1	83	59	この店には何でも置いてあるのよ。<br />こういう店がこの町以外にもあるわ。<br />装身具とか薬とかが一度に買えるから<br />便利なんじゃない？<0xdb00>やうず	이 가게엔 뭐든 다 있어<br />이런 가게가 이 마을 말고도 있어<br />장신구나 약을 한 번에 살 수 있어서<br />편하지 않아?<0xdb00>やうず
S1266	1	23	19	うちの人ったら、どこいったのかしら？<0xdb>やうゃ	우리 양반은 어딜 간 걸까?<0xdb>やうゃ
S1267	1	33	27	マカオのメインストリートへようこそ‼<br />さあ、寄っといで！<0xdb>やうマ	
S1268	1	15	8	美星ちゃん¨¨。<0xdb00>やうヴ	
S1269	1	33	25	見回りのじゃまだ。<br />用がないなら話しかけないでくれよ。<0xdb>ゅ	
S1270	1	37	28	ギャンブル場はいいよ。<br />もうかっちゃって<br />毎日ウハウハだよ。<0xdb>やう＄	
S1271	1	59	39	老大人に御用ですか？<br />老様はおいそがしい身、<br />あまりお時間を<br />取らせないで下さいね。<0xdb00>やえつ	노대인께 볼일 있으십니까?<br />노대인께선 바쁘신 몸,<br />너무 시간을<br />빼앗지 말아 주세요<0xdb00>やえつ
S1272	1	61	47	何だってマカオには<br />金持ちが多いんだろう？<br />ま、そのおかげで俺達ガードマンは<br />食っていけるんだがね。<0xdb>やえょ	어째서 마카오엔<br />부자가 많은 걸까?<br />뭐, 덕분에 우리 경비원들은<br />먹고살 수 있는 거지만<0xdb>やえょ
S1273	1	43	33	ギャンブルなんかしてると<br />りっぱな大人にはなれないぞ‼<br />俺みたいに¨¨。<0xdb>やえロ	
S1274	1	19	15	ギャンブル場はここでーす。<0xdb00>やえバ	
S1275	1	127	87	ああ、海の波に光が反射して<br />キラキラ光ってる¨¨。<br />君のひとみからこぼれる涙のように¨¨<br /><arrow>おおっと、聞いてたのか？<br />人間、絶望的な気分になると<br />こんな悲しい過去まで<br />思い出すようになっちまうもんだな。<0xdb00>やおた	
S1276	1	43	33	ドッグレースだが<br />最近は結構もうかるように<br />なってきたよ。うんうん。<0xdb00>やおで	
S1277	1	17	10	美星ちゃん、元気？<0xdb>やおゃ	
S1278	1	55	37	日本からの観光客って<br />どうして<br />あんなに沢山おみやげを買っていくの？<br />謎だわ¨¨。<0xdb00>やおザ	일본에서 온 관광객은<br />どうして<br />저렇게 선물을 많이 사 가는 거야?<br />수수께끼야¨¨<0xdb00>やおザ
S1279	1	53	42	ここは女の子専用のアパートなんだから<br />あんまりここに出入りしてると<br />あやしまれるわよ。<0xdb>やお(	
S1280	1	87	62	美星ってば、おてんばだから<br />いつ何時<br />とんでもない事しでかすか<br />ホント心配¨¨。<0xdb>やおＡねえ、男の子も<br />デートする時って<br />おしゃれするものなの？<0xdb>やかと	
S1281	1	81	54	坊や、何か御用？<br />人の家に勝手にあがりこんじゃ<br />いけないのよ。<br /><arrow>勝手に宝箱を開けるのもダメよ。<br />ゲームじゃないんだから¨¨。<0xdb00>やかナ	
S1282	1	37	29	だから勝手に人の家に入ってはいかんと<br />ゆーとるだろうが‼<0xdb>やかヂ	
S1283	1	261	174	獣魔術って知ってるかい？<br />なんでも、獣魔と呼ばれる魔物を<br />自分の身体に飼いならす術らしい。<br /><arrow>香港のはるか北の山間に寺院があって<br />その寺院にある魔法陣の上で<br />卵を使えば獣魔と契約できるという。<br /><arrow>でも、普通の人間じゃ<br />そんな物を<br />身体に入れたら死んじゃうよね？<br /><arrow>そうそう、北東にある川を越えると<br />福州っていう町があるけど<br />最近、強い妖魔が出現するらしいから<br />川は渡らない方がいいと思うな。<0xdb00>やきブ	
S1284	1	15	10	ああ、いそがしい¨¨。<0xdb>やきョ	아아, 바쁘다¨¨<0xdb>やきョ
S1285	1	33	20	私がこの屋敷の主の王だが、<br />何か御用かな？<0xdb>やき；	
S1286	1	65	46	君達は世界をまたにかけて<br />旅をしているんだろ？<br />何か面白い情報があったら<br />俺にも教えてくれよな。<0xdb00>やくか	
S1287	1	49	37	下で商売してるから<br />何か買ってっとくれ。<br />あんた達ならサービスしとくからさ。<0xdb00>やくぞ	
S1288	1	29	22	平和なマカオっていうのも<br />いいものですな¨¨。<0xdb>やくオ	
S1289	1	53	35	ここの主の老大人は<br />時々こわい夢を見るって<br />いってました。<br />おかわいそうに¨¨。<0xdb00>やくヂ	
S1290	1	60	44	おう、元気にやってるかい？<br />どっかで新しい鍵を見つけたら<br />俺にゆずってくれよ。<br />金ははずむからさあ。<0xdb00>し	
S1294	1	7	6	やと鋭やなゃ	
S1295	1	7	6	やは鋭やひナ	
S1297	1	7	6	やの鋭やはい	
S1312	1	53	42	俺は酔っぱらってないぞお！<br />若い姉ちゃんにだまされて<br />ぼったくられてなんか<br />いないぞお！¨¨うっく	
S1318	1	101	82	ここだけの話ですが<arrow>かわいい美星ちゃんは<br />ブラコンなんです。<br />ブラザーコンプレックスでしたっけ？<br /><arrow>アニメコンプレックスじゃありません！<br />ボ、ボクだって違いますよ！<br />ところで、おたくは？<0xdb>やおぢ	
S1323	1	55	36	また負けた¨¨。<br />全財産スッちまった。<br />あんたもギャンブルする時にゃ、<br />気ィつけな¨¨。<0xdb00>やかざ	
S1335	1	38	25	最近、<br />龍さんったら<br />妖撃社にいりびたりだからなぁ¨¨。<0xdb>やくデ	
S1336	1	64	50	龍さんに言っておいてくださいよ。<br />たまには事務所に顔を<br />出してくださいって。<0xdb>かいグけョこいギてく―やく<br />ぉけとょ	
S1337	1	268	190	だあほっほっほっ。<br />私に何か御用かな？<br />用がないなら、とっととお帰り。<br />カーペットが汚れてしまうからな。<0xdb>弟からは連絡をもらっておる。<br />実際、ワシもこれはやっかいに<br />思っとったからな。<br /><arrow>捨ててしまおうと思ってゴミ箱に<br />投げたら、部屋の中で雷が落ちおった。<br /><arrow>こんなものさっさと持っていくがいい。<br />おらっ、くれてやる！<br /><arrow>『表裏の鍵』を手にいれた！<0xdb>まだなにかあるのか？<br />ようがすんだらさっさと帰れ！<0xdb00>何ぃ、荷物がいっぱいだと．．．<br />さっさと始末して来んか。<0xdb00>やけ	
S1338	1	45	36	ロイヤルソアラには<br />化物のたぐいがたむろしていると聞くが<br />本当なのかい？<0xdb>やこと	로열 소아라에는<br />괴물 같은 것들이 모여 있다던데<br />정말인가?<0xdb>やこと
S1339	1	39	27	龍さん、最近マカオに帰ってこないの。<br />どうしたのかしら¨¨。<0xdb00>やこで	
S1340	1	19	13	さて¨¨今日はなにようで？<0xdb>やこょ	
S1341	1	30	23	おじょう様は<br />学校へ行ってらっしゃいますが。<0xdb>やこモ	아가씨께선<br />학교에 가 계십니다만<0xdb>やこモ
S1348	1	7	6	やに鋭やぬざ	
S1349	1	7	6	やは温やひケ	
S1353	1	7	6	やめ温やもめ	
S1354	1	11	8	やめ<portrait_00>やめ温やもぢ	
S1356	1	48	39	俺は酔っぱらってないぞお！<br />若い姉ちゃんにだまされて<br />ぼったくられてなんか<br />いないぞお！	
S1357	1	12	6	¨¨うっく¨¨。<0xdb>やうユ	¨¨うっく¨¨。<0xdb>やうユ
S1358	1	101	82	ここだけの話ですが<br />かわいい美星ちゃんはブラコンなんです。<br />ブラザーコンプレックスでしたっけ？<br /><arrow>アニメコンプレックスじゃありません！<br />ボ、ボクだって違いますよ！<br />ところで、おたくは？<0xdb00>やおぢ	여기서만 하는 얘긴데<br />귀여운 미호시는 브라콘이에요<br />브라더 콤플렉스였던가요?<br /><arrow>애니 콤플렉스가 아닙니다!<br />저, 저도 아니라고요!<br />그런데, 댁은?<0xdb00>やおぢ
S1359	1	55	36	また負けた¨¨。<br />全財産スッちまった。<br />あんたもギャンブルする時にゃ、<br />気ィつけな¨¨¨。<0xdb>やかざ	
S1360	1	11	6	ヒマだ¨¨。<0xdb00>やくノ	
S1361	1	13	8	ヒマなのよ¨¨。<0xdb00>やくラ	
S1362	1	61	44	ほっほっほっ。<br />私に何か御用かな？<br />用がないなら、とっととお帰り。<br />カーペットが汚れてしまうからな。<0xdb>やく6	호호호<br />나한테 무슨 볼일인가?<br />볼일 없으면, 썩 돌아가게<br />카펫이 더러워지니까<0xdb>やく6
S1363	1	44	35	ロイヤルソアラには<br />化物のたぐいがたむろしていると聞くが<br />本当なのかい？<0xdb>やく	로열 소아라에는<br />괴물 같은 것들이 모여 있다던데<br />정말인가?<0xdb>やく
S1364	1	33	19	龍さん♥¨¨。<0xdb>やく温さて¨¨今日はなにようで？<0xdb>やけか	
S1365	1	30	23	おじょう様は<br />学校へ行ってらっしゃいますが。<0xdb>やけれ	아가씨께선<br />학교에 가 계십니다만<0xdb>やけれ
S1421	1	51	37	このホテルはどうなっているんだ！<br />一般客は泊めないって、<br />じゃあ、誰を泊めるんだよ！<0xdb00>や	
S1422	1	21	16	ようこそ、<br />ホテルロイヤルソアラへ！<0xdb00>ゅ	
S1423	1	101	66	宿泊客のスティーブ龍様を<br />お探しですか？<br />お調べします¨¨¨¨¨<br /><arrow>スティーブ龍とおっしゃるお客様は<br />お泊まりではありません。<br /><arrow>本当に当ホテルに<br />御宿泊ですか？<0xdb00>ゅ	
S1424	1	283	194	かあ』いせやあロあの、もしかして妖撃社の方ですか？<br />もしよかったら、当ホテルに出るという<br />バケモノを退治していただけませんか？<br /><arrow>もちろん、御礼はいたします。<br />え、社長が倒れているからダメ？<br />うーん、前に頼んだ変な三人組が<br />全然使えないから困ってるんだよな。<0xdb00>あ、その節は<br />いろいろとお世話になりました。<br />さすが黄様の私設部隊だ。<br /><arrow>事件はあっという間に解決。<br />うちも信用を取り戻すだけです。<br />しかし、まだ一部に妖魔の影が¨¨。<br />また、助けてくださいよお¨¨。<0xdb00>やいバ	
S1425	1	47	32	このホテルから<br />夜な夜な女性の悲鳴が聞こえるとか。<br />ひーっ、こえーっ！<0xdb00>やい，	
S1426	1	179	122	残念ながら諸多の事情により<br />１７階から上には<br />お客様をお通しできません。<br /><arrow>って、うわさじゃ１６階に化物がいて<br />エレベーターを止めたり<br />１７階への道を閉ざしてるんだとさ。<br /><arrow>その化物を倒せば、<br />エレベーターも動くだろうし<br />１７階以上にも行けるようになるかも!?<br />こわくて社員は近づかないけどな¨¨。<0xdb>ゅ	
S1427	1	66	46	何で誰も信じてくれないの？<br />行方不明になった私の友達を<br />このホテルで見たっていう人が<br />いるのよ！<0xdb00>かあ!?え	
S1428	1	424	296	やう・東洋一の高級ホテルだっていうから<br />わざわざ東京から来たのに<br />これじゃ田舎のペンションよ。<br />だっさー。<0xdb00>こんなダサいホテルを<br />『あそこグーよ‼』とかいった友達が<br />信じらんないわ。<br />日本に帰ったら文句いってやるぅ。<0xdb00>かあ!?えデやえぁ若くて、<br />かわいくて、<br />従順で、<br /><arrow>お金持ちで、<br />一人っ子の、<br />すてきな男はいないかしら？<br />あ、あんたは不合格ね。<0xdb>あたしの理想が高すぎるのかしら¨¨。<br />坊や、お金持ってる？<br />お金持ってるんなら<br />あんたで、だきょうしてあげるわ。<0xdb00>かあ!?おにやえ→このホテルで<br />いままで行方不明になった女の子達を<br />見かけたって話を聞いたんだが、<br />本当だろうか？<0xdb00>ホテルのオーナーが<br />今回の事件の真相を究明中らしい。<br />事件は妖魔のせいだとかいうウワサで<br />ホテルの格も下がる一方だしな。<0xdb>やおヌ	
S1429	1	33	25	いらっしゃいませ。<br />よろしかったら、<br />お試しください？<0xdb00>やおゾ	
S1430	1	41	30	彼女にミヤゲさ、買うべー。<br />アグニスビーのスカーフが<br />よかっぺー。<0xdb00>やお4	
S1431	1	56	41	彼女におくりもの？<br />こういうのって一生モノだから、<br />高いやつを買っとけば<br />間違いないわよ。<0xdb>やお	
S1432	1	16	11	ただの人形のようだ。<0xdb00>やか	
S1433	1	89	61	最近は、このホテルに化物が出るとか<br />行方不明になった女の子の<br />悲鳴が聞こえるとかいう悪いうわさで<br />商売あがったりよ。本当にもう¨¨。<0xdb>やかケ	
S1434	1	173	123	このブリリアントなカットって<br />今年の流行なのよ。<br />今ならお買得よ！<0xdb00>かあ!?か▼やかヂ高級ホテルのテナントにある商品って<br />どうしてこう高いんだろうな？<br />４割５割は当り前じゃないもんな。<0xdb00>これだけホテルの評判が落ちれば<br />少しは商品の値段も<br />下がると思ったんだが<br />甘かったようだな¨¨。<0xdb>やきく	
S1435	1	45	29	当店の品は<br />品質第一がモットーです。<br />買えば、一生モノですよ。<0xdb>やきず	
S1436	1	109	77	６階からのエレベーターは<br />化物が占拠していて使えないんです。<br /><arrow>化物を退治できれば<br />動くと思うんですけど、<br />この前も燐鬼とかいうヤマ師が<br />モンスターハントに失敗してたし¨¨。<0xdb>やき「	
S1437	1	55	41	東洋一のホテルの、<br />東洋一のショッピングモール。<br />ここにないものはないと<br />いわれてます。<0xdb00>やくく	
S1438	1	67	47	６階からのエレベーターは<br />化物が占拠していて使えません。<br />化物がいなくなれば<br />動くと思うんですけど¨¨。<0xdb00>やくぉ	
S1439	1	153	112	東洋一のショッピングモールでも<br />ないものはないから<br />そこんとこ、よろしくね！<0xdb>かあ!?くゥやくヲねえ、パパぁ～<br />あたしに新しい洋服買ってよぉ♥<0xdb00>ねえ、おねぐぁーい‼<br />あたしにもっと洋服買ってよぉ♥<br />最近、あんまり買ってくれないしー。<br />浮気しちゃうぞおっ‼<0xdb00>かあ!?けみやく	
S1440	1	93	62	よおし、何でも買っちゃるぞ！<br />欲しいものをどんどん言いなさい。<br />そのかわり、今晩¨¨。<br />むふふ¨¨。<0xdb00>ちくしょー、<br />金がいくらあっても足りないよ。<br />とほほ¨¨。<0xdb>やけぴ	
S1441	1	63	43	この服ならぁ、<br />カジュアルでもフォーマルでも<br />ＯＫだしい～、<br />田舎者のあなたでも大変身できるわよ。<0xdb00>やけゲ	
S1442	1	59	36	当店は、古今東西の書物を<br />一同に集めております。<br />お手に取ってご覧下さいませ。<0xdb00>やけ，	
S1443	1	69	48	本場中国の焼物です。<br />いつ来てもやってる<br />半期に一度の大チャンス！<br /><arrow>おみやげにおひとつ<br />いかがでしょう？<0xdb>やこか	
S1444	1	192	136	流れ流れて、この町へ来たの。<br />ここは地の果て、<br />次はどこへ行こうかしら。<0xdb00>かあ!?こヲやこでホテルのバーで、<br />ひとり静かにグラスをかたむける男¨¨<br />うーん、男のロマンだな！<br />背中でコドクのコの字が泣いてるぜ！<0xdb>さびれたホテルのバーで<br />過ぎた日の自分にカンパイ¨¨。<br />うーん、男の美学だな。<br />背中が男の哀しみにあふれてるぜ！<0xdb>かあ!?こ	
S1445	1	94	67	やこ―そこのお客さん、さっき<br />女性にふられたばかりみたいです¨¨。<0xdb>いやー、ここまで女性運のない人って<br />本当にいるんですね。<br />私、ちょっと感動してますよ。<0xdb00>やさよ	
S1446	1	55	39	さて問題です。<br />この店の中に一つだけ<br />時刻が違うものがあります。<br />さて、どれでしょう？<0xdb>やさス	
S1447	1	47	35	げっ！<br />さぼってるの見つかっちゃった。<br />オーナーには内緒にしてね。<br />お願いっ！<0xdb>やさデ	
S1448	1	161	89	あたしって、こう見えても<br />ゲームにはうるさいのよ。<br />最近のアーケードゲームなら<br /><arrow>ＳＥＧ×かＣ×ＰＣＯＭが<br />おすすめね。<br />××××××？<br />ありゃ、カスだわね¨¨。<0xdb00>やさＡ最近、変な荷物を<br />運ばされたんだ。<br />大きな石像とか祭壇とか¨¨。<br />一体何に使うんだろ？<0xdb00>やしぎ	
S1449	1	12	6	いいよな¨¨。<br />血ぃ¨	いいよな¨¨<br />血ぃ¨
S1450	1	11	6	いいよな¨¨<br />俺も¨	いいよな¨¨<br />俺も¨
S1451	1	19	11	社員に¨<br />なりたいよ¨¨。<0xdb>やしル	
S1452	1	64	50	ホテルのショーって、<br />どうしてこうつまんないのかしら？<br /><arrow>ディスコのお立ち台でならした<br />私が代わってあげたいわ。<br />私？	
S1453	1	33	22	私はふくちゃん。<br />人はディスコの女王と呼ぶわ¨¨。<0xdb>やし	
S1454	1	137	103	あそこで踊ってる奴らがいるだろ？<br />なんでも、このビルに現れた妖魔を<br />倒しに来た賞金かせぎらしいんだ。<br /><arrow>でも、お客に迷惑かけるわ<br />設備はぶっこわすわの失敗続きで<br />怒ったオーナーが弁償させるかわりに<br />タダ働きさせてるらしいよ。<0xdb>やすヌ	
S1455	1	271	192	ああ、いそがしい¨¨。<br />あんたに構ってあげられないほど<br />いそがしい¨¨。<br />本当に¨¨。<0xdb00>かあ¨せめやすャホールで踊っている３人組を見たかい？<br />俺、昔どこかで見たことがあるんだ。<br />でも、真っ黒い顔してたような¨¨。<br /><arrow>あっ、思いだした‼<br />あいつらトレジャーハンターだ。<br />なんでも失敗ばっかりしてて<br />全然食えないとかいううわさだぞ。<0xdb00>あそこで踊ってた三人組がいただろ？<br />おとなしく踊ってたと思ったら、案の定<br />宿泊客の持ってた金をコソドロして<br />逃げちまったらしいよ¨¨。<0xdb>やせラ	
S1456	1	59	40	このホテルって<br />何のためかは知らないけど<br />結構入り組んでるのよ。<br />本当に面倒くさくて¨¨。<0xdb>やせ4	
S1457	1	258	193	ねえ、あたしがあの人に<br />何か悪いことした？<br />勝手にかんちがいして、<br />勝手に怒ってんのよ、あいつ！<0xdb00>やせ温ちくしょー、あいつ何怒ってんだよ。<br />感情的になるなよ、本当に。<br />あんたからもいってやってくれよ！<0xdb>かあ¨そムやそげあそこでダンスしてる奴らがいるだろ？<br />どうもうちのオーナーを<br />怒らせたらしいんだよな。<br />一体何をしでかしたんだろう？<0xdb>大ステージでショーやってた<br />３人組がいただろ？<br />どうも逃げだしたらしいんだよ。<br />オーナーの怒り、倍増だろうな。<0xdb00>かあ¨た	
S1458	1	262	198	やそ 俺はあそこで踊ってる燐鬼にだまされて<br />御先祖様のお宝を<br />全部巻き上げられちまった。<br />絶対に許さねえ¨¨。<0xdb00>燐鬼の野郎を追いつめたのに<br />ホテルが壊れた時の<br />どさくさにまぎれて奴ら逃げちまった。<br />ちくしょう、またさがしだしてやる‼<0xdb>かあ¨たルやたゃあの娘、おどりの基本がなってないわ。<br />あれでギャラ取ってたら<br />ドロボーだわっ。<0xdb>あの小娘がいなくなったから<br />あたし、代わりのダンサーとして<br />やとってもらおうと思ったんだけど<br />おばさんはダメだってさ！<0xdb>やた、	
S1459	1	77	56	ここがロイヤルソアラ大ステージです。<br />本日の出し物は当ホテルオーナー主催、<br />「青い目のダンサーの火あぶり」で<br />ございます。<0xdb00>やちし	
S1460	1	41	25	高級ホテルのスイートルーム¨¨。<br />小市民の夢、ですわね¨¨。<0xdb00>やちず	
S1461	1	55	42	何故ここに日本庭園があるのか？<br />じゃあ、どうしてアメリカに<br />チャイナタウンがあるんだよ？<0xdb00>やちヘ	
S1462	1	19	13	だめよ、こんなところで¨¨。<0xdb00>やちギ	
S1463	1	49	34	いいじゃないか¨¨。<br />俺、いそがしいから<br />君と会える時間はあまりないんだもん。<0xdb00>やち4	
S1464	1	47	30	迷ってしまった¨¨。<br />誰だよ、こんな複雑な<br />ホテル作ったのは¨¨。<0xdb00>かあ』つややち	
S1465	1	121	82	おかしいな、<br />きのうから彼女が戻ってこないんだ。<br />まさか例の行方不明事件に<br />巻き込まれたんじゃ¨¨。<0xdb00>彼女は龍蠱とかいう化物に<br />オモチャにされて<br />死んじまったそうだ¨¨。<br />うう、ちくしょうっ‼<0xdb00>やつス	
S1466	1	25	16	大きい建物は<br />そうじも大変なのよ。<0xdb00>あ	
S1467	1	278	196	燐鬼：<br /><speak>ほらほら、あんた達もちゃんと席に座って見とくれ。</speak><br /><arrow><speak>このショーをあんた達はタダだと思って見てるんだろうけど、<br />あたし達の生活を支えてんのさ。</speak><br /><arrow><speak>何でこんなに美しい女性が<br />こんな成金シュミの田舎のホテルで<br />踊っているのかって？</speak><br /><arrow><speak>うーん、ナイスな質問ね♥<br />世界の宝ともいえる私のビボーが<br />人目に触れないのは罪よ。</speak><br /><arrow><speak>なになに、ビンボーですって？<br />ちょっとお、ビンボーじゃなくて<br />ビボーよ、ビ・ボ・ウ‼</speak><br /><arrow><speak>失敗続きのトレジャーハンターが<br />なに言ってるって？	
S1468	1	23	16	あんた、<br />あたし達の正体を知ってるの？	
S1469	1	22	18	かさ<speak>ふっ、バレてしまっちゃ<br />しょうがない。	
S1474	1	243	228	あああいあうあえあおあかあきあくあけあこあさあしあすあせあそあたあちあつあてあとあなあにあぬあねあのあはあひあふあへあほあまあみあむあらありあるあれあろあわあをあんあがあぎあめあもあやあゆあよあぐあげあごあざあじあずあぜあぞあだあぢあづあであどあばあびあぶあべあぼあぱあぴはこはつはにはほはめはれはんはげはずはぢはばはぼはぺはゃはアはオはケはスはチはナはノはヘはムはユはルはヲはヲはははよはピはァはァはォは０は４は８は2は6は はギはザはゾはデはブは は、は、は！は―は（は『は＄は<br />は	
S1478	1	7	6	やも温ややぴ	やも温ややぴ
S1491	1	47	28	あの事件以来、<br />客に対する態度が突然よくなったな、<br />このホテル¨¨。<0xdb00>や	
S1492	1	29	24	いらっしゃいませ。<br />ホテルロイヤルソアラへ<br />ようこそ。<0xdb>ゅ	
S1493	1	167	110	行方不明の婦女子の方々が<br />貸切りだったＶＩＰ専用ルームから<br />発見されるという悲しい事件が起き、<br /><arrow>その上ホテルの一部が倒壊するという<br />この事件を反省し、<br /><arrow>今後は、よりよいホテルとして<br />皆様にかわいがっていただけるよう<br />努力をしていく所存でございます。<0xdb>ゅ	
S1494	1	129	83	あ、その節は<br />いろいろとお世話になりました。<br />さすが黄様の私設部隊だ。<br /><arrow>事件はあっという間に解決。<br />うちも信用を取り戻すだけです。<br />しかし、まだ一部に妖魔の影が¨¨。<br />また、助けてくださいよお¨¨。<0xdb00>やいば	
S1495	1	77	50	あの女性の悲鳴はな、<br />行方不明になってた女の子の<br />悲鳴だったそうだよ¨¨。<br /><arrow>原因が判明しても<br />やっぱりこえーっ！<0xdb>やいヂ	
S1496	1	73	49	ある事件が起きまして<br />ホテル上部が倒壊しました関係上<br />１７階から上にはお通しできません。<br />ご了承くださいませ。<0xdb00>ゅ	
S1497	1	79	55	行方不明だった友達が帰ってきたのよ。<br />それも福州に旅行に行ってたんだって！<br />ちょっと許せないわ。<br />ごめんね、心配かけて。<0xdb>やうん	
S1498	1	67	49	こんなダサいホテルを<br />『あそこグーよ‼』とかいった友達が<br />信じらんないわ。<br />日本に帰ったら文句いってやるぅ。<0xdb00>やうム	
S1499	1	69	48	あたしの理想が高すぎるのかしら¨¨。<br />坊や、お金持ってる？<br />お金持ってるんなら<br />あんたで、だきょうしてあげるわ。<0xdb00>やう8	
S1500	1	81	58	ホテルのオーナーが<br />今回の事件の真相を究明中らしい。<br />事件は妖魔のしわざとかいううわさで<br />ホテルの格も下がる一方だしな。<0xdb>やえこ	
S1501	1	33	25	いらっしゃいませ。<br />よろしかったら、<br />お試しください？<0xdb00>やえわ	
S1502	1	53	37	またまた香港に来たから<br />彼女にミヤゲさ、買うだ。<br />デオールの香水が<br />よかっぺー。<0xdb00>やえチ	
S1503	1	57	42	彼女におくりもの？<br />こういうのって一生モノだから、<br />高いやつを買っとけば<br />間違いないわよ。<0xdb>やえゥ	
S1504	1	17	11	ただの人形のようだ。<0xdb00>やえ８	
S1505	1	95	68	化物さわぎはおさまったけど<br />ホテルが壊れちゃ<br />商売になんないわよ、まったく¨¨。<0xdb>やえ<portrait_00>このブリリアントなカットって<br />今年の流行なのよ。<br />今ならお買得よ！<0xdb00>やおせ	
S1506	1	123	88	高級ホテルのテナントにある商品って<br />どうしてこう高いんだろうな？<br />４割５割は当り前じゃないもんな。<br /><arrow>これだけホテルの評判が落ちれば<br />少しは商品の値段も<br />下がると思ったんだが<br />甘かったようだな¨¨。<0xdb>やおゾ	
S1507	1	45	28	当店の品は<br />品質第一がモットーです。<br />買えば、一生モノですよ。<0xdb>やお8	
S1508	1	57	44	エレベーターは修理中のため<br />現在使用できなくなっております。<br />まことに申しわけありません。<0xdb>やかほ	
S1509	1	55	41	東洋一のホテルの、<br />東洋一のショッピングモール。<br />ここにないものはないと<br />いわれてます。<0xdb00>やかオ	
S1510	1	83	57	皆様に快適にお過ごしいただくため<br />エレベーターは現在修理中です。<br />お急ぎの方も、そうでない方も<br />階段をご利用くださいませ。<0xdb00>やか４	
S1511	1	45	36	東洋一のショッピングモールでも<br />ないものはないから<br />そこんとこ、よろしくね！<0xdb>やか→	
S1512	1	69	49	ねえ、おねぐぁーい‼<br />あたしにもっと洋服買ってよぉ♥<br />最近、あんまり買ってくれないしー。<br />浮気しちゃうぞおっ‼<0xdb00>やきほ	
S1513	1	35	25	ちくしょー、<br />金がいくらあっても足りないよ。<br />とほほ¨¨。<0xdb>やきぼ	
S1514	1	63	43	この服ならぁ、<br />カジュアルでもフォーマルでも<br />ＯＫだしい～、<br />田舎者のあなたでも大変身できるわよ。<0xdb00>やきギ	
S1515	1	59	36	当店は、古今東西の書物を<br />一同に集めております。<br />お手に取ってご覧下さいませ。<0xdb00>やき、	
S1516	1	69	48	本場中国の焼物です。<br />いつ来てもやってる<br />半期に一度の大チャンス！<br /><arrow>おみやげにおひとつ<br />いかがでしょう？<0xdb>やくえ	
S1517	1	57	40	いやな事件があったこの町を<br />去ろうと思うの。<br />どうせ、どこに行っても<br />地の果てだもの¨¨。<0xdb>やくば	
S1518	1	71	50	さびれたホテルのバーで<br />過ぎた日の自分にカンパイ¨¨。<br />うーん、男の美学だな。<br />背中が男の哀しみにあふれてるぜ！<0xdb>やくザ	
S1519	1	53	35	いやー、女性運のない人って<br />本当にいるんですね。<br />私、ちょっと感動してますよ。<0xdb00>やく(	
S1520	1	103	74	さて問題です。<br />この店の中に一つだけ<br />時刻が違うものがあります。<br />さて、どれでしょう？<0xdb>やく断げっ！<br />さぼってるの見つかっちゃった。<br />オーナーには内緒にしてね。<br />お願いっ！<0xdb>やけや	
S1521	1	63	43	香港に私のようなゲームセンター<br />大好き少女がいるとか¨¨。<br />一度会って勝負しなくっちゃだわ‼<0xdb00>やけテ	
S1522	1	49	30	１７階から上を修復中なもんで<br />荷物運びも１６階までだから<br />助かるよ。<0xdb00>やけピ	
S1523	1	155	104	ホラー¨¨雑誌は¨¨いいよな¨¨。<br />血ぃ¨¨ドバドバだし¨¨いいよな。<br />俺も¨¨妖撃社の¨¨社員に¨¨<br />なりたいよ¨¨。<0xdb>やけ<portrait_00>あのヘタなダンサーがいなくなったから<br />あたしがこのホテルのショーの華に<br />なろうと思うのよ。<br /><arrow>あたしって、自分で考えてたより<br />ダ・イ・タ・ン♥<0xdb>やこげ	
S1524	1	165	114	思いだしたよ、<br />あそこでおどってた女、<br />ロゼとかいうトレジャーハンターだ。<br /><arrow>昔、ロシアのバイカル湖で<br />米国の国家予算を軽々と越える価値の<br />財宝が見つかった時、<br /><arrow>しかけられた罠をはずしそこねて<br />すべてパーにしちまった奴だよ。<br />ＫＧＢからも狙われてるって<br />話だぜ、うん。<0xdb>やこ→	
S1525	1	51	33	ああ、いそがしい¨¨。<br />あんたに構ってあげられないほど<br />いそがしい¨¨。<br />本当に¨¨。<0xdb00>やさし	
S1526	1	85	62	あそこで踊ってた三人組がいただろ？<br />おとなしく踊ってたと思ったら、案の定<br />宿泊客の持ってた金をコソドロして<br />逃げちまったらしいよ¨¨。<0xdb>やさチ	
S1527	1	59	41	このホテルって<br />何のためかは知らないけど<br />結構入り組んでるのよ。<br />本当に面倒くさくて¨¨。<0xdb>やさォ	
S1528	1	29	19	まだ彼とケンカしてんの！<br />何か文句ある？<0xdb00>やさ(	
S1529	1	36	22	『俺はもうキレたぞっ‼』って<br />俺、何回言っただろう¨¨。<0xdb>やさ	
S1530	1	67	50	大ステージでショーやってた<br />３人組がいただろ？<br />どうも逃げだしたらしいんだよ。<br />オーナーの怒り、倍増だろうな。<0xdb00>やしよ	
S1531	1	73	57	燐鬼の野郎を追いつめたのに<br />ホテルが壊れた時の<br />どさくさにまぎれて奴ら逃げちまった。<br />ちくしょう、またさがしだしてやる‼<0xdb>やしマ	
S1532	1	67	56	あの小娘がいなくなったから<br />あたし、代わりのダンサーとして<br />やとってもらおうと思ったんだけど<br />おばさんはダメだってさ！<0xdb>やし4	
S1533	1	107	78	ここはロイヤルソアラ大ステージ。<br />ところがあるお客さんが乗っ取って<br />いつの間にかディスコに<br />なっちゃいました。<0xdb00>やし鋭高級ホテルのスイートルーム¨¨。<br />小市民の夢、ですわね¨¨。<0xdb00>やすみ	
S1534	1	55	42	何故ここに日本庭園があるのか？<br />じゃあ、どうしてアメリカに<br />チャイナタウンがあるんだよ？<0xdb00>やすキ	
S1535	1	19	13	だめよ、こんなところで¨¨。<0xdb00>やすヒ	
S1536	1	53	35	ふっふっふ¨¨。<br />娘、それ以上こばむと<br />私はオオカミと化すが、<br />それでもよいのか¨¨？<0xdb00>やすョ	
S1537	1	43	26	迷ってしまった¨¨。<br />誰だよ、こんな複雑な<br />ホテル作ったのは¨¨。<0xdb00>やす（	
S1538	1	57	40	彼女は龍蠱とかいう化物に<br />オモチャにされて<br />死んじまったそうだ¨¨。<br />うう、ちくしょうっ‼<0xdb00>やせく	
S1539	1	22	15	大きい建物は<br />そうじも大変なのよ。	
S1544	1	7	6	やね断やのぼ	
S1547	1	33	24	ようこそ南寧へ。<br />でもまだ来るには早いんじゃないか？<0xdb00>あ	난닝에 어서 오십시오<br />근데 아직 오기엔 이르지 않나?<0xdb00>あ
S1548	1	27	17	僕はこの町で<br />唯一の男の子なんだよ。<0xdb00>ゅ	
S1549	1	25	16	私はこの町で<br />唯一の女の子なのよ。<0xdb>や	
S1550	1	33	25	王さんって<br />お金持ちなのはいいけど<br />超えっちなのよね。<0xdb>や	
S1551	1	39	28	俺はこの家のボディガードだ。<br />でもはっきり言って仕事はない¨¨。<0xdb>や	
S1552	1	9	6	断わんわん。<0xdb>や	
S1553	1	35	22	おう、黄邸で会ったのう。<br />どうだ？<br />元気にやってるか？<0xdb00>あ	
S1554	1	38	27	こんな平和な町じゃ<br />俺みたいな奴は<br />うさんくさく見えるよな¨¨。	
S1556	1	25	16	効果→ダンジョンの入口に戻る<br /><return_p>やすぎ	효과→던전 입구로 돌아간다<br /><return_p>やすぎ
S1558	1	23	17	預かっている品物がありません<0xdb>ふ君炎	맡아 둔 물건이 없습니다<0xdb>ふ君炎
S1567	1	206	140	北のほこらを知らないの？<br />昔っから、すごい財宝と<br />それを守る強い門番がいるって<br />有名なんだよ。<0xdb>え、北のほこらに行くの？<br />すごいすごい‼<br />門番に勝ったら教えてね‼<arrow>そういえば昔、ほこらに行った人が<br />この町のどこかにすごい符術の書を<br />隠してったって話だよ。<0xdb00>旅人の人が来て<br />「俺の活躍で門番に勝った‼」<br />って言ってたよ。<br />すごいよね。<0xdb>ゅ	
S1568	1	490	337	旅人のクイに会ったか？<0xdb00>なんでもクイの故郷の村は<br />たいへん貧乏な村で、<br />食料も満足に手に入らんらしい。<arrow>で、クイは北のほこらの<br />金銀財宝を手に入れ食料を買い、<br />村に帰らねばならんのじゃ¨¨。<0xdb>ならばよい。<0xdb00>記憶喪失？<br />それならクイの所に行きなさい。<br />なんでも記憶を取り戻す術というのを<br />使えるらしいぞ。<0xdb00>宿屋にいるクイという旅人の<br />故郷の村はたいへん貧乏な村で、<br />食料も満足に手に入らんらしい。<arrow>そこで、クイは北のほこらの<br />金銀財宝を手に入れ食料を買い、<br />村に帰らねばならんのじゃ¨¨。<arrow>ちなみに彼はどんな記憶喪失でも<br />直すという術を持っているらしいが<arrow>それだけで金銀財宝を<br />手にいれるのは無理な話¨¨。<br />わしがおいぼれでなければ<br />なんとかしてやりたいのじゃが¨¨。<0xdb>おお、君達が協力して<br />北のほこらの財宝を<br />手に入れに行くのか。<br />それはいいことだ。<0xdb>かいてくずかいかき<br />こいうてきにこい	
S1569	1	291	201	私はこの町で<br />唯一の女の子なのよ。<0xdb>かわいい女の子？<br />私みたいな？<0xdb00>お金持ちの王さんの家に<br />いるはずよ。<br />この橋を渡ってすぐ。<0xdb>ならいいわ。<0xdb00>北のほこらの話って知ってる？<0xdb>すごい財宝があるんですって。<br />洋服とかいっぱい買えるかな¨¨。<0xdb00>なぁんだ、<br />つまんないの¨¨。<0xdb>北のほこらにある財宝は<br />大昔、孔明とかいう人が<br />隠したものなんだって。<arrow>門番もその人が作った<br />カラクリらしいんだけど<br />今も残ってるなんてすごいわよね。<0xdb00>なぁんだ、<br />財宝はなかったのね。<br />つまんないな¨¨。<0xdb00>かいてこはかいせけ	
S1570	1	522	367	くバやくマ王さんって<br />お金持ちなのはいいけど<br />超えっちなのよね。<0xdb>かわいい女の子がいないかって？<br />目の前にいるじゃ¨¨、<arrow>¨わかってるわよ、<br />ピンクの服の子でしょ？<br />隣の本邸の２階で寝てるはずよ。<0xdb00>記憶喪失を直したいの？<br />うーん¨¨、<br />ショックを与えるってのはどう？<arrow>そう、それで思いだしたけど<br />この町の南に拳法の達人が<br />住んでるって話よ。<arrow>彼の目にかなった者は<br />きつい修行の末に<br />ものすごい技を<br />伝授されるんですって。<0xdb>孔明の財宝のブームが過ぎてから<br />南の道場に住んでる拳法の達人ってのが<br />北のほこらにカギをかけたのよ。<arrow>知らずに入った旅人が<br />危険に会わないようにってね。<br />だから、北のほこらに行く前に<br />まず南の道場に行かなくちゃね。<0xdb>拳法家に技を習ったの？え、あなたじゃなくて後ろの女の人？<br />すごいわね。<0xdb>拳法家に技を習ったばかりか<br />ほこらの番人も倒したの？<br />すごいじゃない‼<arrow>で、財宝は？<br />あら、なかったの？<br />残念だったわね。<0xdb>かいてさォかいかさノかいうこ<arrow>かい	
S1572	1	50	36	苦労して取ったのに<br />ただのワナだった？<arrow>ま、長い人生、<br />そーゆーこともあるさ。<0xdb>かいうさ	
S1573	1	31	25	わんわん。<0xdb>きゃんきゃん。<0xdb>かいてす０かいかすぎかいうし→かい	
S1578	1	47	29	だからお礼に<portrait_03>１００万＄</portrait>おくれ。」<br />ってな。<br />だから<arrow>「おまえさんみたいな美人なら	
S1579	1	23	14	ここにいれば<portrait_03>毎月１万＄</portrait>づつ出すが	
S1586	1	25	16	効果→ダンジョンの入口に戻る<br /><return_p>やふよ	효과→던전 입구로 돌아간다<br /><return_p>やふよ
S1590	1	19	15	預かっている品物がありません<0xdb>ろ	맡아 둔 물건이 없습니다<0xdb>ろ
S1592	1	150	99	北のほこらを知らないの？<br />昔っから、すごい財宝と<br />それを守る強い門番がいるって<br />有名なんだよ。<0xdb>え、北のほこらに行くの？<br />すごいすごい‼<br />門番に勝ったら教えてね‼<0xdb>旅人の人が来て<br />「俺の活躍で門番に勝った‼」<br />って言ってたよ。<br />すごいよね。<0xdb>ゅ	
S1593	1	476	324	旅人のクイに会ったか？<0xdb00>なんでもクイの故郷の村は<br />たいへん貧乏な村で、<br />食料も満足に手に入らんらしい。<arrow>で、クイは北のほこらの<br />金銀財宝を手に入れ食料を買い、<br />村に帰らねばならんのじゃ¨¨。<0xdb>ならばよい。<0xdb00>記憶喪失？<br />それならクイの所に行きなさい。<br />なんでも記憶を取り戻す術というのを<br />使えるらしいぞ。<0xdb00>宿屋にいるクイという旅人の<br />故郷の村はたいへん貧乏な村で、<br />食料も満足に手に入らんらしい。<arrow>そこで、クイは北のほこらの<br />金銀財宝を手に入れ食料を買い、<br />村に帰らねばならんのじゃ¨¨。<arrow>ちなみに彼はどんな記憶喪失でも<br />直すという術を持っているらしいが<arrow>それだけで金銀財宝を<br />手にいれるのは無理な話¨¨。<br />わしがおいぼれでなければ<br />なんとかしてやりたいのじゃが¨¨。<0xdb>おお、君達が協力して<br />北のほこらの財宝を<br />手に入れに行くのか。<br />それはいいことだ。<0xdb>かいてき	
S1594	1	304	211	私はこの町で<br />唯一の女の子なのよ。<0xdb>かわいい女の子？<br />私みたいな？<0xdb00>お金持ちの王さんの家に<br />いるはずよ。<br />この橋を渡ってすぐ。<0xdb>ならいいわ。<0xdb00>北のほこらの話って知ってる？<0xdb>すごい財宝があるんですって。<br />洋服とかいっぱい買えるかな¨¨。<0xdb00>なぁんだ、<br />つまんないの¨¨。<0xdb>北のほこらにある財宝は<br />大昔、孔明とかいう人が<br />隠したものなんだって。<arrow>門番もその人が作った<br />カラクリらしいんだけど<br />今も残ってるなんてすごいわよね。<0xdb00>なぁんだ、<br />財宝はなかったのね。<br />つまんないな¨¨。<0xdb00>かいてけ<speak>かいせけ6かいかけんかいうく０かい	
S1595	1	522	368	くキやくぞ王さんって<br />お金持ちなのはいいけど<br />超えっちなのよね。<0xdb>かわいい女の子がいないかって？<br />目の前にいるじゃ¨¨、<arrow>¨わかってるわよ、<br />ピンクの服の子でしょ？<br />隣の本邸の２階で寝てるはずよ。<0xdb00>記憶喪失を直したいの？<br />うーん¨¨、<br />ショックを与えるってのはどう？<arrow>そう、それで思いだしたけど<br />この町の南に拳法の達人が<br />住んでるって話よ。<arrow>彼の目にかなった者は<br />きつい修行の末に<br />ものすごい技を<br />伝授されるんですって。<0xdb>孔明の財宝のブームが過ぎてから<br />西の道場に住んでる拳法の達人ってのが<br />北のほこらにカギをかけたのよ。<arrow>知らずに入った旅人が<br />危険に会わないようにってね。<br />だから、北のほこらに行く前に<br />まず西の道場に行かなくちゃね。<0xdb>拳法家に技を習ったの？え、あなたじゃなくて後ろの女の人？<br />すごいわね。<0xdb>拳法家に技を習ったばかりか<br />ほこらの番人も倒したの？<br />すごいじゃない‼<arrow>で、財宝は？<br />あら、なかったの？<br />残念だったわね。<0xdb>かいてさナかいかさげかいうこヵかい	
S1596	1	77	57	苦労して取ったのに<br />ただのワナだった？<arrow>ま、長い人生、<br />そーゆーこともあるさ。<0xdb>かいうさ6やさ0わんわん。<0xdb>きゃんきゃん。<0xdb>かいてすヘかいかし	
S1597	1	44	29	だからお礼に１００万＄おくれ。」<br />ってな。<br />だから<arrow>「おまえさんみたいな美人なら	
S1598	1	20	14	ここにいれば毎月１万＄づつ出すが	
S1600	1	19	18	てせ幅そくぉそぎコことぶつそえやそサ	
S1602	1	24	15	効果→ダンジョンの入口に戻る<br /><return_p>やひ	효과→던전 입구로 돌아간다<br /><return_p>やひ
S1605	1	7	6	やめ温やもサ	
S1609	1	16	11	ここは南寧じゃ。<0xdb00>こいガて	
S1610	1	73	50	モンスターハンターを<br />捜してる人が奥にいるよ。<0xdb00>あんたが藤井か¨¨<br />王大人が捜してたよ。<br />力を貸して欲しいって。<0xdb>かいガ	
S1611	1	80	61	ァハーンって人がモンスターハンターを<br />捜してたよ！<0xdb00>へぇ～モンスターハンターって<br />もっと強そうなのかと思った。<br />王大人も捜してるしさぁ。<0xdb00>ゅ	
S1612	1	157	113	南にある塔は昔から、化け物が<br />封じ込められてるんだって。<br />おばあちゃんが言ってたもん。<0xdb>かいガあソやあぢ誰だったか¨¨<br />モンスターハンターを<br />捜してるって言ってたけど¨¨。<0xdb>まぁ¨¨あなたが¨¨<br />そうだったの¨¨<br />見かけによらず、<br />お強いんでしょうねぇ¨¨¨。<0xdb>かいゾあ「かいガあ0やあゥ	
S1613	1	90	62	あまりこの辺を<br />うろつかないように。<0xdb>おお、あんたが。<br />主人が待っています。<br />どうぞ奥へ。<0xdb00>そんな子供みたいな顔でも、<br />プロなんだな¨¨いや感心した。<0xdb00>やあ	
S1614	1	113	71	バッ¨¨バウ！<0xdb>かいゾえ×かいギえ，いいガいほいギやいとどちら様かな？<0xdb00>王大人：<br />いやぁ¨¨あなたが妖撃社の<br />藤井さんですか¨¨<br /><arrow>お若すぎる¨¨。いや¨¨<br />そんなことは関係なかったな。<br /><arrow>実は¨¨	
S1618	1	36	29	あやしいそぶりは見せない方が<br />身のためだぞ。<0xdb>モンスターハンター？	
S1619	1	58	45	あなたが？<br />さっどうぞ。わが主人とお話し下さい。<0xdb>お疲れさまでした。<0xdb00>こてがつおョばかソいガらてどセうお	
S1629	1	25	16	効果→ダンジョンの入口に戻る<br /><return_p>やぬれ	효과→던전 입구로 돌아간다<br /><return_p>やぬれ
S1636	1	13	8	ここは南寧じゃ。<0xdb00>ゅ	
S1637	1	51	38	へぇ～モンスターハンターって<br />もっと強そうなのかと思った。<br />王大人も捜してるしさぁ。<0xdb00>ゅ	
S1638	1	53	39	南にある塔は昔から、化け物が<br />封じ込められてるんだって。<br />おばあちゃんが言ってたもん。<0xdb>や	
S1639	1	47	30	まぁ¨¨あなたが¨¨<br />そうだったの¨¨<br />見かけによらず、<br />お強いんでしょうねぇ¨¨。<0xdb00>や	
S1640	1	41	28	断そんな子供みたいな顔でも、<br />プロなんだな¨¨いや感心した。<0xdb00>やあふ	
S1641	1	11	7	バッ¨¨バウ！<0xdb>やあり	
S1642	1	63	42	王大人：<br />そうか¨¨もう大丈夫か。<br />妖魔の害もかなりおさまってきた<br />らしいし¨¨。よかったよかった。<0xdb>やあヌ	
S1643	1	10	8	お疲れさまでした。	수고하셨습니다
S1646	1	25	16	効果→ダンジョンの入口に戻る<br /><return_p>やすオ	효과→던전 입구로 돌아간다<br /><return_p>やすオ
S1649	1	7	6	やて断やとソ	
S1650	1	7	6	やは温やひに	
S1651	1	53	40	やふＡいらっしゃいませ。<br />どういった御用でしょう？<return_p>よく来たな。<br />うちはいいもんがそろってるぜ。	
S1657	1	51	32	ちょっとぉ、<br />はやく背中流してよっ！<br />あら？人違いみたい¨¨。<br />ごめんあそばせ¨¨。<0xdb>やあ２	
S1659	1	47	32	やあ温さあ、長沙に来たらこの温泉宿よ！<br />泊まってって、泊まってってよっ！<0xdb>ゅ	
S1660	1	83	54	桃源山という聖山がこの町の遠く、<br />南西の山脈の果てにあるが、<br />昔はその山に聖なる地から<br />三ッ目の神が降りて来たという。<0xdb00>ゅ	
S1662	1	199	134	聖地というのを知っとるか？<br />この世界とは別の次元に存在する<br />異世界のことらしいんじゃ。<br /><arrow>で、この世界と聖地をつないどるのが<br />昆侖と呼ばれる場所だそうな。<br /><arrow>しかし、聖なる地に行くためには<br />通行手形みたいなもんが<br />必要らしいんじゃ。<br /><arrow>まあ、この前見た『妖撃』に<br />出とった話じゃから<br />うそか本当かわからんがのお¨¨。<0xdb>ゅ	
S1663	1	41	32	さ、長沙に来たなら<br />おみやげをどーんと買ってってよ！<0xdb00>ぉえげコことぶてう	
S1664	1	471	327	おや、お金が足りないようだな。<br />たった、＄３０払うだけで<br />島めぐりができて、その上<br />お坊さんのありがたい話聞けるのに。<0xdb>長沙名物、ありがたい島めぐりだよ。<br />船代たったの３０＄！<br />あんた、乗ってくかい？<0xdb00>では、ごゆっくり。<0xdb>あんた、妖魔を倒してるだけで<br />楽しいのかい？<br />たまには遊ばなきゃ。<0xdb00>かうぺおりはえャうぱ桃源山はこの町の南西、<br />山脈の果てにある。<br />南の山脈ぞいに西に向かえばよかろう。<br /><arrow>ひとつ忠告しておくことがある。<br />この町の東にある寧波の町の近くには<br />手ごわい妖魔が沢山おるそうじゃ。<br />今は行かぬ方がよかろう。<0xdb>老人に会いなさったか。<br />あんな山深くで<br />どうやって暮らしてるんでしょうな？<0xdb>かうぴおヵやおサ桃源山を抜けた山間に<br />世捨て人のじいさんがいる。<br />何でも昔タクヒとかいう<br />伝説の怪鳥を飼っていたそうだが¨¨。<0xdb>人面鳥はタクヒでしたか。<br />本当にいるんですなあ。<0xdb>やお！	
S1665	1	193	132	いいことを教えてやろう。<br />この町のはるか遠く、南東の山あいに<br />拳術の達人が住んでいるという。<br /><arrow>桃源山に向かう前に行っておいた方が<br />いいと思うが¨¨。<0xdb00>かうぺかテやかん昔、桃源山に行った時<br />人の顔をした鳥に会ったんだ。<br />ちょっと気持ち悪かったよ。<0xdb00>人面鳥さわぎも<br />いつの間にか下火になっちゃったな。<0xdb>やかズ	
S1666	1	49	34	ここは人家。<br />勝手にどかどか入ってきて<br />宝箱を開けたりすんじゃないよっ！<0xdb00>やか 	
S1667	1	239	147	温泉、島めぐり、¨¨。<br />この町には我々中国人の<br />楽しみがつまっているんですよ。<0xdb>かうぺきわやか独あ、ここがオカルト雑誌「妖撃」にも<br />取り上げられた人面鳥発見の地、<br />長沙ですよ！<0xdb>長沙へようこそ！<br />中国有数の観光地ですよ！<0xdb00>かうぺきヴやきウ人面鳥の事なら<br />ここを左に行った紅華商店で<br />詳しく聞けますよ！<0xdb>さあ、今なら<br />人面鳥特集の出てる「妖撃」が<br />半額よっ！<0xdb00>ゅ	
S1668	1	248	169	町の西側だけが有名になっちまって<br />こっち側には人が来んのじゃよ。<br />人面鳥がはやっとるんで<br /><arrow>新規事業に乗り出したんじゃが<br />いまいちパッとせん。<br />娘に呼び込みまで<br />させとるんじゃがのう¨¨。<0xdb00>かうぴくムやくざ「妖撃」の記事を見て、<br />みんな長沙に来たんだから<br />ここで「妖撃」売っても買うわきゃないよな¨¨。<0xdb00>あんた、妖劇社の人だろ？<br />今度、人面鳥の記事をのせる時は<br />うちだけに売らせてくれないかな？<br />だめ？	
S1669	1	13	9	やっぱりな¨¨。<0xdb>かうぺく	
S1670	1	286	209	やく・ステージに立つあの女性¨¨。<br />すてきです。<br />一目ぼれしてしまいました¨¨。<0xdb00>あの女性はどこに行ったのでしょう？<br />かげから見ているだけで<br />よかったのに¨¨。<0xdb>かうぺけスやけめせっかくこんな田舎町まで来たのに<br />つまらないショーを見せられるとは<br />思ってもみなかったわっ。<br />ぷんぷんっ！<0xdb>今度はまともなショーが見られると<br />いいわねえ。<0xdb00>かうぺけ６やけギ舞台ではねる若い肉体¨¨。<br />年寄りには一番の楽しみなんですわ。<0xdb>ううう¨¨。<br />あの娘さんはどこに行ったのじゃろう。<br />かなしいぞ、わしは¨¨。<0xdb00>かうぺこみやけ	
S1671	1	189	141	ステージにいるあの三人組<br />宝探しの達人らしいんだけど、<br />失敗するたびに<br />こうやって金をかせいでるらしいんだ。<0xdb00>三人組が逃げだしたらしい。<br />それも借金をふみたおして<br />いなくなったらしいぞ。<0xdb00>かうぺこゲやこオこの町の近くで<br />人面鳥を見たっていうんじゃが、<br />どこで見れるんですかのう？<0xdb00>人面鳥はどこへ行ったのかのう？<0xdb>やこゥ	
S1672	1	49	37	彼ったら私をこんなひなびた温泉宿に<br />連れてきて<br />何をしようっていうのかしら？<0xdb>やこ（	
S1673	1	71	50	若い娘さんが隣の部屋におるんじゃ。<br />そんでもって<br />壁に開いた穴からその部屋が<br />見えるんじゃ。うれしいのお¨¨。<0xdb00>やさに	
S1674	1	53	27	温泉宿¨¨¨¨¨¨¨。<br />彼女と僕はふたりきり¨¨¨¨。<br />うらやましいだろ。<br />じゃっ！<0xdb00>やさぉ	
S1675	1	375	264	たまには人間、こういう場所に来て<br />休むことも必要ですなあ。<0xdb>かうぺさ「やさルずいぶんと昔になりますが、<br />仙人になりたがっている男が<br />ここへやってきました。<br /><arrow>数日の後、<br />桃源山に向かったようですが<br />どうなったんでしょうか。<0xdb00>本当に山向こうに老人はおったのか。<br />それも幻の鳥を待って¨¨。<br />それにしてもその男も<br /><arrow>罪な事をしますなあ。<br />もし、杖を見つけたら<br />老人に返してあげなさい。<br />徳を積むことも重要ですよ。<0xdb>かうぺしブやしぅ仏様のありがたい言葉は、この町の<br />霊山に似た島を船でめぐって<br />お聞きなさい。<br />無論、ただではお聞きになれませんが。<0xdb>僧も時として罪をおかします。<br />人間の業の深さを<br />思い知らされますなあ。<0xdb00>やし；	
S1676	1	46	34	せっかくこの町で<br />新商売を始めたっていうのに<br />さっぱりだよ、まったく。<0xdb00>ぉし源	
S1677	1	98	50	あ<portrait_05>燐鬼：<br />¨¨¨¨¨¨¨¨¨。<br /><arrow><speak>さあ、オマエたち時間だ。<br />踊るよっ‼<0xdb00>ぉすやあ愚呂鬼：<br />み、見るんじゃねえ！<0xdb>ぉすであ輪留鬼：<br />くっ、はずかしいぜ¨¨。<0xdb00>やすオ	
S1678	1	25	17	若い娘さんのはだかじゃ！<br />極楽じゃっ！<0xdb>ケ	
S1679	1	91	65	ろあぉすヲああなた妖撃社の藤井さんでしょ？<br />宿屋のおばさんに、<br />捜すように頼まれてたんだ。<br /><arrow>宿屋まで来てほしいそうよ。<br />それじゃ、確かに伝えたわよ。<0xdb>ケ	
S1684	1	7	6	やは断やひよ	
S1685	1	23	17	預かっている品物がありません<0xdb>る＄る<br />る	맡아 둔 물건이 없습니다<0xdb>る＄る<br />る
S1688	1	25	17	ちょっとぉ、<br />はやく背中流してよっ！<br />あら？	
S1689	1	27	15	人違いみたい¨¨。<br />ごめんあそばせ¨¨。<0xdb00>やあ４	
S1690	1	47	32	やあ断さあ、長沙に来たらこの温泉宿よ！<br />泊まってって、泊まってってよっ！<0xdb>ゅ	
S1691	1	69	46	桃源山という聖山が<br />この町の南西にあるが<br />昔はその山に聖なる地から<br />三ッ目の神が降りて来たという。<0xdb00>ゅ	
S1692	1	21	15	あー、旅館はどこじゃったかのう？<0xdb00>ゅ	
S1693	1	43	34	さ、長沙に来たなら<br />おみやげをどーんと買ってってよ！<0xdb00>ぉうモコことぶてうりメ	
S1694	1	170	115	おや、お金が足りないようだな。<br />たった、＄３０払うだけで<br />島めぐりができて、その上<br />お坊さんのありがたい話聞けるのに。<0xdb>長沙名物、ありがたい島めぐりだよ。<br />船代たったの３０＄！<br />あんた、乗ってくかい？<0xdb00>では、ごゆっくり。<0xdb>あんた、妖魔を倒してるだけで<br />楽しいのかい？<br />たまには遊ばなきゃ。<0xdb00>やう	
S1695	1	47	36	老人に会いなさったか。<br />あんな山深くで<br />どうやって暮らしてるんでしょうな？<0xdb>やえし	
S1696	1	33	24	人面鳥はタクヒでしたか。<br />本当にいるんですなあ。<0xdb>やえん	
S1697	1	117	78	桃源山には<br />自然にできた無数の横穴が開いていて、<br />昔は仙人になるための修行や<br /><arrow>神様に近づこうとする人々が<br />絶えなかったが、<br />今では魔物や物の怪が<br />たむろしているというぞ。<0xdb00>やえヵ	
S1698	1	35	25	人面鳥さわぎも<br />いつの間にか下火になっちゃったな。<0xdb>やえ▼	
S1699	1	48	34	ここは人家。<br />勝手にどかどか入ってきて<br />宝箱を開けたりすんじゃないよっ！<0xdb00>やえ	
S1700	1	53	33	温泉、島めぐり、¨¨。<br />この町には我々中国人の<br />楽しみがつまっているんですよ。<0xdb>やおぎ	
S1701	1	35	21	長沙へようこそ！<br />中国有数の観光地ですよ！<0xdb00>やおウ	
S1702	1	41	22	さあ、今なら<br />人面鳥特集の出てる「妖撃」が<br />半額よっ！<0xdb00>ゅ	
S1703	1	119	85	町の西側だけが有名になっちまって<br />こっち側には人が来んのじゃよ。<br />人面鳥がはやっとるんで<br /><arrow>新規事業に乗り出したんじゃが<br />いまいちパッとせん。<br />娘に呼び込みまで<br />させとるんじゃがのう¨¨。<0xdb00>やかえ	
S1704	1	62	41	あんた、妖撃社の人だろ？<br />今度、人面鳥の記事をのせる時は<br />うちだけに売らせてくれないかな？<br />だめ？	
S1705	1	12	8	やっぱりな¨¨。<0xdb>やかょ	
S1706	1	47	36	あの女性はどこに行ったのでしょう？<br />かげから見ているだけで<br />よかったのに¨¨。<0xdb>やかヴ	
S1707	1	31	24	今度はまともなショーが見られると<br />いいわねえ。<0xdb00>やかャ	
S1708	1	43	30	ううう¨¨。<br />あの娘さんはどこに行ったのじゃろう。<br />かなしいぞ、わしは¨。<0xdb>やか～	
S1709	1	48	36	三人組が逃げだしたらしい。<br />それも借金をふみたおして<br />いなくなったらしいぞ。<0xdb><0xdb>やか	
S1710	1	23	17	人面鳥はどこへ行ったのかのう？<0xdb>やきに	
S1711	1	49	38	彼ったら私をこんなひなびた温泉宿に<br />連れてきて<br />何をしようっていうのかしら？<0xdb>やきぁ	
S1712	1	71	50	若い娘さんが隣の部屋におるんじゃ。<br />そんでもって<br />壁に開いた穴からその部屋が<br />見えるんじゃ。うれしいのお¨¨。<0xdb00>やきバ	
S1713	1	53	26	温泉宿¨¨¨¨¨¨¨。<br />彼女と僕はふたりきり¨¨¨¨。<br />うらやましいだろ。<br />じゃっ！<0xdb00>やき！	
S1714	1	163	111	たまには人間、こういう場所に来て<br />休むことも必要ですなあ。<0xdb>やきＡ本当に山向こうに老人はおったのか。<br />それも幻の鳥を待って¨¨。<br />それにしてもその男とやらも<br /><arrow>罪な事をしますなあ。<br />もし、杖を見つけたら<br />老人に返してあげなさい。<br />徳を積むことも重要ですよ。<0xdb00>やくノ	
S1715	1	49	34	僧も時として罪をおかします。<br />人間の業の深さを<br />思い知らされますなあ。<0xdb00>やくゥ	
S1716	1	45	33	せっかくこの町で<br />新商売を始めたっていうのに<br />さっぱりだよ、まったく。<0xdb00>やく―	
S1717	1	25	17	若い娘さんのはだかじゃ！<br />極楽じゃっ！<0xdb>ゅ	
S1719	1	7	6	やに断やぬぉ	
S1720	1	7	6	やの温やはぴ	
S1724	1	21	16	預かっている品物がありません<0xdb>や<speak>や	맡아 둔 물건이 없습니다<0xdb>や<speak>や
S1725	1	13	8	福州へようこそ！<0xdb00>や	
S1726	1	37	25	うちのお父さんは、福州でただ一人の<br />お医者さんなのよ。<0xdb00>や	
S1727	1	31	22	まあ、この福州にお客様だなんて<br />めずらしいわね。<0xdb00>や	
S1728	1	45	27	ふぇー¨¨¨¨¨¨。<br />やっぱり温泉はええのう。<br />身体がしんから温まるわい。<0xdb00>や	
S1729	1	41	33	せっかくの混浴なのにィ<br />おじいちゃんしか、いないなんて<br />つまんないのォ！<0xdb00>や	
S1730	1	45	34	断うちのカミさん、きびしくてさぁ¨¨。<br />ここでさぼってること<br />内緒にしてくれな。<0xdb>ゅ	
S1731	1	37	29	うちのダンナときたら、まったく<br />どこで油を売ってるのやら¨¨。<0xdb>やあゃ	
S1732	1	37	26	あら、あなた旅行者？<br /><arrow>ここには温泉くらいしかないわよ。<0xdb>やあモ	
S1733	1	41	33	せっかくのお客さんだけど<br />君らが来るには<br />まだ早いんじゃないかい？<0xdb>やあォ	
S1734	1	25	18	けっこう小ぎれいな<br />いい宿だな、うん。<0xdb>やあ8	
S1735	1	48	32	お兄ちゃんたち、香港から来たの？<br /><arrow>すごいなぁ！<br />香港って都会なんでしょ？<0xdb>やあ	
S1736	1	63	49	なんだい、こんないなかに来るなんて<br />もの好きだなぁ。<br />福州には君たちの喜ぶようなものなんか<br />何もないぞ。<0xdb>やいれ	
S1737	1	43	30	あんたたち、旅行で来たのかい？<br />福州はのんびりしてて<br />いい所だろう。<0xdb00>ゅ	
S1738	1	49	30	うちは武器屋だが、今品切れで<br />準備中なんだ。<br />悪いが、また今度な。<0xdb>やいピ	
S1739	1	47	27	町の北東にあるお屋敷は、<br />福州一のお金持ち、青大人の家よ。<0xdb>やい！	
S1740	1	81	56	主人は、一度香港へ行くと<br />なかなか帰って来ないのよ。<br />黄邸に、お世話になってるそうだけど<br />浮気でもしてんじゃないかしら¨¨。<0xdb>やうね	
S1741	1	85	54	おお、確かあんたたち¨¨。<br />前に、黄邸のパーティー会場で<br />会ったな。<br /><arrow>香港は楽しいことがいっぱいだ。<br />次はいつ、香港に行くかな♥<0xdb00>やうヘ	
S1742	1	45	33	今この福州に来ても<br />あんたたちの探してるものは<br />何もないと思うぞ。<0xdb00>やうゥ	
S1743	1	76	49	この地方には、昔から不思議な伝説が<br />あってな¨¨。<br />¨¨ま、いずれ、お前さんがたにも<br />話して聞かせる時が来るじゃろう。<0xdb00>やう	
S1744	1	34	23	瞑想中です。<br />お話したいことはあるのですが<br />また後で¨¨。	
S1748	1	30	15	効果→ダンジョンの入口に戻る<br /><return_p><0xdb00><0xdb00><0xdb00>やそ	효과→던전 입구로 돌아간다<br /><return_p><0xdb00><0xdb00><0xdb00>やそ
S1751	1	7	6	やね鋭やのサ	
S1755	1	146	91	福州へ来たからには<br />温泉へぜひ‼<br />うち温泉宿なんだっ！<0xdb>いたずらしたら、母さんに<br />怒られちゃった¨¨。<br />「悪い子は蛇の妖怪に、憑かれるぞ‼」<br />ってさ。<0xdb>お兄ちゃんたち、あの恐い島に<br />渡ったって、ホント？<br /><arrow>蛇の妖怪は、本当にいた？<0xdb00>かいＢ	
S1756	1	403	289	固へ器屋のおじちゃん、<br />うちのお父さんに頼まれて<br />香港に薬買いに行ったっきり<br />帰って来ないのよ。<0xdb>記憶喪失のお姉ちゃんを連れて行った<br />おじいちゃんとおばあちゃん、<br />確かトーキョーから来たと言ってたわ。<0xdb>武器屋のおじちゃんは<br />そろそろ香港から帰って来る頃かしら。<0xdb>武器屋のおじちゃんが<br />帰って来たと思ったら<br />お金持ちの青大人も<br />香港から帰ったみたい。<0xdb>青さん家のおばちゃん、<br />最近、機嫌が悪いんだって！<br />なんでかなぁ¨¨？<0xdb00>この町の中の北西の外れの<br />めずらしい杖を持ったおじいさんに<br />会ったことはある？<br /><arrow>昔はえらいお坊さんだったけど<br />今は瞑想中なんだって。<br /><arrow>すごく行きにくい所に<br />お家があるから<br />あまり人が行かないみたいなんだけど<br />さみしくないのかなぁ。<0xdb00>かい	
S1757	1	215	157	いやーん、エッチ！<br />パパに言いつけちゃうからん♥<0xdb00>パパって、色気のある女の人の頼みには<br />メチャクチャ弱いのよね。<br />ママの苦労もわかる気がするわ。<br /><arrow>あら、ちなみにあなたの後ろの夫人、<br />バッチリ、パパ好みの美人だわ。<br />きっと、どんな頼みごとしても<br />あっさり、きいてくれるわよ♥<0xdb>パパったら、またママを<br />怒らせちゃったみたい。<br />まったく、しょうがないわねぇ。<br />ウフン♥<0xdb00>かいＥふかい―う	
S1758	1	235	164	かいーうゥやうマふぇー¨¨¨¨¨¨。<br />やっぱり温泉はええのう。<br />身体がしんから温まるわい。<0xdb00>いやあー、あの少女も元気になって<br />家族と帰れるようになって、よかった。<br />やっぱり福州の名湯は<br />ケガにもよく効くのお。<0xdb00>のんびり温泉につかっていると<br />この地方のどこかに<br />秘境への入口があるなんぞ<br />考えられんのう。<0xdb>おや¨¨もう、香港へ帰りなさるのか？<br /><arrow>また、いつか来てくだされ。<br />たっしゃでのう！<0xdb00>かいＥバかい	
S1759	1	97	65	せっかくの混浴なのにィ<br />おじいちゃんしか、いないなんて<br />つまんないのォ！<0xdb00>のぼせてきちゃった¨¨。<0xdb00>もう帰るの？<br /><arrow>今度、来た時は<br />混浴しましょうね‼♥<0xdb00>かいＧぢいい	
S1760	1	451	318	うちのカミさん、きびしくてさぁ¨¨。<br />ここでさぼってること<br />内緒にしてくれな。<0xdb>北東にある一けん屋へはもう行ったか？<br />何でもつぼに隠すのがシュミの<br />じいさんがいて<br />みんな『つぼじいさん』と呼んでいる。<0xdb00>君達、自分の家族や知人には<br />あいさつしてきたかい？<br />君達がここへ来るのは<br />まだ早いと思うけどね。<0xdb>うちのカミさん、きびしいからさぁ、<br />時々、遠くへ行きたくなるんだけど<br />でもこの町から、船、出ないんだよな。<br /><arrow>近くの島へ行って、帰って来た人間が<br />よく蛇に憑かれる夢を見ると言うように<br />なってから、船を出さなくなったんだ。<br /><arrow>他にもあそこの島には、<br />昔、空飛ぶ腭の妖怪を封印したとか<br />フキツなうわさが色々あるんだ。<0xdb>島へ行ったんだって？<br />伝説の妖怪はいたかい？<br />いいな、今度俺にも船を貸してくれよ‼<br /><arrow>ま、とにかく香港へ帰るのに<br />いいみやげ話ができたな！<0xdb00>ゅ	
S1761	1	342	239	やか2ほらほら、邪魔だよ！<br />いそがしいんだから、<br />こんなせまい所で<br />ウロウロしないどくれ！<0xdb>記憶喪失の少女？<br />ああ、額に不思議なアザのある娘かい？<0xdb00>あんたら来るのが<br />ちょっと早いんじゃないかい!?<br />友人知人に義理を欠くようになっちゃ<br />人間おしまいだよ‼<0xdb00>ほらほら、邪魔だよ！<br />いそがしいんだから、<br />こんなせまい所で<br />ウロウロしないどくれ！<0xdb>ちょいと、あんた‼<br />蛇伝説の話を聞いて歩いてるそうだけど<br />変なうわさ、立てないどくれよッ。<br />せっかくの客も恐がって帰っちまうよ‼<0xdb>なんだい、もう帰るのかい？<br /><arrow>また、おいで！<br /><arrow>今度来る時は<br />もっと沢山友達連れて来るんだよ！<0xdb00>かいＩヌかい	
S1762	1	110	74	アキヒコのばか～～～っっっ‼<br />温泉で、うんっとキレイになって<br />私をふったこと、後悔させてやる～ッ‼<0xdb00>やだ、せっかくの温泉気分なのに<br />蛇の話なんて、しないでよ！<0xdb>やん、見ないでよォ♥<0xdb00>かいＩ	
S1763	1	130	88	お宿をお探しなら、うちが福州一‼<br />¨¨¨って言っても<br />福州にはうちしか、ないけどね。<0xdb00>この辺の土地にまつわる話を聞くんなら<br />宿の客より、土地のものに聞いた方が<br />いいよ。<0xdb00>どうしたんだい、安心した顔してるね。<0xdb>かい	
S1764	1	111	79	けぶやけしうーん¨¨。<br />長沙から温泉宿を見に来たんだが<br />けっこう小ぎれいな<br />いい宿だな、うん。<0xdb>けっこう、居心地のいい宿で<br />思わず居ついちゃったよ。<br />そろそろ帰らないと、マズイよなぁ。<0xdb>かい	
S1765	1	83	60	け0やけロハネムーンは温泉めぐりと<br />決めていたんだ。<br />この年になってもハネムーンに来れて<br />うれしいよ。<0xdb>今度は、ぜひ親子三人で来よう！<0xdb00>かい	
S1766	1	64	46	やけ「せっかくのところを<br />邪魔しないでくれる？<0xdb00>そろそろ帰らないと<br />子どもが香港で待ってるわ。<0xdb00>かいＬアいい	
S1767	1	387	286	この辺には、ちょっと変わった<br />おじいさんが多いんだよ。<br /><arrow>町の外の北東には<br />『つぼじいさん』と呼ばれる変わり者の<br />おじいさんがいるし、<br /><arrow>この町の中の北西の外れにも<br />めずらしい杖を持ったおじいさんが<br />一人で住んでるよ。<br /><arrow>そのおじいさん、<br />昔はえらいお坊さんだったらしいけど<br />今は瞑想中なんだって。<br /><arrow>すごく行きにくい所に<br />お家があるんで<br />あまり人が行かないみたいなんだけど<br />さみしくないのかなぁ¨¨。<0xdb00>『つぼじいさん』を知ってる？<br /><arrow>『つぼじいさん』って、つぼばかり<br />集めてるように見えるけど<br />お船も持ってるんだって！<br />前にじまんしてたことがあったよ。<0xdb>『つぼじいさん』のお船に乗ったって<br />ホント？<br />ボク、お船を持ってるっていうのは<br />『つぼじいさん』のウソかと思った。<0xdb00>かいＭぺかい	
S1768	1	213	143	かいーさ；やさヵ俺もうちの庭掘って<br />温泉当てたいもんだなぁ¨¨。<0xdb00>こないだ記憶喪失で<br />この町にたどり着いた少女も<br />家族に会えてよかった、よかった。<0xdb>『化蛇』なんて聞いたことないが<br />昔、人間が蛇をいじめたたたりで<br />身体をのっとられた人が沢山いたという<br />話は聞いたことがある。<0xdb00>ま¨¨、色々な伝説が残っていても<br />この町は、いい所だよ。<0xdb>かいＮ４いい	
S1769	1	394	268	かいーし～やしヲ福州はのどかな温泉町だから<br />たまに香港のような都会に出た男は<br />なかなか帰って来ないんだよ。<br />ったく、何が楽しいんだか¨¨。<0xdb00>記憶喪失で流れ着いた少女かい？<br /><arrow>確か、ケガがひどくて<br />町医者の秀さんの所で世話になってたと<br />思ったけど¨¨。<br /><arrow>後ろから話しかけてごらん。<br />きっとこたえてくれるよ。<0xdb00>私のおじいさんが言ってたよ。<br />若い頃、島の奥地に迷いこんで<br />大きな蛇の住む秘境へ入ったって。<br /><arrow>何でも蛇の妖怪が住んでいるとかって。<0xdb>確か、その秘境を『呪泉洞』って呼んでたけどねぇ。<0xdb>おや？<br />後ろに連れているのは、以前<br />記憶喪失でこの町にいた子かい？<br /><arrow>あの時は額にアザがあったようだけど、<br />よかったね、アザが取れたんだね！<0xdb>こい	
S1770	1	179	123	何じゃ、あんたもあの少女と知合いか？<br />しかし、入れ違いで残念だのう。<br /><arrow>あの子は家族と一緒に日本へ帰ったよ。<br />アヤノコウジとか言ったかのう。<br />あの夫婦もあの子を探しとったと言うて<br />泣いて喜んでおった。よかったのう。<0xdb00>おや、娘さん¨¨確か、あの時の¨¨。<br />おじいさんたちは元気かね？<0xdb>んとょオあつせ	
S1771	1	224	163	この町の北にある道場へは<br />もう行ってみたかいのう。<br />わしの弟が体術の使い手でな。<br /><arrow>強い術を身につけたければ<br />ひとつ、相手をしてもらうがええ。<br /><arrow>しかし、あまり弱いようなら<br />やめといた方がええぞ。<br />ケガをするでな。カッカッカ！<0xdb00>この町の北にある道場へは<br />もう行ってみたかいのう。<br />もし、まだなら行ってみるがええ。<br /><arrow>強い術のひとつも持たんようでは<br />危険な場所へは、おもむけんぞ。<0xdb00>こい	
S1772	1	31	19	今、準備中なんだ。<br />後にしとくれっ！<0xdb>かいＱ・かい	
S1773	1	260	179	たルかいーたでやたく温泉旅行のおみやげは、いかがですか？<br />温泉まんじゅうに、温泉卵が<br />おすすめで～す！<0xdb00>青大人の一人娘の香香から<br />聞いたんだけど<br />青大人ってお金持ちなのに<br />すごいケチなんですって！<0xdb00>青大人が手に入れたつぼを見た？<br />小さいけれど金ピカの、<br />いかにも高そうなつぼ‼<br />あんな小さいもの、何入れるのかしら！<0xdb00>お帰りの際には<br />温泉旅行のおみやげは、いかがですか？<br /><arrow>温泉まんじゅうに、温泉卵が<br />おすすめで～す！<0xdb>かい	
S1774	1	197	136	主人、香港へ行ったっきり<br />帰って来ないのよ。<br />香港へ行くと、いつもそう。<br />浮気でもしてんじゃないかしら¨¨。<0xdb00>うちの人、やっと香港から<br />帰って来たと思ったら、<br />成金シュミのつぼなんて買って来て¨¨<br />あきれちゃうわ。<0xdb00>うちの人ったら、大事にしていた<br />あの成金シュミのつぼを<br />香港の何とかいう夫人にあげたみたい。<br /><arrow>キーーーーッ‼	
S1775	1	20	14	くやしいっ‼<br />もう知らないっ‼<0xdb00>かい	
S1776	1	754	481	家内がわしに、浮気の疑いを持っとる。<br />君、疑いを晴らしてくれんかね？<0xdb>なに‼<br />そうか、ありがたい‼<0xdb00>君も冷たいねぇ¨¨。<br />冷酷はビンボー人の始まりだよ。<0xdb00>おお、これはこれは、黄夫人‼<br />香港ではいつもお世話になっとります。<0xdb00>青大人：<br />おお、これはこれは、黄夫人‼<br />香港ではいつもお世話になっとります。<br /><arrow><portrait_05>黄夫人：<br /><speak>こんにちは、青大人。<br />実は今日はお願いがありますの。</speak><br /><arrow><speak>大人がお持ちの、うわさのつぼを<br />ぜひ私にゆずっていただきたいの。<br />どうしても大人のつぼが必要ですの。</speak></portrait><br /><arrow>青大人：<br />しかし、お力にはなりたいが<br />荷物が一杯のようですよ。<br /><arrow>どんな事情かは、ぞんじませんが<br />そればっかりは、私にも¨¨。<0xdb00>青大人：<br />おお、これはこれは、黄夫人‼<br />香港ではいつもお世話になっとります。<br /><arrow><portrait_05>黄夫人：<br /><speak>こんにちは、青大人。<br />実は今日はお願いがありますの。</speak><br /><arrow><speak>大人がお持ちの、うわさのつぼを<br />ぜひ私にゆずっていただきたいの。<br />どうしても大人のつぼが必要ですの。</speak></portrait><br /><arrow>青大人：<br />何か事情がありそうですな¨¨。<br /><arrow>よろしいでしょう。<br />亡くなった黄氏は、私の命の恩人です。<br />つぼくらい、おやすい御用ですよ。<br /><arrow>八雲たちは『金ピカのつぼ』を<br />手に入れた。<0xdb00>いやいや、黄夫人のお役に立てて、<br />私もうれしい。<br />また、香港へ行った時には<br />ぜひ、よろしくお願いしますよ。<0xdb00>¨¨¨¨お？<br />君、黄夫人はいったいどうした。<br />一緒じゃなかったのかね？<0xdb>かい	
S1777	1	483	349	町の東には変わり者のじいさんが<br />一人で住んでるよ。<br />家の中が、つぼでいっぱいだから<br />『つぼじいさん』と呼ばれている。<0xdb00>町の東には変わり者のじいさんが<br />一人で住んでるよ。<br /><arrow>家の中が、つぼでいっぱいだから<br />『つぼじいさん』と呼ばれているんだが<br />三つ目の神を呼び寄せるとか言うものを<br />代々、大切に隠してるらしい。<0xdb00>悪いが、今いそがしいんだ。<br /><arrow>聞きたいことがあるんだったら<br />他の奴らの話を聞いてから<br />もう一度来てくれないか。<0xdb>この前『つぼじいさん』の家を訪ねたら<br />以前よりいっそう、つぼが増えてて<br />実は中身より、つぼの方が好きなんじゃ<br />ないかって思うくらいだぜ。<0xdb00>『つぼじいさん』のヤツ、<br />今度は青大人からもらった美しいつぼを<br />自分の汚いつぼン中に隠したらしいぜ。<br /><arrow>今度は人に取られないように<br />奥に並んだつぼの中に隠したんだとさ。<br />けどヨォ、せっかく隠したものが<br />なんでこう、うわさになんだろうナァ。<0xdb>かいＹぢいい	
S1778	1	309	218	昔からこの地方には<br />蛇の妖怪の伝説があってな。<br /><arrow>小さいころ悪いことをすると<br />「蛇にのりうつられるぞ」って<br />よく親に怒られたもんだ。<0xdb>わしが小さいころ<br />やはり、あんたたちのように<br />呪泉洞のことを聞きに来た者がおった。<br /><arrow>仙人のような不思議なじいさんで<br />「蛇たちのなげきの声が聞こえるから<br />救ってやらねばなるまい。」と言った。<br /><arrow>そして一人で船を出して、<br />むかし、空飛ぶ腭の化物を<br />封じたという島に渡って行った。<0xdb00>島の方の空が、明るいのぉ¨¨。<br /><arrow>まるで、いにしえより、かけられていた<br />呪いが解けたかのようじゃ。<0xdb>やねユ	
S1779	1	442	302	わしはここで瞑想をしておる¨¨。<br />過去のあやまちを人に話すのはつらいが<br />もしよければ、ざんげさせてくだされ。<br /><arrow>ずいぶんと昔<br />わしは僧侶をやっておった。<br />これでも将来を期待されていたのじゃ。<br /><arrow>ある時、遠く西にある桃源山という山で<br />老人が奇異な鳥とたわむれ、<br />杖の中に彼の鳥が入って行くのを見た。<br /><arrow>あれがあれば私が行を修める<br />寺院に戻った時、<br />地位と名詈を得ることができるのではと<br /><arrow>魔がさしたとでもいうのか<br />盗んでしまった¨¨。<br />本当に魔がさしたとしかいえん¨¨。<br /><arrow>杖を寺院に持ち帰った<br />ある日のことじゃった¨¨。<br /><arrow>手遊びに杖のせんを開けたとたん、<br />その鳥は悲しいお叫びをあげて<br />飛び去ってしまったのじゃ¨¨。<br /><arrow>あの悲しい声が耳から離れん¨¨。<br />おのれの罪深さを恥じて<br />わしは瞑想をし、<br />日々を悔いておるのじゃ¨¨。<0xdb00>し	
S1782	1	31	16	効果→ダンジョンの入口に戻る<br /><return_p><0xdb00><0xdb00><0xdb00>やよえ	효과→던전 입구로 돌아간다<br /><return_p><0xdb00><0xdb00><0xdb00>やよえ
S1786	1	29	20	預かっている品物がありません<0xdb>じ―じ（じ『じ＄じ<br />じ	맡아 둔 물건이 없습니다<0xdb>じ―じ（じ『じ＄じ<br />じ
S1787	1	51	32	お兄ちゃんたち、あの恐い島に<br />渡ったって、ホント？<br /><arrow>蛇の妖怪は、本当にいた？<0xdb00>や	
S1788	1	141	107	この町の中の北西の外れの<br />めずらしい杖を持ったおじいさんに<br />会ったことはある？<br /><arrow>昔はえらいお坊さんだったけど<br />今は瞑想中なんだって。<br /><arrow>すごく行きにくい所に<br />お家があるから<br />あまり人が行かないみたいなんだけど<br />さみしくないのかなぁ。<0xdb00>やあい	
S1789	1	51	39	パパったら、またママを<br />怒らせちゃったみたい。<br />まったく、しょうがないわねぇ。<br />ウフン♥<0xdb00>やあず	
S1790	1	47	29	ふぇー¨¨¨¨¨¨。<br />やっぱり温泉はええのう。<br />身体がしんから温まるわい。<0xdb00>やあナ	
S1791	1	17	12	また、のぞきに来たの？<0xdb00>やあラ	
S1792	1	55	36	島へ行ったんだって？<br />いいな、今度俺にも船を貸してくれよ‼<0xdb>伝説の妖怪はいたかい？<0xdb00>ゅ	
S1793	1	48	37	ほらほら、邪魔だよ！<br />いそがしいんだから、<br />こんなせまい所で<br />ウロウロしないどくれ！<0xdb>やあ	
S1794	1	16	10	やん、見ないでよォ♥<0xdb00>やあ	
S1795	1	55	36	お宿をお探しなら、うちが福州一‼<br />¨¨¨って言っても<br />福州にはうちしか、ないけどね。<0xdb00>やいざ	
S1796	1	67	50	『つぼじいさん』のお船に乗ったって<br />ホント？<br />ボク、お船を持ってるっていうのは<br />『つぼじいさん』のウソかと思った¨。<0xdb>やいラ	
S1797	1	39	24	ま¨¨、色々な伝説が残っていても<br />この町は、いい所だよ。<0xdb>やいャ	
S1798	1	51	38	福州はのどかな温泉町で<br />いなかだから何もないけど<br />これでなかなか、いい所なんだよ。<0xdb00>ゅ	
S1799	1	91	66	この町の北にある道場へは<br />もう行ってみたかいのう。<br />もし、まだなら行ってみるがええ。<br /><arrow>強い術のひとつも持たんようでは<br />危険な場所へは、おもむけんぞ。<0xdb00>ゅ	
S1800	1	55	37	温泉旅行のおみやげは、いかがですか？<br />温泉まんじゅうに、温泉卵が<br />おすすめで～す！<0xdb00>やうザ	
S1801	1	65	48	うちの人ったら、大事にしていた<br />あの成金シュミのつぼを<br />香港の何とかいう夫人にあげたみたい。<br /><arrow>キーーーーッ‼	
S1802	1	20	14	くやしいっ‼<br />もう知らないっ‼<0xdb00>やう	
S1803	1	69	49	黄夫人がいなくなったそうだ。<br />もう、香港に行っても<br />黄邸に世話になることは<br />できなくなってしまったなぁ¨¨。<0xdb00>やえや	
S1804	1	143	106	『つぼじいさん』のヤツ、<br />今度は青大人からもらった美しいつぼを<br />自分の汚いつぼン中に隠したらしいぜ。<br /><arrow>今度は人に取られないように<br />奥に並んだつぼの中に隠したんだとさ。<br />けどヨォ、せっかく隠したものが<br />なんでこう、うわさになんだろうナァ。<0xdb>やえ4	
S1805	1	63	45	島の方の空が、明るいのぉ¨¨。<br /><arrow>まるで、いにしえより、かけられていた<br />呪いが解けたかのようじゃ。<0xdb>かつあけ；かつ	
S1806	1	1112	773	ぉき、ゆおえわしはここで瞑想をしておる¨¨。<br />過去のあやまちを人に話すのはつらいが<br />もしよければ、ざんげさせてくだされ。<br /><arrow>ずいぶんと昔<br />わしは僧侶をやっておった。<br />これでも将来を期待されていたのじゃ。<br /><arrow>ある時、遠く西にある桃源山という山で<br />老人が奇異な鳥とたわむれ、<br />杖の中に彼の鳥が入って行くのを見た。<br /><arrow>あれがあれば私が行を修める<br />寺院に戻った時、<br />地位と名詈を得ることができるのではと<br /><arrow>魔がさしたとでもいうのか<br />盗んでしまった¨¨。<br />本当に魔がさしたとしかいえん¨¨。<br /><arrow>杖を寺院に持ち帰った<br />ある日のことじゃった¨¨。<br /><arrow>手遊びに杖のせんを開けたとたん、<br />その鳥は悲しいお叫びをあげて<br />飛び去ってしまったのじゃ¨¨。<br /><arrow>あの悲しい声が耳から離れん¨¨。<br />おのれの罪深さを恥じて<br />わしは瞑想をし、<br />日々を悔いておるのじゃ¨¨。<0xdb>わしは今までに<br />あんたらにざんげしたことが<br />あったかのう？<0xdb00>聞けばあんたらは<br />桃源山にも行ったらしいのう。<br />お願いがあるんじゃ。<br /><arrow>いつの時か、人面一本足の鳥を<br />探し求める老人に会ったら<br />この杖を渡してはくださらんか？<br /><arrow>きっと、わしはもうあの山まで<br />たどり着くことはできんじゃろう。<br />お願いじゃ、この杖をとどけておくれ。<br /><arrow>あんたも娘さんもいい目をしとる。<br />あの時の老人に会ったら<br />かならず渡してくだされよ。<0xdb00>そうか¨¨。<br />過去のあやまちを人に話すのはつらいが<br />もしよければ、ざんげさせてくだされ。<br /><arrow>ずいぶんと昔<br />わしは僧侶をやっておった。<br />これでも将来を期待されていたのじゃ。<br /><arrow>ある時、遠く西にある桃源山という山で<br />老人が奇異な鳥とたわむれ、<br />杖の中に彼の鳥が入って行くのを見た。<br /><arrow>あれがあれば私が行を修める<br />寺院に戻った時、<br />地位と名詈を得ることができるのではと<br /><arrow>魔がさしたとでもいうのか<br />盗んでしまった¨¨。<br />本当に魔がさしたとしかいえん¨¨。<br /><arrow>杖を寺院に持ち帰った<br />ある日のことじゃった¨¨。<br /><arrow>手遊びに杖のせんを開けたとたん、<br />その鳥は悲しいお叫びをあげて<br />飛び去ってしまったのじゃ¨¨。<br /><arrow>あの悲しい声が耳から離れん¨¨。<br />おのれの罪深さを恥じて<br />わしは瞑想をし日々を悔いておる¨¨<br /><arrow>おや!?	
S1807	1	307	217	わしも最近では<br />物忘れがはげしくなってきた¨¨。<br />はて、わしはあんた方に<br />ざんげをさせてもらったかのう？<0xdb00>桃源山の老人に<br />杖を届けてやってくだされよ¨¨。<0xdb>あの老人と会えたのじゃね¨¨。<br />これで私も本当に安心して<br />残りの人生を生きていくことができる。<br /><arrow>娘さん、あんたこそ<br />その杖を持つのにまこと<br />ふさわしい人かも知れん。<br /><arrow>わしのように、<br />よこしまな心を持った者より<br />あんたみたいな清い心を持った人が<br /><arrow>その杖は持っとったほうがいい。<br />たまにはその杖の中の鳥を見せに<br />この町にも来てくだされよ¨¨。<br />ありがとう¨¨。<0xdb00>し	
S1808	1	31	16	効果→ダンジョンの入口に戻る<br /><return_p><0xdb00><0xdb00><0xdb00>やにマ	효과→던전 입구로 돌아간다<br /><return_p><0xdb00><0xdb00><0xdb00>やにマ
S1816	1	39	27	最近いい呪術道具がないんだよ！<br />したがって売り物もなぁい。<0xdb>ゅ	
S1817	1	43	27	東にある竜門の遺跡は中国の<br />歴史を見るのに最適です。<0xdb00>やあム	
S1818	1	23	15	東には竜門石窟があります。<0xdb00>やあゾ	
S1819	1	61	37	最近化け物¨¨いや、妖魔が<br />むちゃくちゃ強いんだよ¨¨。<br />うかつに街の外に出れやしない¨¨。<0xdb00>やあ▼	
S1828	1	7	6	やと鋭やなチ	
S1831	1	53	41	やへ温いらっしゃいませ。<br />どういった御用でしょう？<return_p>よく来たな。<br />うちはいいもんがそろってるぜ。	
S1833	1	37	25	ありがとう。<br />何か掘り出し物が入ったら<br />買ってくれよな！<0xdb00>ゅ	
S1834	1	38	25	東にある竜門の遺跡で最近、<br />新発見があったらしいですよ。	
S1835	1	81	58	竜門石窟で本当なら場違いな遺跡が<br />発見されたらしいですよ。<br />これこそオーパーツ（本来ならそこに<br />あるはずのない物）ですよね！<0xdb>やあ・	
S1836	1	60	37	最近化け物¨¨いや、妖魔が<br />むちゃくちゃ強いんだよ¨¨。<br />うかつに街の外に出れやしない¨¨。<0xdb00>やい	
S1839	1	7	6	やな温やにず	
S1840	1	7	6	やて鋭やとケ	
S1845	1	77	57	あ～ら、八っ雲ちゃんじゃない。<br />あんた、中国でやらなきゃいけないこと<br />があるんじゃなかった？<br /><arrow>まだ、戻って来るには<br />早いんじゃないの？<0xdb>や	
S1846	1	55	38	なんだ、八雲。<br />帰って来るにはまだ早いんじゃないか？<br /><arrow>中国ですることが<br />まだあるだろう。<0xdb00>や	
S1847	1	55	34	今時、日本に何の用だい？<br />まず、中国の人々の話は<br />ちゃんと聞いて来たのかい？<0xdb>やあい	
S1848	1	91	60	あら、藤井君。<br />学校をやめたのは、中国ですることが<br />あるからじゃなかったの？<br /><arrow>先生も、藤井君に帰って来て欲しいけど<br />中途半端はダメよ！<0xdb>やあス	
S1849	1	47	36	中国でやることやって<br />早く戻って来いよ！<br />また、みんなでツーリングしようぜ‼<0xdb>やあボ	
S1850	1	76	49	八雲君、学校へはまだ戻れないの？<br />夏子も待ってるわよ。<br />あの子、強がってたけど<br />本当は八雲君のこと好きなのよ！<0xdb00>やあ	야쿠모 군, 학교엔 아직 못 돌아와?<br />나츠코도 기다리고 있어<br />그 애, 센 척했지만<br />사실은 야쿠모 군을 좋아한다고!<0xdb00>やあ
S1851	1	47	30	何だよ、八雲！<br />お前、学校やめて中国に行ったんじゃ<br />なかったのか？<0xdb00>やいつ	
S1852	1	47	36	この先にも町があるけど<br />あなたがここへ来る必要は<br />当分ないんじゃないの？<0xdb>やいぼ	
S1853	1	65	40	悪いが他の病院へ回ってくれないかい？<br /><arrow>¨¨¨¨医者にも休養が必要だよ。<br />君、そう思わないかい？<0xdb>やいゲ	
S1855	1	86	57	日本に忘れ物か？<br />それともホームシックか？<br /><arrow>妖撃社の人たちに協力してもらって<br />早く人化の法を見つけ、人間になって<br />戻って来い！<0xdb>やい	
S1856	1	83	57	お前がバイト抜けたおかげで、<br />けっこう大変なんだよ。<br /><arrow>¨¨ま、当分大変だろうけど<br />何とかがんばるからよ。<br />お前も早く戻って来いな。<0xdb>やうぼ	
S1857	1	57	42	あ～ら、八っ雲ちゃん♥<br />早くバイトに戻ってらっしゃいよ。<br />でないとアタシ、さ・み・し・い・わ♥<0xdb>やうロ	어~머, 야쿠모 쨩♥<br />얼른 알바로 돌아오라고<br />안 그러면 나, 외・로・워・진・다♥<0xdb>やうロ
S1858	1	55	36	最近、御指名が多いのよ♥<br />エステに行って、おハダの調子もいいし<br />はりきっちゃう♥<0xdb>やう4	요즘 지명이 많다니까♥<br />피부 관리 받아서 피부도 좋고<br />힘이 솟는다♥<0xdb>やう4
S1859	1	46	29	何だい、君たちも客かい？<br />よーし、今夜は飲もうじゃないか‼<br />ひっく¨¨。<0xdb00>やう	
S1860	1	33	24	ここは、いいよな¨¨。<br />俺はここに来るとホッとするよ。<0xdb>やえか	여긴, 좋단 말이야¨¨<br />난 여기 오면 마음이 놓여<0xdb>やえか
S1861	1	31	23	オカマ・バーって<br />結構やみつきになるのよね¨¨。<0xdb00>やえよ	オカマ・バーって<br />꽤 중독성 있다니까¨¨<0xdb00>やえよ
S1862	1	28	19	八雲君、久しぶりだね。<br />ママによろしく‼<0xdb>やえぺ	야쿠모 군, 오랜만이네<br />마마한테 안부 전해‼<0xdb>やえぺ
S1863	1	31	18	やっぱり、オカマより本物の女よ！<br />¨¨ね？♥<0xdb00>やえナ	역시, 게이보다 진짜 여자지!<br />¨¨그치?♥<0xdb00>やえナ
S1865	1	56	45	わしのひいきのマリちゃんは<br />まだかいの。<br />仕事がらたまったストレスは<br />ここではらすのが一番じゃ！<0xdb00>やえ	내가 아끼는 마리는<br />아직인가<br />일하며 쌓인 스트레스는<br />여기서 푸는 게 최고지!<0xdb00>やえ
S1866	1	33	21	まだ、準備中なの。<br />悪いけど当分売れないわ。<0xdb>やおし	
S1867	1	43	30	ただ今準備中です。<br />申し訳ありませんが<br />何もお売りできません。<0xdb>やおぞ	
S1868	1	53	36	実は俺、『カルチャー・ショック』の<br />常連なんだ。<br />休みの日は隣の店に通ってるぜ。<0xdb>やおヘ	실은 나, 『컬처 쇼크』의<br />단골이야<br />쉬는 날엔 옆 가게에 다닌다고<0xdb>やおヘ
S1869	1	71	49	だいぶ前に巨大な人面鳥が<br />暴れまわったのを覚えているか？<br />この辺はその時にぶち壊れて<br />今も工事中なんだ。<0xdb>やお6	
S1870	1	97	60	ああ、いそがしい、いそがしい¨¨。<br /><arrow>仕事がいそがしくてさ、<br />人間の生活してないよ、まったく。<br />早く、人間に戻りたいよなぁ¨¨。<br /><arrow>¨¨¨え？<br />君もそうなのかい？<0xdb00>やかね	
S1871	1	52	36	ただ今治療はできません。<br />申し訳ありませんが、<br />治療は他の病院でお願いいたします。	
S1874	1	7	6	やの温やはナ	
S1875	1	7	6	やね温やのぎ	
S1876	1	7	6	やは鋭やひテ	
S1877	1	53	40	やみ<portrait_00>いらっしゃいませ。<br />どういった御用でしょう？<return_p>よく来たな。<br />うちはいいもんがそろってるぜ。	やみ<portrait_00>어서 오십시오.<br />무슨 용건이신지요?<return_p>잘 왔군.<br />우린 좋은 물건만 갖췄지.
S1889	1	102	73	ヌあ～ら、八っ雲ちゃんじゃない。<br />あんた、中国でパイちゃんを探さなきゃ<br />ならないんじゃ、なかった？<br /><arrow>まだ、戻って来るには<br />早いんじゃないの？<0xdb00>あ～ら、八っ雲ちゃんじゃない。<br />ウフッ	
S1890	1	133	96	お・ひ・さ・し・ぶ・り♥<br />ママの所には、もう行った？<br /><arrow>お店はこの裏よ。<br />まさか、もう忘れたわけじゃ<br />ないでしょうねぇ。<0xdb00>かい（あょやあはなんだ、八雲。<br />帰って来るにはまだ早いんじゃないか？<br /><arrow>中国ですることが<br />まだあるだろう。<0xdb00>ようっ	
S1891	1	183	117	八雲‼<br />久しぶりだなあ。<br />いつ帰ってきたんだ？<0xdb>かい（あ×やあラ今時、日本に何の用だい？<br />人探しをするんなら<br />地道に人の足取りを追った方がいいぞ。<br /><arrow>まず、中国の人々の話は<br />ちゃんと聞いて来たのかい？<0xdb00>確か、この辺だと聞いて来たんだが¨¨<br />君、『カルチャー・ショック』って店、<br />知らない？<0xdb00>やいし	
S1892	1	61	41	あら、藤井君。<br />どう、学校の方へは戻れそう？<br />先生たちも待ってるから<br />いつでも帰ってきてね！<0xdb>やいぅ	
S1893	1	39	28	八雲、早く戻って来いよ。<br />また、みんなでツーリングしようぜ‼<0xdb>やいム	
S1894	1	87	57	八雲君、学校へはまだ戻れないの？<br />夏子も待ってるわよ。<br />あの子、強がってたけど<br />本当は八雲君のこと好きなのよ！<0xdb00>かい<0xdb>うぁかい「うめやい―	
S1895	1	247	172	今日はこれから<br />原宿にナンパしに行くんだ♥<br />マサヤのやつ、遅ぇなあ¨¨。<br /><arrow>さては「俺が手本を見せてやる‼」と<br />言っておきながら<br />おじけづいたかな？<0xdb00>何だよ、お前も原宿行くのか？<br />まさかナンパじゃねぇだろうなぁ。<0xdb00>なんだ、八雲か。<br />で、原宿でのナンパは<br />うまくいったのかよ？<0xdb00>かい（うャやうモこの先にも町があるけど<br />あなたがここへ来る必要は<br />当分ないんじゃないの？<0xdb>この先が原宿よ。<br />ここでデートの待ち合わせなの♥<0xdb00>ゅ	
S1901	1	62	41	お前がバイト抜けたおかげで、<br />けっこう大変なんだよ。<br /><arrow>中国で用事済ませて<br />早く戻って来いな。<0xdb>ん？	
S1902	1	105	66	その雑誌の女子高生¨¨。<br />昔、八雲が連れてきた娘に<br />そっくりじゃないか。<0xdb00>また、中国に行くのか。<br /><arrow>さっさと用事済ませて<br />早く戻って来いな。<0xdb00>かい×け・こい）つけれソ	
S1903	1	142	98	づつけれやけバかい（けヌやけげあ～ら、八っ雲ちゃん♥<br />早くバイトに戻ってらっしゃいよ。<br />でないとアタシ、さ・み・し・い・わ♥<0xdb>あ～ら、八っ雲ちゃん♥<br />お久しぶりっ♥<br />ママがお待ちかねよお～。<0xdb00>その写真の制服、<br />原宿でよくみかけるわよ。<br />ウフッ♥	
S1904	1	82	59	アタシも着てみた～いっ♥<0xdb00>あ～ら、八っ雲ちゃん♥<br />早くバイトに戻ってらっしゃいよ。<br />でないとアタシ、さ・み・し・い・わ♥<0xdb>かい×こォこい）つこしソ	
S1905	1	208	142	づつこしやこユかい（こぁやこと最近、御指名が多いのよ♥<br />エステに行って、おハダの調子もいいし<br />はりきっちゃう♥<0xdb>ま¨¨八雲ちゃんの後ろのオトコの人、<br />だ～れ？<br />はっきり言って、タイプ～ッ‼♥<0xdb>なによ、なによッ<br />その写真の娘よりも<br />アタシの方が、ずーっとキレイよ‼<0xdb>最近、御指名が多いのよ♥<br />エステに行って、おハダの調子もいいし<br />はりきっちゃう♥<0xdb>やこ＄	
S1906	1	38	25	何だい、君たちも客かい？<br />変わった顔ぶれだなぁ¨¨ひっく。<0xdb00>やこ	
S1907	1	42	31	ここは、いいよな¨¨。<br />俺はここに来るとホッとするよ。<0xdb>かい×さゲこい）つさばソ	여긴, 좋단 말이야¨¨<br />난 여기 오면 마음이 놓여<0xdb>かい×さゲこい）つさばソ
S1908	1	97	67	オカマ・バーって<br />結構やみつきになるのよね¨¨。<0xdb00>その写真なら、私も見たわ。<br />どうやら場所は原宿みたいね。<0xdb00>オカマ・バーって<br />結構やみつきになるのよね¨¨。<0xdb00>やさヵ	
S1909	1	28	18	八雲君、久しぶりだね。<br />ママによろしく‼<0xdb>やさ；	야쿠모 군, 오랜만이네<br />마마한테 안부 전해‼<0xdb>やさ；
S1910	1	30	17	やっぱり、オカマより本物の女よ！<br />¨¨ね？♥<0xdb00>やさ	역시, 게이보다 진짜 여자지!<br />¨¨그치?♥<0xdb00>やさ
S1911	1	56	38	部長のやつ、<br />俺のことバカにしやがって¨¨‼<br />俺が一体、何をしたって言うんだッ‼<br />バカヤローッ‼	
S1912	1	11	6	ひっく¨¨。<0xdb00>やしぎ	딸꾹¨¨<0xdb00>やしぎ
S1914	1	59	40	実は俺、『カルチャー・ショック』の<br />常連なんだ。<br />休みの日は隣の店に通ってるぜ。<0xdb>かい<0xdb>すばかい「し	
S1915	1	292	202	だいぶ前に巨大な人面鳥が<br />暴れまわったのを覚えているか？<br />この辺はその時にぶち壊れて<br />今も工事中なんだ。<0xdb>だいぶ前に巨大な人面鳥が<br />暴れまわったのを覚えているか？<br />この辺はその時にぶち壊れて<br />今も工事中なんだ。<0xdb>だいぶ前に巨大な人面鳥が<br />暴れまわったのを覚えているか？<br />この辺はその時にぶち壊れて<br />今も工事中なんだ。<0xdb>かい（す2やすゾああ、いそがしい、いそがしい¨¨。<br />今日もタフマン飲んで<br />がんばろっと！<0xdb>この通りを、まっすぐ南に行くと<br />若者のたまり場、原宿だよ。<0xdb>やす	
S1916	1	34	24	いらっしゃいませ。<br />治療でしたら二階の方へどうぞ。<0xdb00>ぉせ	
S1917	1	242	166	あパイ：<br />せっかく帰ってきたのに、もう<br />出かけるアルか？<br />パイは休みたいアル¨¨¨。<0xdb00>ぉせげあママ：<br />帰ってきたのか？<0xdb>ぉせぴあママ：<br />こりゃ¨¨。<br /><arrow>八雲：<br />ママ、隣にいてなにも気づかなかった？<0xdb00>ぉせマあママ：<br />あぁ。オレは夜はいないからな。<br />う～ん¨こりゃ、プロの仕業だな<br /><arrow>ちょっと待ってろ。組の者に何か知った<br />ヤツがいないか聞いてきてやる。<0xdb00>ぉせ！あ八雲：<br />まっうちに金目の物はないからなあ¨。<br />バカなプロ。<0xdb00>ぉせ港あジあ	
S1918	1	30	21	八雲：<br />ちょっといないうちにこんなに手紙が¨<br />ゲッ！	
S1919	1	297	187	ヤッベー！<br />ツーリングの約束してたんだ。<0xdb>ぉそわあ八雲：<br />部屋がグチャグチャのままで<br />外出しちゃマズイよな。<0xdb>ぉそウあパイ：<br />ヤクモ¨写真、写ってる¨。<br /><arrow>八雲：<br />ああ、みんな俺のダチ¨友達だよ。<br /><arrow>パイ：<br />トモダチ？<br /><arrow>八雲：<br />一緒に学校行って、遊んだり、<br />ダベったりしてさぁ。<br /><arrow>ツーリングなんかしたら¨¨¨¨¨¨¨<arrow><br />も、最高って感じかな。<br /><arrow>パイ：<br />フゥン¨¨。デモあたし、<br />ずっとひとりダッタカラ¨¨。<br /><arrow>八雲：<br />あっ、その、いや¨でもさ、そのなんだ<arrow><br />大丈夫。<arrow><br />パ、パイには俺がいるじゃないか。<0xdb00>ばたばあズセああ	
S1920	1	528	340	パイ：<br />ウン。そーだよね。ダイジョウブダネ。<arrow><br />パイには八雲がいるもんっ！<0xdb>ぉたノあママ：<br />いったいぜんたい、どうしたんだ？<br />パイちゃんはどうしたんだよ？<br /><arrow>八雲<br />実は¨¨¨¨¨¨¨¨¨¨¨¨¨¨¨。<0xdb>ぉた６あママ：<br />で¨今まで捜し歩いていたと¨¨。<br /><arrow>おめえ、<br />もう後戻りできねえんじゃねーか？<br /><arrow>八雲：<br />¨¨¨¨¨¨¨¨¨¨¨¨¨¨¨¨¨。<br /><arrow>ママ：<br />ヤクザもんがよ、カタギの生活が<br />できねえように。<br /><arrow>パイちゃんのいう通り、人間に<br />もどんねー限り¨おめえ、フツーの<br />生活したって不幸にしかなんねえぜ。<br /><arrow>地球上のあらゆる物の中で、<br />壊れねえ、死なねえもんなんて<br />ありゃしねーんだ。<br /><arrow>不死身ってだけで、<arrow><br />つけ狙われる十分な理由にならあな。<br /><arrow>いいじゃねえか。好きなんだろう？<arrow><br />パイちゃんのこと。<arrow><br />こんなちんけな生活、捨てちまえよ。<br /><arrow>八雲：<br />えっ、パ、パイのことは、そ、そんなん<br />じゃないって。第一妖怪だし¨¨¨¨。<br /><arrow>ママ：<br />バカ¨おめえもそうじゃねえかよ。<arrow><br />まっ今はそんなことより<br />パイちゃんが心配だな。<0xdb>ぉつぼあママ：<br />あっ、もしもし？	
S1921	1	128	81	オレだ。女の子を<br />１人捜してくれや。<br /><arrow>都立の新宿西高校で見たのが<br />最後らしいんだが¨¨。<br /><arrow>ピンクのハーフコートにスカートって<br />格好の、見てくれは¨<br />そうだな１６、７ってとこだな。<arrow><br />ん¨ん¨、頼むわ。<0xdb>ぉつ「らあピあ	
S1922	1	245	168	ママ：<br />いま組の若い奴に情報を集めさせてる。<br />すぐ何か連絡があんだろ。<0xdb00>ぉていあママ：<br />どこ行くんだよ。<br />あてもなく捜したって見つからねえよ。<br />連絡があるまで待ってな。<0xdb00>ぉてぢあママ：<br />八雲ぉ、ちょっとこい！<0xdb>ぉてょあママ：<br />あっ、終っちまった。<br /><arrow>今ニュース速報で、新宿のＭＳビルの<br />周辺で何か緊急事態が起こってるって。<br /><arrow>速報だから詳しくはわからねえが、<br />パイちゃんと関係あるんじゃないか？<0xdb>ぉて！らあィあ	
S1923	1	35	20	サル：<br />や、八雲ぉ、な、なんとかしてくれよ。<br /><arrow>八雲：<br />サル！	
S1924	1	175	114	サル：<br />夏子がＭＳビルにいるんだ。学校から<br />追っかけたんだけどさぁ¨。<br /><arrow>ヒデさんとタッちゃんが見張ってる¨。<br /><arrow>八雲：<br />パ、パイは？<br /><arrow>サル：<br />あ、あぁ、あの娘も一緒だよ。<br />は、早く。アイツ、いったい夏子に<br />何をしようとしてるんだ？<0xdb>ぉとラあパイ：<br />八雲～、ママさんにあいさつしないで<br />香港行くアルか？	
S1925	1	28	20	まったく最近の<br />若者は礼儀をしらないアルよ。	
S1926	1	7	6	やも温ややぉ	やも温ややぉ
S1932	1	21	15	あ～ら、八っ雲ちゃんじゃない。<br />ウフッ	어~머, 야쿠모 쨩 아냐<br />ウフッ
S1933	1	43	29	八雲‼<br />久しぶりだなあ。<br />けど、帰って来るには<br />まだ早いんじゃないか？<0xdb>や	
S1934	1	21	11	今時、日本に何の用だい？<0xdb00>や	
S1935	1	59	39	あら、藤井君。<br />どう、学校の方へは戻れそう？<br />先生たちも待ってるから<br />いつでも帰ってきてね！<0xdb>や	
S1936	1	41	28	Ａ八雲、早く戻って来いよ。<br />また、みんなでツーリングしようぜ‼<0xdb>やあね	
S1937	1	77	50	八雲君、学校へはまだ戻れないの？<br />夏子も待ってるわよ。<br />あの子、強がってたけど<br />本当は八雲君のこと好きなのよ！<0xdb00>やあナ	야쿠모 군, 학교엔 아직 못 돌아와?<br />나츠코도 기다리고 있어<br />그 애, 센 척했지만<br />사실은 야쿠모 군을 좋아한다고!<0xdb00>やあナ
S1938	1	31	18	なんだ、八雲か。<br />早く学校へ戻って来いよ。<0xdb00>ゅ	
S1939	1	45	26	ママ：<br /><speak>よう、元気か八雲‼<br />さっさと人間に戻って、帰って来な‼<0xdb>やあ、	
S1940	1	46	33	お前がバイト抜けたおかげで、<br />けっこう大変なんだよ。<br />早く戻って来いな。<0xdb>やあ	네가 알바 빠진 덕에,<br />꽤 힘들다고<br />얼른 돌아오라고<0xdb>やあ
S1941	1	57	42	あ～ら、八っ雲ちゃん♥<br />早くバイトに戻ってらっしゃいよ。<br />でないとアタシ、さ・み・し・い・わ♥<0xdb>やいり	어~머, 야쿠모 쨩♥<br />얼른 알바로 돌아오라고<br />안 그러면 나, 외・로・워・진・다♥<0xdb>やいり
S1942	1	55	37	最近、御指名が多いのよ♥<br />エステに行って、おハダの調子もいいし<br />はりきっちゃう♥<0xdb>やいソ	요즘 지명이 많다니까♥<br />피부 관리 받아서 피부도 좋고<br />힘이 솟는다♥<0xdb>やいソ
S1943	1	39	26	何だい、君たちも客かい？<br />変わった顔ぶれだなぁ¨¨ひっく。<0xdb00>やいズ	
S1944	1	33	23	ここは、いいよな¨¨。<br />俺はここに来るとホッとするよ。<0xdb>やい４	여긴, 좋단 말이야¨¨<br />난 여기 오면 마음이 놓여<0xdb>やい４
S1945	1	31	22	オカマ・バーって<br />結構やみつきになるのよね¨¨。<0xdb00>やい―	オカマ・バーって<br />꽤 중독성 있다니까¨¨<0xdb00>やい―
S1946	1	27	18	八雲君、久しぶりだね。<br />ママによろしく‼<0xdb>やい	야쿠모 군, 오랜만이네<br />마마한테 안부 전해‼<0xdb>やい
S1947	1	31	18	やっぱり、オカマより本物の女よ！<br />¨¨ね？♥<0xdb00>やうこ	역시, 게이보다 진짜 여자지!<br />¨¨그치?♥<0xdb00>やうこ
S1948	1	10	6	ひっく¨¨。<0xdb>やうウ	딸꾹¨¨<0xdb>やうウ
S1949	1	53	35	実は俺、『カルチャー・ショック』の<br />常連なんだ。<br />休みの日は隣の店に通ってるぜ。<0xdb>やう「	실은 나, 『컬처 쇼크』의<br />단골이야<br />쉬는 날엔 옆 가게에 다닌다고<0xdb>やう「
S1950	1	69	47	前に巨大な人面鳥が<br />暴れまわったのを覚えているか？<br />この辺はその時にぶち壊れて<br />今も工事中なんだ。<0xdb00>やえに	
S1951	1	43	31	ああ、いそがしい、いそがしい¨¨。<br />今日もタフマン飲んで<br />がんばろっと！<0xdb>やえぼ	
S1952	1	30	22	いらっしゃいませ。<br />治療でしたら二階の方へどうぞ。	
S1953	1	7	6	やて断やとナ	
S1954	1	7	6	やに断やぬぞ	
S1955	1	7	6	やね断やのチ	
S1956	1	7	6	やの鋭やはば	
S1958	1	7	6	やな温やにサ	
S1959	1	7	6	やふ鋭やへは	
S1960	1	53	41	やほ断いらっしゃいませ。<br />どういった御用でしょう？<return_p>よく来たな。<br />うちはいいもんがそろってるぜ。	
S1963	1	59	38	ぅあサル：<br />学校止めちゃうのか¨¨¨。<br />でも、なんか、かっこいいぞ、八雲。<br />早く帰ってこいよな。<0xdb>かあォ	
S1964	1	47	34	ザあタッちゃん：<br />おまえが化け物でもなんでも¨¨¨¨。<arrow><br />オレたちトモダチだよな。<0xdb>かあォ	
S1965	1	55	37	6あヒデさん：<br />しっかし¨不死身なんて¨¨¨<br />信じられないよなぁ。<br />まっ、ずっと待ってるからな。<0xdb>ぉ	
S1966	1	675	411	ヒデさん：<br />ご、ごめんな。なんていうかさ、<br />ビビッちまって¨¨。<br /><arrow>八雲：<br />もういいって。しょうがねえよな。<br />オレだってきっと¨。<br /><arrow>サル：<br />本当に学校やめちまうのかよ？<br /><arrow>八雲：<br />ああ¨。なんてったってオレ¨<arrow><br />不死身の妖怪「无」だからな。<br /><arrow>パイと一緒に人間にもどれる方法を<br />捜してくるわ。<br /><arrow>タッちゃん：<br />妖怪って¨こないだみたいな戦いを<br />くり返すのか？<br /><arrow>八雲：<br />たぶんね。<br /><arrow>ヒデさん：<br />たぶんって¨おまえ¨し、死ぬなよ。<br /><arrow>八雲：<br />だから死ねないんだよ。不死身だから。<br /><arrow>タッちゃん：<br />それもそうだな。ハハハハハ¨¨¨¨。<br /><arrow>ヒデさん：<br />その人間に戻る方法って、<br />どこで手に入るんだ？<br /><arrow>八雲：<br />いや¨あてなんかないよ¨。<br /><arrow>とりあえず香港の専門家の所へ<br />行こうと思ってるけど。<br /><arrow>サル：<br />¨¨¨¨きっと帰ってこいよ。<br />みんなで、待ってるからさ。<br /><arrow>ヒデさん：<br />絶対だぞ。絶対帰ってこいよ。<br /><arrow>八雲：<br />ああ¨¨¨¨。<0xdb00>ぉい『あ八雲：<br />あ、あのさ¨¨¨¨¨。<br /><arrow>夏子：<br />あ、あはははははははははは。<arrow><br />おっかし～。なにマジになってんの？<br /><arrow>藤井くんたら、<arrow><br />妖怪の言うことなんて信じちゃって。<arrow><br />わ、私、藤井くんのこと<arrow><br />友達としか思ってないよ。<0xdb>ぉうウあ夏子：<br />気にしないで¨¨¨¨¨¨¨¨¨¨¨¨<arrow><br />私なんか気にしないで<br />行ってらっしゃい。<0xdb00>ぉうヂあ夏子：<br />グッ！	
S1967	1	185	109	¨¨¨¨¨¨¨¨¨¨¨¨¨。<0xdb00>ぉう４あ夏子：<br />気にしないだと？<0xdb>ぉう、あ夏子：<br />ハン、気にしてもらわにゃ困るよ！<0xdb00>ぉう<arrow>あ八雲：<br />て、てめえまだ生きてやがったのか！<br /><arrow>剛瘡鬼：<br />は、初めからオレはこの女と<br />同化していたのだ！<br /><arrow>こ、この女の命はオレの手の中にある。<br />助けたければオレを「无」にしろ！<br /><arrow>パイ：<br />アイヤー！	
S1968	1	83	52	どしたのあの娘！<br /><arrow>剛瘡鬼：<br />さあ、お、オレに不死身の体を渡すか<br />コイツを見殺しにするか、<br />え、選ぶがいい。<0xdb00>ぉえペあ八雲：<br />やめろぉ！	
S1969	1	88	60	おまえを<br />无にするなんてオレにできるわけね¨。<0xdb00>ぉえ・あ剛瘡鬼：<br />早くせんと手遅れになるぞ。<br /><arrow>オ、オマエにできねば¨¨¨<br />三只眼にさせるがいい！<0xdb00>ぉえ	
S1970	1	61	30	あ三只眼：<br />¨¨¨¨¨¨誰がキサマのようなゲスを<br />「无」にするものか。<br /><arrow>八雲：<br />三只眼！<br /><arrow>頼む！	
S1971	1	50	32	夏子を助けてくれよ！<br />アイツを不死身にしてやってくれ！<0xdb00>ぉおチあ<arrow>八雲：<br />早く！	
S1972	1	32	17	夏子を！<br /><arrow>三只眼：<br />小僧¨ワシをこき使うのか？	
S1973	1	248	153	もともと、「无」は我々三只眼の<br />身を守る道具、奴隸にすぎん。<br /><arrow>その「无」であるおまえが<br />ワシに命令するとは¨。<br /><arrow>八雲：<br />お、お願いします¨オレはあんたの<br />奴隸でも何でもかまわないですから¨。<br />夏子を助けてください！<br />お願いします！<br /><arrow>三只眼：<br />イヤ¨だね。¨あの女が生きようが、<br />死のうが、ワシには関係ない。<br /><arrow>さあ、先を<br />急ぐぞ。<br /><arrow>八雲：<br />クッ¨¨オマエなんかキライだ！<br />２度とオレの前に現れるな！<0xdb00>ぉかゾ	
S1974	1	101	64	不死身の体をくれてやる！<br /><arrow>オレに同化して、オレを乗っ取れ！<0xdb00>ぉか▼あ剛瘡鬼：<br />なるほど¨それもよかろう。<br />オ、オマエの体もらった！<br /><arrow>三只眼：<br />ちっ！<0xdb00>ぉきいらあッあ	
S1975	1	14	7	三只眼：<br />おろか者！	
S1976	1	150	86	こんなヤツも倒せんでは<br />ワシの奴隸はつとまらんぞ。<br /><arrow>八雲：<br />三只眼！<br /><arrow>三只眼：<br />¨¨こんどだけじゃからな。<br />キサマのわがままを聞いてやるのは。<br /><arrow>唵！！！！！！！！！！！！！！！！！<0xdb>ぉきヴあみんな：<br />帰ってこいよな！<br />早く人間になって¨¨¨。<0xdb00>ぉき２らあャあ	
S1978	1	415	276	おいで下さい。<0xdb00>[player]さんは<br />これを使えません。<br />構いませんか？<0xdcdb00>[player]さんは<br />これを装備できませんが<br />それでもいいですか？<0xdb00>やめるんですね？<0xdb00>では<br />別の人に渡しますか？<0xdb00>[player]さんは<br />持ち物が一杯です。<0xdb>どの品物を<br />売っていただけますか？<0xdb00>どの装備品を<br />売っていただけますか？<0xdb00>どの品物を<br />引き取りましょうか？<0xdb00>どなたの装備品を<br />売っていただけますか？<0xdb00>どなたの品物を<br />引き取りましょう？<0xdb><E7FC>なら<br /><E7FD>!?＄で<br />買い取ります。<0xdcdb>どうしますか？<0xdcdb00>それは残念¨。<0xdcdb00>どうも<br />ありがとうございます。<0xdb>ほかにも何か<br />引き取りますか？<0xdb00>お客様は売れるような物を<br />持ってませんが。<0xdb00>その品は<br />買い取れません。<0xdb00>どの説明をしましょう？<0xdb>ほかのものも説明しますか？<0xdb>へテへヌへヒへマへモへラへロへヴへゲへズへヂやへバ	
S1981	1	63	38	あっそうか、</speak><br /><arrow><speak>不死身なんだもんねぇ</speak>¨<speak>元気よね。<br />あ、あたしも元気よ。<br />やぁねぇ。当然じゃない！<0xdb>や	아 그렇군,</speak><br /><arrow><speak>불사신인걸</speak>¨<speak>잘 지내지<br />아, 나도 잘 지내<br />참나. 당연하잖아!<0xdb>や
S1982	1	32	21	毎日８時にあれをやり、<br />これをやる人がたくさん～。<br />え？	
S1983	1	28	19	町田町蔵だよ。<br />オレ好きなんだよねぇ。<0xdb>やあば	
S1984	1	64	47	大人なんて¨実際何も<br />わかろうとしないじゃないか！<br />こうなったら、オザキだ！<br />窓ガラス割りまくってやる！<0xdb00>やあゲ	
S1985	1	83	64	ベイベェ、今夜ボクの部屋で熱い熱い<br />ソフトクリームをなめてみないかい？<br />実際レコーディングがつらいんだ。<br />キミの¨キミの目はスゴクキレイだ。<0xdb>やあ→	
S1986	1	73	52	岡村くんって情熱的なのよねぇ。<br />あたしって押しの一手に弱いから、<br />もうダメかもしれない¨¨。<br />ああ、落ちてしまいそう。<0xdb>やいめ	
S1987	1	11	7	タッちゃん：<br /><speak>ゲッ！	탓짱<br /><speak>ゲッ！
S1989	1	58	38	コソコソと。</speak><br /><arrow><portrait_07>タッちゃん：<br /><speak>いやなに、ヒ、ヒデさんがいい本を手に<br />入れたっていうから</speak>¨¨。<0xdb>やいブ	슬금슬금</speak><br /><arrow><portrait_07>탓짱:<br /><speak>아니 뭐, 히, 히데 씨가 좋은 책을 손에<br />入れたっていうから</speak>¨¨<0xdb>やいブ
S1991	1	93	60	なんだよ突然！<br />もう人間になれたのかよ！</speak></portrait><br /><arrow><portrait_00>八雲：<br /><speak>いや、まだだけどね。<br />¨¨しかしキミたちは進歩がないね。<br />そんな本見てると頭がサビちゃうぞ。<0xdb00>やうい	
S1993	1	53	41	元気でやってるのか？<br />もっとちょくちょく遊びに来なさい。<br />みんな心配してるんだからな。<0xdb>やうぉ	잘 지내고 있냐?<br />좀 더 자주 놀러 오렴<br />다들 걱정하고 있다고<0xdb>やうぉ
S1994	1	39	25	なんだ、八雲。久しぶりだなぁ。<br />お前、最近なにしてんの？<0xdb00>やうモ	뭐야, 야쿠모. 오랜만이네<br />너, 요즘 뭐 하냐?<0xdb00>やうモ
S1995	1	69	44	最近、岡村くんの夏子への視線が<br />熱いのよ。<br />うかうかしてると、夏子を<br />岡村くんに、取られちゃうわよ！<0xdb00>やう 	요즘 오카무라 군의 나츠코를 향한 시선이<br />뜨겁다니까<br />멍하니 있다간, 나츠코를<br />오카무라 군한테 뺏긴다고!<0xdb00>やう 
S1996	1	46	33	世の中、どっちを向いても<br />華やいでるよな¨¨。<br />こーなったら合コンしよーぜ‼<0xdb>やう	세상은 어딜 봐도<br />화려하구나¨¨<br />こーなったら合コンしよーぜ‼<0xdb>やう 
S1997	1	69	45	俺の従兄弟が、音楽教師として<br />講華女学院で勤めることになったんだ。<br />うらやましい話だよな、全く。<0xdb00>やえぎ	
S2000	1	7	6	やな温やにわ	
S2001	1	7	6	やは鋭やひぅ	
S2002	1	68	55	どうぞ<br />ほかの物も<br />お返ししましょうか？<0xdb>預かっている品物がありません<0xdb>へヲへギへザへゾへデへブへピへァへォへョへ０へ４やへ８	자<br />다른 물건도<br />돌려드릴까요?<0xdb>맡아 둔 물건이 없습니다<0xdb>へヲへギへザへゾへデへブへピへァへォへョへ０へ４やへ８
S2009	1	73	50	岡村くんって、誰にでも<br />情熱的なのよねぇ。<br />でも、もうアタシの心は止まらない¨¨<br />ああ、本当にダメかもしれないっ¨¨‼<0xdb>やいめ	
S2017	1	117	79	世の中、どっちを向いても<br />華やいでるよな¨¨。<br />こーなったら合コンしよーぜ‼<0xdb>やう鋭俺の従兄弟が、音楽教師として<br />講華女学院で勤めることになったんだ。<br />うらやましい話だよな、全く。<0xdb00>やえで	
S2018	1	7	6	やて温やとょ	
S2020	1	7	6	やな温やにん	
S2021	1	7	6	やに温やぬケ	
S2022	1	68	52	どうぞ<br />ほかの物も<br />お返ししましょうか？<0xdb>預かっている品物がありません<0xdb>へゾへデへブへピへァへォへョへ０へ４へ８へ2へ6やへ 	자<br />다른 물건도<br />돌려드릴까요?<0xdb>맡아 둔 물건이 없습니다<0xdb>へゾへデへブへピへァへォへョへ０へ４へ８へ2へ6やへ 
S2037	1	45	32	君ィ‼<br />メガドライブのソフト買うんだったら<br />これなんかどうだい!?<br /><arrow>『聖魔伝説	君ィ‼<br />메가드라이브 소프트 살 거면<br />これなんかどうだい!?<br /><arrow>『聖魔伝説
S2038	1	66	35	３×３ＥＹＥＳ』‼<br />発売が延びてたけど<br />やっと入荷したんだ！<br />出てよかったぁ～¨¨。<0xdb00>かい』あぉこい「つあよソ	
S2039	1	69	50	それがドコの制服かって？<br />オタクも、ぱいちゃんのファン？<0xdb>ぱいちゃんって本当に<br />可愛いよなぁ¨¨。<0xdb00>かい』あャこい「つあルソ	
S2040	1	60	39	それがドコの制服かって？<br />お兄さん、制服マニア？<0xdb00>なんか、ヒマだよな¨¨。<br />ゲームでもやるかな¨¨。<0xdb>やあ、	
S2041	1	28	16	む!?<br />あなた¨¨‼<br />女難の相が出てますよ‼<0xdb>やあ	む!?<br />あなた¨¨‼<br />여난의 상이 나왔어요‼<0xdb>やあ
S2043	1	163	102	その雑誌の写真¨¨。<br />講華女学院の生徒さんね。<br /><arrow>この病院へも講華の生徒さんが<br />時々来るから間違いないと思うわ。<br />世田谷にある、おじょうさん学校よ。<0xdb00>先生ったら、病人が女子高生だと<br />すぐ喜んじゃって<br />女の子たちが困ってるのよね。<0xdb>かい『うわやい	
S2044	1	295	221	人探しでしたら<br />この店の前の広場も<br />ごらんになるとよいですよ。<br /><arrow>待ち合わせの学生さんとかが<br />いますしね。<0xdb>いらっしゃいませー。<br />どういった服を、お探しですか？<br />後ろの男性にはダブルのスーツなど<br />いかがでしょう。<0xdb>かい<br />う，やうヘ今日はこの先のディスコで<br />ダンス・コンテストがあるんだ！<br /><arrow>今日こそ狙うぜ、ダンス・キング‼<br />そのためにはやっぱり、<br />衣装選びしなくちゃだよな。<0xdb>チクショー‼<br />どうせ、俺はダサイ男だよ‼<br />うっうっうっ¨¨。<br /><arrow>でも、あきらめるもんかっ‼<br />次こそイカした格好で<br />ダンス・キングをねらってやるーッ‼<0xdb>やえと	
S2045	1	83	57	あなた、前<br />「カルチャー・ショック」にいた子ね？<br />真行寺さん、この店のお得意様なのよ。<br />よろしく伝えてちょうだいね。<0xdb00>かい<br />えＧい』え・やえヒ	
S2046	1	307	217	大通りの南にある、ディスコ<br /><br />『マリオネット』を知ってる？<br /><arrow>今日はそこで、クィーン・コンテストが<br />あるのよ。<br />何着て行こうかしら、はりきっちゃう♥<0xdb00>ディスコ・クィーンの座は<br />今回も、私のものよ‼<br />ホーッホッホッホッホッホッホ¨¨。<0xdb>あんな、小娘に私が破れるなんて¨¨‼<br />甘かったわ。<br />次こそ、ダンス・クィーンの座を<br />取り戻してみせるから‼<0xdb00>かい<br />おテやおぞショック‼<br />買おうと思った服が、入らないーッ‼<br />ダイエットしなくっちゃだわ‼<0xdb00>ショック‼<br />ダイエットに成功したと思ったら、<br />反動で食べ過ぎて<br />また太っちゃったみたい¨¨。<0xdb00>やおャ	
S2047	1	74	51	君、ルックスも声もバッチリ‼<br />その気になりゃスター間違いなしよ!?<br />女子校制服の似合うアイドルとして<br />売り出そう‼<0xdb00>やお	너, 외모도 목소리도 완벽해‼<br />마음만 먹으면 스타는 따 놓은 당상!?<br />여고 교복이 어울리는 아이돌로<br />売り出そう‼<0xdb00>やお
S2048	1	51	39	でもぉ<br />パパやママが何て言うか、<br />わかんないしぃ。<br />学校もそういうのには厳しいしぃ。<0xdb>やかよ	でもぉ<br />아빠 엄마가 뭐라고 할지,<br />모르겠고<br />학교도 그런 건 엄격하고<0xdb>やかよ
S2049	1	62	46	ここはタレント事務所だよ？<br />君たちなら、タレントというより<br />お笑いの方が、<br />向いてるんじゃないかなあ。<0xdb00>かい	여긴 연예 기획사야?<br />너희라면, 탤런트보다는<br />개그 쪽이,<br />맞지 않을까<0xdb00>까이
S2050	1	47	30	うーん、その制服ねぇ¨¨。<br />時々見かけるんだが<br />なんて学校だったかなあ。<0xdb>そう‼	
S2051	1	52	34	思い出したけど<br />君が見せた写真の制服って<br />講華女学院じゃなかったっけ。<0xdb00>おっ	
S2052	1	51	35	色っぽい美人、<br />連れてるじゃないの！<br />君も若いのに、やるねぇ。<0xdb00>かい』きスこい「つきみソ	
S2053	1	137	84	おっ！<br />『街で見かけた素敵なおじょうさん』？<br />可愛いねぇ！<br /><arrow>やっぱ、なるんなら高校教師かな‼<0xdb>講華女学院で生物教えてる俺の従兄弟が<br />最近、教え子とけっこんしたんだよ。<br /><arrow>やっぱ、オイシイよなぁ¨¨高校教師‼<0xdb00>ゅ	
S2054	1	181	130	うーん、その制服ねぇ¨¨。<br /><arrow>この辺じゃよく見かけるけど<br />うちの店には学生は来ないから<br />はっきり覚えてないわねぇ¨¨。<0xdb><arrow>あそこに座っている黒服の人なら<br />ディスコにお勤めだから<br />案外、高校生とかに詳しいかもよ。<br />聞いてみた？<0xdb>あそこに座ってるボーヤ、<br />どっかで見覚えがあるのよねぇ。<br />どこでだったかしら。<0xdb00>やくザ	
S2056	1	42	30	君もそうなのかい？<br /><arrow>じゃ、君も何かに追われているんだね。<0xdb00>かい￥けチやく	자네도 그런가?<br /><arrow>그럼, 자네도 뭔가에 쫓기고 있군<0xdb00>かい￥けチやく
S2057	1	323	208	ここから西へ行くと世田谷だ。<br /><arrow>親父が世田谷の方に、配達に出てて<br />店番、頼まれてんだ。<br />デカイ屋敷が多くて大変なんだってさ。<br /><arrow>おまけに門の閉まっている家は<br />入れないから<br />御用聞きも出来ないらしい。<0xdb00>そういえば、うちのおとくい様の<br />世田谷の九十九さん、最近電話かかって<br />来ないなぁ¨¨。<br /><arrow>一人暮しで、アトリエに<br />こもりっきりなのに<br />食べ物、配達しなくて大丈夫なのかな。<br /><arrow>君、近所を通りかかったら<br />のぞいてみてくれない？<br /><arrow>九十九さん家は、世田谷の南西にある<br />３階建ての茶色い屋根の家だ。<0xdb>やこめ	
S2058	1	109	67	客が全然来なくて<br />ヒマなんだよ。<br /><arrow>久しぶりに、世田谷の人形師の<br />九十九さん家にでも<br />遊びに行こうかな～¨¨。<br />新作の人形も見たいし¨¨。<0xdb>かい←さわかい￥させこい「つこ２ソ	
S2059	1	161	101	その雑誌の写真¨¨。<br />それは私立講華女学院の制服よ。<br />私の妹も講華の生徒なの。<br /><arrow>ほら、そこにいる子も<br />講華女学院の子じゃないかしら。<0xdb>何だか、お隣のディスコの前が<br />騒々しいわねぇ。<0xdb00>いらっしゃいませー。<br />彼女にプレゼント？<0xdb00>かい』さ2かい」さラやさア	
S2060	1	268	183	このペンダント、きれいーっ！<br />どれにしようかな♥<br />うーん、迷っちゃう。<0xdb>講華女学院なら<br />この店の前の道を左に進んで<br />つきあたりをまっすぐ北に歩けば<br />行けるわよ。<0xdb>こっちのイヤリングも、可愛いナァ♥<br />アーン、迷っちゃう。<0xdb00>かい」しほやさ<arrow>ここが原宿だよ。<br /><arrow>情報を集めたいんなら<br />お店の人とかにも聞いてみるといい。<br />結構、色んなこと知ってるぜ。<0xdb>ここが原宿だよ。<br /><arrow>寄り道しようか、<br />家に帰って勉強しようか、<br />どうしようかな¨¨。<0xdb00>かい』し＄こい「つしナソ	
S2061	1	160	106	お前の持ってるその雑誌の写真、<br />講華女学院のぱいちゃんだろ？<br />今、密かに話題なんだぜ！<br /><arrow>俺もさっき、この先の広場で<br />本人を見たけど<br />やっぱバツグンに可愛かったぜ！<0xdb00>相変わらず、せかせかと<br />いそがしそうだな、八雲。<0xdb00>かいＮ8かい<0xdb>すボかい』すテこい「つすつソ	
S2062	1	165	108	あら、それ¨¨。この前、ぱいちゃんが<br />この辺で写された写真ね。<br /><arrow>ぱいちゃんは私と同じ、<br />世田谷の講華女学院の２年生よ。<0xdb>あら、さっき雑誌持って<br />ぱいちゃん探してた人じゃない。<br />ぱいちゃんには、会えた？<0xdb00>あら、あなた¨¨。<br />やっと、ぱいちゃんに会えたのね。<br />よかったわね。<0xdb>えっ？	
S2063	1	28	21	あたしィ？<br />やだ、アタシ、ナンパされたの初めて‼<0xdb>やす	나아?<br />어머, 나, 헌팅당한 거 처음이야‼<0xdb>やす
S2064	1	196	143	あら、八雲くんじゃない。<br />これから講華の先生とデートなのよ。<br />うふふ、邪魔しないでね♥<0xdb00>かい』せヌやせねねぇねぇ、トミーを見なかった？<br />今この原宿に来てるらしいのよ‼<br />やだ、あなたトミーも知らないの!?<br />ジャネーズ事務所一の売れっ子なのに‼<0xdb>あーん、トミーが見つからないのよ。<br />おかしいわねぇ、まちがいなくこの辺に<br />いるはずなのに¨¨。<0xdb>かい￥そ	
S2065	1	196	146	やせョ困ったわねぇ¨¨。<br />トミーったらどこへ行ったのかしら。<br /><arrow>撮影の時間に遅れたら<br />怒られるのはマネージャーの私なのに！<br />また、どこかのお店に入って<br />隠れているのね！<0xdb>トミーが行きつけのカフェ・バーは<br />確か、この辺だったはずだけど¨¨。<br /><arrow>なんでも、ディスコの店員と<br />よく、そのお店で一緒になって<br />すっかり顔なじみになったとか。<0xdb>かい<br />たわかい←そ	
S2066	1	241	165	かい￥そァやそヒ今日はこのディスコで<br />ダンス・クィーンのコンテストが<br />あるらしいのよ。<br /><arrow>がんばるわ‼<0xdb>このディスコ、今日はコンテストが<br />あるはずなんだから<br />『本日貸切り』なんて絶対、変よ‼<br /><arrow>店の人、どこかその辺にいないかしら。<br />いたら絶対鍵を開けてもらうのに¨¨。<0xdb00>¨¨¨¨¨¨変なもの見ちゃった。<br />連日、踊りすぎで<br />疲れてるんだわ、きっと。<0xdb00>今日も夜はディスコで<br />燃えつきるわ‼<0xdb00>かいＲ4かい￥ちせこい「つたヘソ	
S2067	1	446	306	ぱいちゃんの写真じゃん‼<br />俺、ファンなんだ♥<br /><arrow>彼女この辺で時々見かけるけど<br />仲のいい友達二人と<br />いつも一緒なんだよな。<br /><arrow>ちなみに彼女の通っている講華女学院は<br />ここから西に少し歩いて<br />世田谷に入った所を北へ進んだ所に<br />あるぜ！<0xdb>そこのディスコの店員さ、<br />普段は、この店の裏のカフェ・バーに<br />入りびたりらしいよ。<br /><arrow>ディスコの支配人が<br />「いつかクビにしてやる」って<br />いっつも怒ってんの知ってんだ、俺。<0xdb00>おおーっっ!?<br />お前が連れてるの、<br />綾小路ぱいちゃんじゃん‼<br /><arrow>チクショウ、俺だってファンなのに<br />ぬけがけしやがったな‼<0xdb>どっかに可愛い娘、いねーかなー¨¨。<0xdb>かい<br />つややち『相棒の奴、夜だけでなく<br />この時間からも仕事してくんねーかな。<br /><arrow>どーせ西側の通りの、いつもの店で<br />休んでるだけに決ってんだから¨¨。<0xdb00>俺も踊りてーなー¨¨。<0xdb>やつず	
S2068	1	168	121	当店は服装チェックのような<br />流行らないマネは致しませんが¨¨。<br />おしゃれなイメージは大事にしてます。<br /><arrow>言いにくいのですが、後ろの男の方は<br />少々難が¨¨。<0xdb>かい<br />つ；やつゥ今夜はディスコ・コンテストが<br />あるんですよ。<br />ぜひ参加して下さいね‼<0xdb>エーブリッバーディッ<br />ダーンス・ナーウッ‼<0xdb>かい<br />つ	
S2069	1	54	38	やつ<speak>今夜のコンテスト、<br />クィーンの座はいただきよ‼<0xdb00>踊りに夢中で、聞いちゃいない。<0xdb>やてに	
S2070	1	105	79	踊りに夢中で、聞いちゃいない。<0xdb>かい<br />てぴやてげみんなぁっ‼<br />私を見てぇーッ‼<0xdb>ほーっほっほっほっほっほ‼<br />私ってば、クィーンのかんろく、<br />ばっちりねっ‼<br />何やらせてもピカイチの女よ‼<0xdb>やてヴ	
S2071	1	81	52	踊りに夢中で、聞いちゃいない。<0xdb>かい<br />て やてゥ絶好調‼<br />今夜のコンテストは自信があるわ‼<0xdb00>踊りに夢中で、聞いちゃいない。<0xdb>やて『	
S2072	1	27	19	踊りに夢中で、聞いちゃいない。<0xdb>かい<br />とつやて	
S2073	1	59	40	実はアタシ、中学生なの。<br />先生に見つかったらヤバイよね。<0xdb>踊りに夢中で、聞いちゃいない。<0xdb>やとれ	
S2074	1	73	50	踊りに夢中で、聞いちゃいない。<0xdb>かい<br />とサやとぺボーヤも一緒に踊りましょうよ‼♥<0xdb00>踊りに夢中で、聞いちゃいない。<0xdb>やとモ	
S2075	1	23	16	踊りに夢中で、聞いちゃいない。<0xdb>やとヂ	춤에 정신이 팔려 듣지 않는다<0xdb>やとヂ
S2076	1	23	16	踊りに夢中で、聞いちゃいない。<0xdb>やとヵ	춤에 정신이 팔려 듣지 않는다<0xdb>やとヵ
S2077	1	23	15	踊りに夢中で、聞いちゃいない。<0xdb>やと(	춤에 정신이 팔려 듣지 않는다<0xdb>やと(
S2078	1	23	15	踊りに夢中で、聞いちゃいない。<0xdb>やと×	춤에 정신이 팔려 듣지 않는다<0xdb>やと×
S2079	1	121	88	エーブリッバーディッ<br />ダーンスナーウッ‼<0xdb00>かい<br />なねやと岸この黒服さん、カッコイイの♥<br />彼、お目当てで通ってるのよ。<0xdb>ここの黒服さん、カッコイイの♥<br />もうメロメロよぉ～っ<br />きっと、彼を手に入れてみせるわ‼<0xdb>やなゃ	
S2081	1	96	63	友達とここで待ち合わせてんの♥<br />今日は原宿で遊ぼうって<br />約束してるのよ。</speak><br /><arrow><speak>お店の中や通りの人とは<br />話をしてみた？<br />原宿は楽しいことでいっぱいヨ♥	
S2082	1	636	439	俺は高校生とかより<br />大人の女が好みなんだよナ。<br /><arrow>マブイねーちゃん、連れてんじゃん‼<br />赤いクンフー服がイカシてるぜ！<br /><arrow>大通りの南端にあるディスコを<br />知ってるかい？<br />俺、夜はそこで働いているんだ。<br /><arrow>もしうちの店に行きたくなったら<br />また、ここへ来いよ。<br />ねーちゃんがエラク気に入ったから<br />割引券をサービスするぜ♥<0xdb00>おう！<br />ディスコに来る気になったかい？<br /><arrow>¨¨けど、話しをしようにも<br />あんた、ずいぶん重そうな荷物だな。<br />俺は、重いのダサイのはキライなんだ。<br /><arrow>もちっと、身軽になってから<br />話を聞いてやるよ‼<0xdb00>おう！<br />ディスコに来る気になったかい？<br />そんじゃあ、割引券を¨¨¨¨<br /><arrow>¨¨¨え？<br />ディスコが『本日貸切り』になってて<br />友達が閉じ込められてる？<br /><arrow>うちのディスコが<br />そんなことするわきゃねぇだろ！<br /><arrow>うたがうなら、鍵を貸すから<br />入って確かめてみろよ。<br /><arrow>八雲は『ディスコの鍵』を手に入れた。<0xdb>どうだい、ディスコ行って<br />調べて来たかい。<br />ちゃんと、ドア開いただろ？<0xdb>な？<br />俺の言った通りだったろ？<0xdb00>お前らに店の鍵をかしたことが<br />バレちまって¨¨実は俺、<br />バイト、クビになってよ。<br /><arrow>¨¨¨¨ま、しょっちゅう休んでばかり<br />いたしな¨¨。<br />なんか、いいバイトないか？<br />もし、あったら紹介してくれよ。<0xdb00>かい←ね	
S2083	1	266	187	やね2踊ってたら、変な女に<br />急に追い出されたのよォ。<br />いったい、どーなってんのよォ。<0xdb>なんか、今スゴイものが<br />ディスコの中から飛び出して<br />走ってったような気がするけど¨¨。<br />み、見まちがいよね。<0xdb>かい←のヒやのよさっき怪しい女が<br />このディスコに入るのを見たんだが¨¨<br />どうも、女の子が一人<br />中で閉じ込められてるみたいなんだよ。<0xdb00>さっき、マネキンみたいに<br />無表情な女が、スゴい勢いで<br />世田谷の方へ走ってったぜ。<br />不ッ気味ィ～。<0xdb>こい「つの こい『ての ゆの、	
S2087	1	14	7	私、忘れないから</speak>¨¨。	
S2095	1	55	33	出ておいで</speak>‼<0xdb00>ぉみねあ<portrait_07>木霊：<br /><speak>お前たちは三只眼をお父さまの所へ<br />連れてお行き‼	
S2105	1	25	16	効果→ダンジョンの入口に戻る<br /><return_p>やわケ	효과→던전 입구로 돌아간다<br /><return_p>やわケ
S2109	1	7	6	やを温やんぁ	
S2111	1	7	6	やん鋭やがア	
S2114	1	7	6	やが断やぎゃ	
S2115	1	53	41	やづ鋭いらっしゃいませ。<br />どういった御用でしょう？<return_p>よく来たな。<br />うちはいいもんがそろってるぜ。	
S2213	1	70	48	はぁー¨¨。恋って切ない¨¨。<br />こんな想いを、いったい誰に<br />相談すればいいのっ？<br />お星さまのバカッ<0xdb00>かい<br />あゲこい」つあれソ	
S2214	1	177	118	お兄さんもぱいちゃんのファン？<br />こないだも、同じ本を持って<br />訪ねに来た人がいたわ。<br /><arrow>まるで人形のように<br />妙に無表情な人だったけど¨¨。<0xdb>あ～ら、お兄さんたち転校生？<br />¨¨なんてわけ、ないわよねぇ。<0xdb00>かい<br />あ×やあ0綾小路さんなら知っとるよ。<br />優しくて、ええ生徒さんじゃ。<0xdb>わしに何か用かね？<0xdb>やあ	
S2216	1	43	31	次の試合では、私たちの新しい技を<br />見せてやりましょうね、こずえ‼<0xdb>やいぼ	다음 시합에선, 우리의 새 기술을<br />보여 주자, 코즈에‼<0xdb>やいぼ
S2217	1	27	17	いやーッ‼<br />先輩、変な男がいるーッ‼<0xdb00>やいマ	いやーッ‼<br />선배, 이상한 남자가 있어요‼<0xdb00>やいマ
S2218	1	47	30	何だ、お前はッ‼<br />女子更衣室は、神聖なものだ‼<br />のぞくんじゃないッ‼<0xdb>やいャ	뭐야, 넌‼<br />여자 탈의실은 신성한 곳이다‼<br />훔쳐보지 마‼<0xdb>やいャ
S2220	1	227	151	男の人じゃない‼<br />あなた、いい身体してるわね♥<br />モデルになってくれない？<0xdb>かい<br />うみやい<arrow>最近多いのよね～ッ<br />綾小路さんを見に、学校まで来る人が。<br />女の子は綾小路さんだけじゃ<br />ないっつーの‼<0xdb00>部外者は、本を借りることは<br />できないわよ。<0xdb00>かい<br />うユやうぴぱいちゃんだったら２年生だから<br />二階の教室よ。<br />そっちの教室、のぞいて見れば？<0xdb00>何か面白い本、ないかしら¨¨。<0xdb>やうデ	
S2221	1	139	90	本、読みたいんだったら<br />これなんかおすすめよ！<br /><arrow>魂を食べられて不老不死になった少女が<br />自分を不死にした妖怪の男の子を探して<br />世界を旅して歩く物語‼<br />剣と魔法のオリエンタル冒険活劇よ♥<0xdb>かいＥ<arrow>かい<br />え，やえは	
S2222	1	290	194	私はぱいちゃんと小学校の時から<br />一緒だったけど¨¨。<br /><arrow>行方不明になってた半年の間に<br />どうも性格が変わったみたい¨¨。<br /><arrow>でも事故で両親を失って、その上、<br />記憶喪失になってしまったんだもの。<br />無理もないわよね。<br /><arrow>事故のせいで額に不思議なあざまで<br />できてたわ。<0xdb>あら、ぱいちゃん。<br />その人たち、お友達だったの？<0xdb>ぱいちゃん、最近しばらく<br />学校休んでたんだけど<br />また、少し感じが変わったみたい¨¨。<br /><arrow>でも、すっごく生き生きしてて<br />幸せそう。<br />よかったわ。<0xdb00>かい<br />おルこい」つおぴソ	
S2223	1	85	65	それ、今ひそかにうわさの本ね‼<br />ぱいちゃんったらいーなァ<br />こんなに大きくのっちゃって。<0xdb>困ったわ！<br />宿題のプリント、なくしちゃった！<0xdb>かい<br />かえこい」つお２ソ	
S2224	1	337	210	その雑誌にのっているのは<br />二年生の綾小路さんではありませんか‼<br />こんないかがわしい本にのって¨¨。<br />早速、職員室に呼び出さなくっては‼<0xdb>抜打ちテストは、教師の快感だけど<br />採点するのが、面倒ねぇ¨¨。<0xdb>かい<br />か、やかず僕はただ、一人の女性として<br />彼女を愛しただけなのに¨¨。<br /><arrow>生徒たちの冷たい視線¨¨¨。<br />教師たちの冷たい視線¨¨¨。<br />ＰＴＡの激しい攻撃¨¨¨¨。<br /><arrow>ああ、やはり教師と生徒の恋愛とは<br />許されないものなのか!?<0xdb>もういいっ‼<br />気にすんのやめた‼<br /><arrow>どーせ、僕たち、けっこんしたんだし！<br />生徒と恋愛して何が悪いってんだよ‼<0xdb00>やきい	
S2225	1	67	48	テストの採点が残ってんだけど¨¨。<br />今日は、ちゃっちゃと帰って、ディスコ<br />『マリオネット』に行きたいのよねぇ。<0xdb00>やきぺ	시험 채점이 남았는데¨¨<br />오늘은 후딱 돌아가서, 디스코<br />『마리오네트』에 가고 싶단 말이야<0xdb00>やきぺ
S2227	1	23	14	フフフフ¨¨¨。<0xdb00>かいＩょかい<br />くぎやきァ	フフフフ¨¨¨。<0xdb00>かいＩょかい<br />くぎやきァ
S2228	1	244	167	綾小路さんって、半年前に両親と一緒に<br />事故で亡くなったと思われてたのが<br /><arrow>最近になって生きてたことが<br />わかったのよ。<br /><arrow>でも、事故のショックで記憶喪失に<br />なってしまって¨¨¨おじいさんたちの<br />ことも全然覚えてなかったらしいわ。<br />かわいそうに¨¨。<0xdb>あら、綾小路さん。<br />その人たち、知り合いだったの？<0xdb>綾小路さん、しばらく休学してたけど<br />元気に学校に出て来るようになって<br />本当によかったわ！<0xdb>かい<br />く	
S2229	1	14	10	やくブぱいちゃんの家¨¨？	
S2230	1	155	113	さあ¨¨彼女の<br />友達のケンケンやドンちゃんだったら<br />知ってると思うけど。<br /><arrow>それより、お兄さん！<br />私、パソコンでオリジナルのゲームを<br />作ってみたのよ！<br />やってみない？<0xdb00>こないだ作ったパソコン・ゲーム、<br />バグが出ちゃって、次に進めないの。<br />我ながら頭にくるわ！<br />キーッ‼<0xdb00>やけぢ	
S2231	1	63	46	ベイベー、そんなにボクの歌が<br />聞きたいのかい？<br /><arrow>いいとも、いくらでも聞かせてあげる。<br />ラララ～ラ、ラララ～♥<0xdb>やけル	
S2232	1	69	47	いつものように<br />早く歌ってくれないかしら♥<br />徳永先生の歌って、サイコーなのよッ‼<br />キャ♥<0xdb>かいＫぅかい<br />こげはけ，い×	
S2233	1	213	150	ぱいちゃんだったら、もう帰ったわよ。<br />お家の方をたずねてみたら？<br /><arrow>お家は公園より少し北西の、<br />玄関のドアの両側の外灯が目印よ。<br />おじいさんとおばあさんと<br />三人で暮らしてるんですって。<0xdb00>あら、お兄さん。<br />ぱいちゃんと会えたのね。<0xdb>ぱいちゃん、しばらく学校を<br />休んでたけど<br />学校に戻って来てから、感じが少し<br />変わったみたい。<0xdb00>かい￥こ『やこヂぱいちゃんの家？	
S2234	1	157	108	さてはアンタね‼<br />最近学校帰りに、ぱいちゃんを<br />つけてるとかいうのは‼<br />あの子すっかり恐がってんのよ‼<0xdb00>先生ってば、また悩んでるのかしら。<br /><arrow>他の人なんて関係ないわよ！<br />誰にも私たちの恋は邪魔させないわ‼<br /><arrow>なんちゃってね、うふふ¨¨。<br />やぁ～ん、照れちゃう♥<0xdb00>やさざ	
S2235	1	67	42	今はまだ、教頭だが<br />いずれは私が、校長の座に‼<br />校長の生ぬるいやり方では<br />寄付金は集まらん¨¨‼<0xdb>やさラ	지금은 아직 교감이지만<br />언젠가는 내가, 교장 자리에‼<br />교장의 미지근한 방식으로는<br />기부금은 안 모인다¨¨‼<0xdb>やさラ
S2239	1	7	6	やね鋭やのマ	
S2240	1	7	6	やは断やひキ	
S2242	1	50	36	どうぞ<br />ほかの物も<br />お返ししましょうか？<0xdb>預かっている品物がありません<0xdb>や「や×や→や<arrow>や	자<br />다른 물건도<br />돌려드릴까요?<0xdb>맡아 둔 물건이 없습니다<0xdb>や「や×や→や<arrow>や
S2271	1	105	73	私のおじいちゃんは若い頃、<br />中国に伝わる昆侖っていう<br />聖なる地へ行く道を探してたんだって。<br /><arrow>まだ家に聖地に行くための道具とやらが<br />いくつか残ってると思うけど¨¨。<0xdb>や	
S2272	1	63	41	あー、日本からのぉー、<br />遺跡の調査団の皆さんがきとるよ。<br />隊長は野中博士とかいうとったなあ。<0xdb00>や	
S2273	1	71	58	温ポカラにようこそ。<br />うらぶれててさびしい町だけど<br />これでもチベットの中心地として<br />がんばっているのよ。<0xdb>かえーいざかえ．あ６やあぞ	
S2274	1	289	193	あんたが藤井教授の息子だって？<br />野中博士から行方不明だと聞いてたが、<br />教授は亡くなってたのか¨¨。<br /><arrow>気を落とすなよ。<br />俺達にできることがあったら<br />言ってくれ。<br />協力するから¨¨。<0xdb>古文書には、昆侖という聖なる地に続く場所に<br />香炉をおさめて血を捧げると聖地に<br /><arrow>行けるって書いてある¨¨。<br />つまり、香炉があっても<br />香炉を使う場所がわからないと<br /><arrow>だめなわけよ。<br />だから俺達も苦労してるわけだ。<0xdb00>聖なる地について<br />何かわかったかい？<0xdb>かえーうァいえ．うずえ・やいケ	
S2275	1	159	102	我々は野中博士を隊長とし、<br />世界に点在する昆侖と呼ばれるものを<br />調査中なのだ！<br /><arrow>今度は水晶宮という洞窟を<br />調査するつもりだったのだが<br />気味の悪い男が現れてなあ。<br /><arrow>水晶宮に近づくなっておどすんだ。<br />闇の王の无がどうとか言ってたな。<br />え？	
S2276	1	195	133	どんな男かって？<br /><arrow>黒づくめの格好をして<br />丸いサングラスをつけた<br />小ぶとりの男だったけど<br />それが何か？<0xdb>そういや数日前、<br />黄とかいう中国の金持ちが<br />やって来たんだよ。<br /><arrow>町に住む老人の持っていた香炉の事や<br />三ッ目の模様が入った剣の事を<br />聞いてったぞ。<0xdb00>昆侖について何かわかったら<br />俺達にも教えてくれよ。<0xdb>やう、	
S2277	1	81	61	選ばれし民のみが通ることのできる<br />聖なる地へ続く場所があるそうだ。<br />中国では昆侖と呼ばれているそうだが。<0xdb>かえーえ＄いえ．えペえ・やえた	
S2278	1	74	43	この前、黒い服に黒い帽子、<br />丸いサングラスをつけた<br />太った男が現れ、我々に忠告を¨¨。<br /><arrow>「水晶宮には近づくな。	
S2279	1	17	13	これから闇を統べる王の无が	
S2280	1	299	204	聖地より降りてこられる。」って。<br />どういうことなんでしょうね、一体。<0xdb00>水晶宮に<br />中国人の女性が向かったらしいんです。<br />最近は地震が多いから<br />あぶないと思いますよ。<0xdb>水晶宮が崩れたらしいけど<br />この前、あそこに向かった女性は<br />大丈夫かなあ¨¨。<0xdb>かえーおアやおたラサって町を知ってる？<br />なんでも三ッ目の神様の像を<br />あがめたりする<br />宗教色の強い神秘的な町だそうよ。<0xdb>水晶宮が崩れて<br />秘境ラサに続く道は開通したし、<br />湖も大きくなって<br />この辺りの水の心配もなくなりそうね。<0xdb>かえーお	
S2281	1	110	81	やおォ昔は秘境ラサに行く道が<br />北の山間にあったそうじゃが<br />けわしい道じゃったから、<br />いつの間にか道もなくなってしまった。<0xdb00>ラサへの道ができて<br />我々も<br />より信仰が深められそうですよ。<0xdb>ゅ	
S2282	1	257	173	かえーかデやかふ黄とかいう女性は<br />この町に住む老人から<br />三ッ目模様の剣を買ってったんだ。<br /><arrow>僕たちも昆侖の手がかりになると思って<br />売ってもらおうとしたんだが<br />やっぱり金持ちには<br />かなわないねえ¨¨。<0xdb00>野中博士は<br />まだ竜門石窟にいるって話だけど<br />元気かな？<0xdb00>かえーか、やか<arrow>藤井教授が<br />本当になくなっていたなんて¨¨。<0xdb00>野中博士も<br />藤井教授が本当に亡くなっていたのを<br />知ったら、悲しむでしょうね¨¨。<0xdb>やきに	
S2284	1	135	106	かえーき６やきヒこの娘さん、これからデートだそうで<br />浮かれまくってるんですよ。<br />これじゃ着付けに時間がかかって<br />しょうがないねえ。<0xdb>この娘さん、またデートらしいんだけど<br />彼氏が毎回違うんですよ。<br />男の人と縁がないんですかね？<0xdb>かえーくケやき	
S2285	1	339	229	水晶宮ってロマンチックな名前でしょ？<br />自然にできた、一年中<br />氷の溶けないきれいな洞窟なの。<br /><arrow>恋する若い男女でそこに行けば<br />必ず二人は結ばれるんだって。<br />素敵ね¨¨。<0xdb00>水晶宮が地震で湖の底に<br />沈んじゃったんだって。<br />恋する男女が結ばれるっていう伝説も<br />これでおわりなのね¨¨。<0xdb00>かえーけえやく２うちの娘が言う事を<br />真に受けちゃだめよ。<br /><arrow>あそこは昔から<br />神様が聖なる地から降りてくる<br />普通の人は近づいてはならない<br />神聖な場所なんだからね。<0xdb>あの水晶宮っていうのは<br />本当に神様がいる場所へと続く<br />神聖な場所だったんでしょうかね。<0xdb>ゅ	
S2286	1	81	56	かえーけヴやけア中国から来た金持ち、ええと<br />黄っていったかな¨¨。<br />えれえ美人だったなあ。<0xdb>きれいな女の子が<br />また現れないかなあ¨¨。<0xdb00>ゅ	
S2287	1	119	89	やけ２水晶宮に美人でゴージャスな女性が<br />出かけっていったらしいわ。<br />ま、私のピチピチナイスボディーには<br />勝てないでしょうけどね。<0xdb>水晶宮に出かけた女性って<br />あんた達の知合いだったんですって？<0xdb>かえーさ	
S2288	1	597	391	宝物なぞ、<br />わしゃ持っとらんぞ。<0xdb>聖なる地にまつわる道具？<br /><arrow>２つばっかし持っとったが、<br />聖地探しも楽じゃなかったから、<br />処分しちまったよ。<br /><arrow>三ッ目の模様の入った剣は黄とかいう博士に売っちまった。<br />ちょっと金に困ってたんでな。<br /><arrow>同じ模様の入った香炉も、<br />昆明の町にある古物商に<br />売っちまったよ。<br /><arrow>え、あんたが藤井教授の息子さん？<br />それならこの紙をあげよう。<br />香炉についてた物だ。<br /><arrow>何年くらい前だろうか、聖地についちゃ<br />教授には色々教えてもらったからな。<0xdb>あや、持ち物が一杯だぞ。<br />どうにかしてから<br />もう一度おいで。<0xdb00>『古文書』を入手した。<0xdb00>この町に藤井教授の友人だった<br />野中博士の探検隊がいる。<br />彼らなら古文書くらい<br />読めるかもしれんな。<0xdb00>そうか、藤井教授は<br />他界されたか¨¨。<br />残念じゃのう¨¨。<0xdb>かえーしノやしに水晶宮と呼ばれる洞窟が<br />ここより北にあるが、<br />決して近づいてはならんぞ。<br /><arrow>最近は地震が多く、<br />いつ崩れても不思議はないからな。<0xdb00>地震で水晶宮はこわれてしまったが<br />ラサへ通じる道がそのおかげで<br />できたそうじゃよ。<0xdb00>ゅ	
S2296	1	7	6	やの鋭やはぞ	
S2298	1	7	6	やや鋭やゆは	やや鋭やゆは
S2301	1	65	48	おじいちゃん、<br />あなたのお父さんが亡くなってたのが<br />結構ショックだったみたい¨¨。<br />なんか元気なくしちゃって¨¨。<0xdb>や	
S2302	1	43	30	遺跡の調査団の皆さんはー、<br />ずいぶんと長くー<br />ここにいますなあー。<0xdb00>や	
S2303	1	69	50	ポカラにようこそ。<br />うらぶれててさびしい町だけど<br />これでもこの周囲に住む人々にとっては<br />重要な生活拠点なのよ。<0xdb>や	
S2304	1	25	19	聖なる地について<br />何かわかったかい？<0xdb>やあに	
S2305	1	35	26	昆侖について何かわかったら<br />俺達にも教えてくれよ。<0xdb>やあぢ	
S2306	1	69	51	選ばれし民のみが通ることのできる<br />聖なる地へ続く場所があるそうだ。<br />中国では昆侖と呼ばれているそうだが。<0xdb>やあヴ	
S2307	1	65	46	水晶宮は崩れてしまったけど<br />大きな湖ができて<br />このへんの人達の生活は<br />楽になったんだ。本当だよ。<0xdb>やあ・	
S2308	1	71	49	水晶宮が崩れて<br />秘境ラサに続く道は開通したし、<br />湖も大きくなって<br />この辺りの水の心配もなくなりそうね。<0xdb>やいこ	
S2309	1	37	26	ラサへの道ができて<br />我々も<br />より信仰が深められそうですよ。<0xdb>ゅ	
S2310	1	29	20	野中博士は<br />今ごろどこにいるのかなあ？<0xdb00>やいサ	
S2311	1	69	45	野中博士も<br />藤井教授が本当に亡くなっていたのを<br />知ったら、悲しむでしょうね¨¨。<br />え、もう知ってるの？<0xdb>やいョ	
S2312	1	63	47	やい断この娘さん、またデートらしいんだけど<br />彼氏が毎回違うんですよ。<br />男の人と縁がないんですかね？<0xdb>やうぎ	
S2313	1	73	50	水晶宮が地震で湖の底に<br />沈んじゃったんだって。<br />恋する男女が結ばれるっていう伝説も<br />これでおわりなのね¨¨。<0xdb00>やうル	
S2314	1	59	41	あの水晶宮っていうのは<br />本当に神様がいる場所へと続く<br />神聖な場所だったんでしょうかね。<0xdb>ゅ	
S2315	1	27	18	きれいな女の子が<br />また現れないかなあ¨¨。<0xdb00>ゅ	
S2316	1	43	31	水晶宮に出かけた女性って<br />あんた達の知合いだったんですって？<0xdb>やえと	
S2317	1	73	51	藤井教授は三只眼を探しに<br />この地を歩き回っておった。<br />その手伝いをしておったのが<br />このわしだったんじゃよ¨¨。<0xdb00>やえス	
S2318	1	51	39	地震で水晶宮はこわれてしまったが<br />ラサへ通じる道がそのおかげで<br />できたそうじゃよ。<0xdb00>ゅ	
S2322	1	7	6	やね鋭やのア	
S2326	1	263	190	うちのおじいちゃんたらボケちゃって<br />山で倒れてた女の子のことを<br />三只眼様の使いだっていいだしたのよ。<br />ちょっと前まで寺院にいたんだけど。<0xdb00>この前、今にも死にそうな老人が<br />うちのじいちゃんを訪ねてきたの。<br />おじいちゃんはその人を三只眼とかいう<br />神様だって騒いでたけど、本当かな？<0xdb00>あの女の子の愛する人が<br />三ッ目の老人だったなんて¨¨。<br /><arrow>あのおじいさんも<br />自分の命が失われたら、<br />彼女が悲しむことくらい<br />わかんなかったのかな¨¨。<0xdb00>やあウ	
S2327	1	39	30	ラサへの道ができて<br />わしらの生活も<br />ちったあ安定したわいな。<0xdb>やあロ	라싸로 가는 길이 생겨<br />우리 생활도<br />조금은 안정됐구먼<0xdb>やあロ
S2328	1	81	59	ポカラにようこそ。<br />うらぶれててさびしい町だけど<br />これでもこの周囲に住む人々にとっては<br />重要な生活拠点なのよ。<0xdb>かかウいやかか‼あ<speak>やあ（	
S2329	1	166	109	聖地について<br />何かわかったかい？<0xdb>この前、三ッ目の老人が、<br />ポカラに現れたんだ。<br />あれが野中博士がいっていた<br />三只眼吽迦羅なのかな？<0xdb>そうか、三只眼は死んじまったか。<br />俺達の研究も止まってしまうか¨¨。<br />でも、謎は謎のままの方が<br />いいのかも知れないな¨¨。<0xdb00>かかウい	
S2330	1	179	124	なに、聖地についた？<br />なあなあ、どうやったら行けるのか<br />俺達にも教えてくれよ。<0xdb>三只眼吽迦羅がこうやすやすと<br />人前に姿をあらわすなんて¨¨。<br />でもあの三只眼、死にそうだったし、<br />何か理由でもあるのかな？<0xdb>さあ、聖なる地を解明せんがため<br />我々はまたも、研究にいそしむかっ！<0xdb>かかウう2かか‼うルやうげ	
S2331	1	209	142	昆侖から聖地に行ったですと？<br />私も信心深くすれば、<br />そのような素晴らしい所へ<br />行けるようになるでしょうか？<0xdb00>私はこの目で三只眼吽迦羅の<br />お姿を目にしました。<br />ああ、神に仕えていてよかった¨¨。<0xdb00>そうですか、三只眼吽迦羅は<br />亡くなられましたか。<br />彼の魂と彼の愛した人が<br />天に召されるよう私は祈りましょう。<0xdb00>かかウえゲかか‼えぅやえく	
S2332	1	156	109	北の山で倒れていた女の子が<br />救助されてこの町の寺院にいたけど、<br />かわいそうなことに記憶喪失だそうよ。<0xdb00>水晶宮の入口が湖の真ん中へんに<br />ぽっかり口を開けているそうです。<br />でも、船でもなければねえ。<0xdb>水晶宮へ行ったんだって？<br />中はどうなってた？<0xdb>かか‼え	
S2333	1	150	109	やえ２ラサには行った？<br />あそこには寺院がいっぱいあって<br />信仰心のあつい人々が<br />いっぱい集っているんですって。<0xdb00>聖地アイテムコレクターのじいさんが<br />三只眼とかいう老人のために<br />集めた古道具を売り払って<br />小舟を買ってあげたそうよ。<0xdb00>かかウかソかか‼お	
S2334	1	391	269	この前、香港の妖撃社という<br />会社の方々が来たんです。<br /><arrow>その時、この寺院で療養していた娘を<br />見るなり、預かって治療するといって<br />連れていったんです。<br /><arrow>その娘の名はサティ、<br />事故で記憶を失ったかわいそうな娘。<br />そういえば、額に「无」とかいう文字がかかれていたなあ¨¨。<0xdb00>あなたはサティさん¨¨。<br />調子はいかがですか？<br />小竜さんは見つかりましたか？<br /><arrow>実はあなたを探している老人が<br />このポカラに現れたのです。<br />自分に石化の術を施すなんていう<br />おかしなことをいってましたが。<0xdb00>三只眼の老人も<br />サティさんを探していましたが¨¨。<br /><arrow>サティさんが探していた人もまた<br />あの人だったんですね。<br />不幸なめぐり合わせです¨¨。<br />おふたりのために祈りましょう¨¨。<0xdb00>ゅ	
S2335	1	193	123	かかウきぁかか‼きえやか<portrait_00>野中博士は野中博士で<br />色々大変みたいですよ。<0xdb00>そういえば、この前<br />妖撃社の人達がこの町に来たよ。<br />八雲君の後を追って<br />聖地に行くっていってたけど。<0xdb00>三只眼とその无の死、<br />このような現実の前には<br />我々の学問探求など<br />何の力もないんだな¨¨。<0xdb>かかウくねかかアき<arrow>やきボ	
S2336	1	169	112	この前、野中博士に会ったんですが<br />藤井教授が亡くなっていたことは<br />もう知ってました。<br />本当にがっかりしてましたよ。<0xdb>三只眼の老人が<br />水晶宮に向かったらしい。<br />でもその前に、<br />野中博士に会わせたかったな。<0xdb00>あの娘がこの町を訪れた<br />三只眼の无だったのか¨¨。<0xdb00>やくば	
S2338	1	158	107	寺院に記憶喪失の娘さんがいたけど<br />インド系のすごくきれいな子だったわ。<br />額に何か文字が書いてあったけど、<br />どこかの国の風習かしら？<0xdb00>あら、この前の娘さん¨¨。<br />調子はどう？<br />記憶は戻った？<0xdb>そう、あのきれいな娘さんは<br />なくなったの。<br />かわいそうに¨¨。<0xdb00>かかウけ	
S2339	1	279	199	寺院にいたサティって女の子、<br />きれいなくせに性格もいいのよ。<br />だから、すぐに友達になっちゃった。<br /><arrow>妖撃社とかいう会社の人が<br />聖地に一緒に連れていくって<br />いってたけど¨¨。<br />聖地なんて本当に行けるのかしら？<0xdb>サティちゃんていったっけ、<br />どうすればあなたみたいな<br />きれいな女の子になれるのか教えてよ。<br />ねっ？<0xdb00>サティちゃん、死んじゃったの？<br />この町に来た時、記憶喪失だったけど<br />気の合ういい友達だったのに¨¨。<br />天国では幸せになれるといいね¨¨。<0xdb>かかウこ(かかアこボやこケ	
S2340	1	159	106	あの水晶宮っていうのは<br />本当に神様がいる場所へと続く<br />神聖な場所だったんでしょうかね。<0xdb>水晶宮に行くの？<br />やめときなさい、<br />昔、怖い目にあったでしょ‼<0xdb00>水晶宮っていうのは<br />本当に神様がいる場所へと続く<br />神聖な場所だったのかも知れないわね。<0xdb00>ゅ	
S2341	1	179	123	サティっていうかわいい女の子が<br />寺院にかつぎ込まれたんだ。<br />なんでも事故で記憶喪失に<br />かかってしまったらしいよ。<0xdb>サティちゃん、<br />記憶の方は戻ったのかい？<br />はやくなおるといいね。<br />¨¨もじもじ¨¨。<0xdb00>サティちゃん、死んじゃったんだ¨¨。<br />かわいそうに¨¨。<br />でも、天国で小竜さんと<br />一緒になれるといいね¨¨。<0xdb>ゅ	
S2342	1	223	150	妖撃社っていう香港の会社の人が来て、<br />「妖撃」って本を売ってったわ。<br />これから聖地に行くって行ってたけど、<br />それがこの本と関係あるのかしら？<0xdb00>今度は三ッ目の老人が<br />水晶宮へ向かったそうよ。<br />人々をひきつける場所なのかしら、<br />あそこは。<0xdb00>え、三ッ目の老人とサティちゃんは<br />死んじゃったの？<br />こうやって悲しい伝説が<br />作られていくのね¨¨。<0xdb00>かかウせずかかアす	
S2343	1	591	400	いか‼すにかアやし・この前まで寺院におった娘は<br />額に「无」の文字があったんじゃ‼<br />あれは三只眼吽迦羅に仕える者の印、<br />わしはしかとこの目で見たぞっ‼<0xdb>わしは三只眼様に会ったんじゃ。<br />水晶宮に行きたいとゆうたから<br />船を買い、差し上げたのじゃ。<br /><arrow>有り金はたいてな。<br />なんというても三只眼様じゃからな。<br />ところが‼<br /><arrow>死期が近づいておるといって<br />三只眼様は水晶宮で御身を<br />石化するといいだしたのじゃ。<br /><arrow>そんなことをさせてはならん。<br />湖の際に小舟を用意しておいた。<br />さあ、三只眼様のもとへ‼<0xdb>三只眼様は自分が死ねば<br />愛する无も死んでしまうというとった。<br />あんたも藤井教授の息子、<br />三只眼様をとめてくれ‼<0xdb>そうか、三只眼様もあの娘さんも<br />死んでしまったのか¨¨。<br /><arrow>悩み、困っている人を救えないとは¨¨<br />わしら人間は<br />こんなにも無力なのか‼<br />わしは、わしは悲しい¨¨。<0xdb00>かか‼せ『やせャ地震で水晶宮はこわれてしまったが<br />そのおかげでラサに通じる道が<br />できたそうじゃよ。<0xdb00>ラサにも三只眼信仰に関する<br />様々な言伝えがあるそうじゃ。<br />訪ねてみてはどうかの？<0xdb>ゅ	
S2345	1	7	6	やな温やにふ	
S2373	1	67	47	砂漠町にゃめずらしい、<br />果物はどうだいっ!?<br />ガルガ様のおかげで、外国から仕入れた<br />おいしい果物だよッ‼<0xdb>かえき	
S2374	1	131	88	ここは、ヴィエヌ。<br />砂漠の旅人が行きかう、リンド共和国の<br />都町だ。<0xdb>ここはリンド共和国の都町、ヴィエヌ。<br /><arrow>リンドのもう一つの町ビジャリアは<br />ここから北の山沿いに東へ進み、<br />橋を越えた砂漠の中にある。<0xdb>やあれ	
S2375	1	327	244	ここ、リンド共和国は広いけど小国で<br />この町ヴィエヌと、もう一つの砂漠町、<br />ビジャリアの二つから成るんだそうだ。<br /><arrow>でもそのビジャリアっていうのは<br />どうも治安が悪いらしくてねぇ¨¨。<br />行ってみたいけど恐くてなかなか¨¨。<0xdb>かえかいはやあ2この町の奥の寺院へはもう行った？<br />今、ビジャリアのガルガ様たちが<br />このヴィエヌに来ているんだよ‼<br /><arrow>みんな、若王ガルガ様とグプター様を<br />見ようとして、寺院は人でいっぱいさ‼<0xdb00>ガルガ様が人さらいだって!?<br />そんなことガルガ様がするわけないよ！<br />ウソつきには、一生子供ができないって<br />大人たちが言ってたよ！<0xdb>かえかうぢいええいムえおあ	
S2376	1	270	167	聖なる地で修行した人々ですか。<br />うーん¨¨¨¨¨¨¨¨¨¨¨¨¨¨。<br />¨¨¨¨¨¨¨¨¨¨そういえば¨¨。<br /><arrow>リンドのもう一つの町、ビジャリアの<br />元王族、憑魔一族について<br />そういううわさが、昔あったような¨¨<br /><arrow>しかし、あの一族に関しては<br />不思議なうわさがあり、<br />何でも、妖魔と合身する術が、代々<br />受け継がれているとか、いないとか。<0xdb00>あのガルガ様やグプター様が<br />人さらいのようなマネをなさるなんて<br />信じられません¨¨！<br />あなたの方が何かしたのでは¨¨!?<0xdb>ばうデえ	
S2377	1	158	119	さえあさえいちえうあここリンド共和国じゃ<br />子供が生まれなくてねぇ¨¨。<br /><arrow>このヴィエヌもそうなんだけど<br />リンドのもう一つの町、ビジャリアでは<br />もっと出生率が低いんだよ。<br /><arrow>中でも旧王族は特に子供が生まれなくて<br />このままでは血が途絶えてしまうという<br />うわさだよ。<0xdb>ばえぎえ	
S2378	1	120	88	さえあさえいちえうあこの辺じゃ、子供が生まれにくいんだ。<br />それでシヴァ・リンガという性器崇拝が<br />盛んになった。<br /><arrow>しかし、ここよりも更に、ビジャリアは<br />子供が生まれにくいと聞く。<br />気の毒なことだ。<0xdb00>ばえ６え	
S2379	1	125	93	さえあさえいちえうあここリンド共和国じゃ、子供がめったに<br />生まれないってのに<br />うちじゃ、三つ児が生まれたんだ‼<br /><arrow>もう、うれしくて仕方がないんだ。<br />この大テーブルを囲って<br />家族そろって食事する日も近いよ。<0xdb>やおみ	
S2380	1	49	35	ここの家の主人に、誰でもいいから<br />祝いの宴にきてくれと<br />言われたんだが¨¨。<0xdb>やおア	
S2381	1	73	58	一人でも生まれてくれれば<br />ありがたいと思っていたのに三人も‼<br />これも毎日シヴァ・リンガに<br />祈りをあげていたおかげかしら。<0xdb>やおゥ	
S2382	1	13	10	ばぶー。<0xdb00>んとょオうつお	
S2383	1	105	73	ちょっと今、手がふさがってんだ。<br />悪いが話なら後にしてくれないか？<0xdb00>聖なる地で修行した人々ねぇ¨¨。<br />よくわからんが、修行ってんなら<br />寺院とかで聞いてみちゃどうだい？<0xdb00>やかウ	
S2384	1	168	116	北東にもこのリンド共和国の<br />もう一つの砂漠町、ビジャリアが<br />あるのを知ってるかね？<br /><arrow>もと、リンド共和国の<br />王族の流れをくむ一族が<br />町を治めているらしい。<br /><arrow>しかし、町を訪れた者が<br />帰って来なかったり、<br />町はずれで遺体が見つかったりと<br />物騒なところのある町らしい。<0xdb00>やか	
S2385	1	183	121	聖なる地で修行をした人々？<br />なんだ、そりゃ¨¨。<br /><arrow>よく、わからんが宿屋の親父にでも<br />聞いてみたらどうだい。<br /><arrow>それより武器買ってくれよ、武器‼<br />娘が中央の大通りで出してる露店でよ！<br />俺の作った武器は、切れ味がいいぜ‼<br /><arrow>ついでに、いすなんかもどうだい？<br />ま、こっちは道楽だがよ。<0xdb00>かえかくウかええき	
S2386	1	191	129	聖なる地で修行した人々¨¨ってんなら<br />宿屋の主人に聞いてみたら？<br />彼なら、この地の古史にくわしいよ。<0xdb>そうそう。<br />あんたが言ってた、聖なる地で修行した<br />人々のことだけど¨¨。<br /><arrow>宿屋の主人が知らなかったら<br />寺院の僧侶に聞いてみるのもいいよ。<0xdb00>ガルガとグプター様は<br />もう、ビジャリアに<br />お帰りになったのかねぇ。<0xdb>ゅ	
S2387	1	189	143	かえかく▼やくザ今、このヴィエヌに<br />ビジャリアの若王ガルガと、<br />グプターが来てるらしい。<br /><arrow>お祝いに、いくら飲んでも<br />ただらしいぜ。<0xdb00>ガルガに連れをさらわれた？<br />あんた、冗談でもこの辺で<br />そんなこと言わない方がいいよ。<br /><arrow>やつはこの辺じゃ、名士として<br />したわれていて、この店の親父だって<br />崇拝しているくらいなんだからな。<0xdb>ばけぺえいこえ	
S2388	1	131	102	さえあさえいちえうあらっしゃい‼<br />今日はガルガ様とグプター様が<br />このヴィエヌにいらっしゃった祝いだ‼<br /><arrow>ちなみにグプター様というのは<br />ビジャリア村の若王ガルガ様の腹心で<br />女ながら、ビジャリアでは<br />かなりの実力者だ。<0xdb>ばけ―えあこえ	
S2389	1	91	68	さえあさえいちえうあガルガって言うのは、リンドの北東の町<br />ビジャリアを治める若王らしい。<br />ガルガが、やり手な貿易商のため<br />町の景気はいいそうだ。<0xdb00>やこふ	
S2390	1	243	172	このヴィエヌから北に進んだ所には<br />不思議なほこらがあるそうよ。<br /><arrow>中には魔法陣が一つあるだけで<br />なんでも昔『獣魔』と呼ばれる妖魔を<br />獲得する儀式に使われたらしいわ。<0xdb00>かえかこ（やこデこの国がうるおっていられるのも、<br />わしが商人として、富を得られるのも<br />ビジャリアの貿易商ガルガ様のおかげ。<0xdb00>ガルガ様に、連れを捕らえられた？<br />貴様、失礼にもほどがある‼<br />ガルガ様の悪口を言う奴は<br />わしが許さんぞ‼	
S2391	1	31	24	ちょいと、アンタ‼<br />横入りしないどくれよ‼<0xdb>ばさぉえいこえ	
S2392	1	101	78	さえあさえいちえうあアルマリック・グプターも<br />ガルガと一緒に来ているらしいぞ‼<br /><arrow>グプターってのは、若王ガルガの腹心で<br />女ながら、ビジャリアではかなりの<br />実力者だそうだ。<0xdb00>やさ２	
S2393	1	66	34	前々から一目、高貴なお姿を<br />おがみたかったんだよ。<br /><arrow>ガルガ様ッ‼<br />キャアァァ～～～～～～～～～ッ♥♥♥<0xdb>ばさ	
S2394	1	125	96	さえあさえいちえうあガルガと言えば、リンドの王族の流れを<br />くむ若王であり、貿易商だ。<br /><arrow>ガルガのおかげで、砂漠のリンドが<br />うるおっていられるという話だぞ。<br /><arrow>うわさのガルガを<br />チラリとでも見られるなんて<br />ラッキーだぞ‼<0xdb00>ゅ	
S2396	1	7	6	やね温やのざ	
S2397	1	7	6	やの断やはぶ	
S2398	1	7	6	やは鋭やひヲ	
S2399	1	7	6	やも温ややに	やも温ややに
S2400	1	49	33	預かっている品物がありません<0xdb>ら４ら８ら2ら6ら ら、ら・ら！ら―ら（ら『ら＄やら断やりい	맡은 물건이 없습니다<0xdb>ら４ら８ら2ら6ら ら、ら・ら！ら―ら（ら『ら＄やら断やりい
S2401	1	15	14	らてぃぉり！んてみカあじてみナ	
S2429	1	65	45	古代から伝えられているという<br />不思議な秘術を見たくて、この村に<br />来たんですよ。<br />¨¨あなたもですか？<0xdb>かえれ	
S2430	1	105	82	ヴいやー、この小さな村が<br />なんとかやっていけるのも、すべては<br />あのガルガ様のおかげ！<br />ガルガ様、バンザイ‼<0xdb00>ガルガ様がなくなったそうだ。<br />いったい急に<br />どうなさったのだろう¨¨。<0xdb>かえれあサかえゆ	
S2431	1	147	109	なんだ、お前は‼<0xdb>これは、グプター様！<br />しかし、グプター様とはいえ<br />今はガルガ様より誰も通すなと<br />うかがっております‼<0xdb00>ガルガ様のお許しなければ<br />グプター様でも<br />お通しするわけには<br />いきませぬ‼<0xdb>これはこれは¨¨。<br />ささ、お通り下さい‼<0xdb00>かえれあデかえゆあげやあギ	
S2432	1	55	37	とっとと、失せろ‼<0xdb00>これはこれは¨¨。<br />ささ、お通り下さい‼<0xdb00>かえれい２かえゆいゲこえかてあ やあ『	
S2433	1	280	196	ばいはえくこえきさえくさえけさえこさえさちえしあこないだもこの辺に、人の死体が<br />胸に大きな穴をあけ、血だらけで<br />転がっていたらしい¨¨。<br />やれやれ、物騒なことじゃ¨¨。<0xdb>あの大きな王宮に住む、リンドの王族の<br />流れをくむ憑魔一族には<br />昔から不思議なうわさがある。<br /><arrow>何でも、妖魔と合体する秘術が<br />代々に受け継がれているとか¨¨。<0xdb00>なにやら憑魔宮の方が<br />さわがしいが¨¨何かあったのかのう。<0xdb00>憑魔宮のさわぎも、<br />おさまったようじゃ。<0xdb>かえれう！かえなうバこえせてい×やい	
S2434	1	254	186	若王ガルガ様には、感謝しておりますが<br />この村を支えてきたのは、<br />心優しい老王様です。<br /><arrow>お年のため病床に伏せてるらしいですが<br />早くお元気になって欲しいものです。<0xdb00>鍵屋のユマさんは、最近<br />鍵造りに愛用していた工具を失くして<br />イライラしてるんで<br />あまり、話しかけない方がいいわ。<0xdb>ユマさんのきげんが、直ったみたいね。<br />ブツブツと不きげんそうな独り言が<br />聞こえなくなったもの。<0xdb00>ガルガ様がなくなったらしいわ。<0xdb00>かえれえ６こえかてう	
S2435	1	227	167	ばえねえけこえきさえくさえけさえこさえさちえしあどうか、私にも<br />子供をおさずけ下さい¨¨‼<0xdb>この村はヴィエヌよりも、赤ん坊が生ま<br />れないという話になっているようだが、<br />一番生まれないのは、王一族だよ。<br /><arrow>屋敷の中から、赤ん坊の声なぞ聞いたこ<br />とないし、それどころか恐ろしいことに<br />にんぷは必ずというほど、子供ともども<br />死んでしまうらしいよ。<0xdb>どうか、私にも<br />子供をおさずけ下さい¨¨‼<0xdb>やえ―	
S2436	1	147	104	町の西にある古井戸は<br />昔、干上がったものだが、<br />最近になって、わしが埋めたものじゃ。<br /><arrow>あやまって人が落ちては大変じゃから<br />中に人が入っても出てこれるくらいの<br />深さにのう。<br /><arrow>しかし、みなゴミを放り投げるもんで<br />今ではもうゴミ捨て場じゃ。<0xdb00>ゅ	
S2437	1	367	259	かえれかゥかえゆかヒいえしおピえすやおユなんだ、お前は‼<br />人の家に勝手に入ってくんなよな‼<0xdb>なんだお前、憑魔宮に入りたいのか？<br />そんなの無理だ、できっこねぇよ‼<br /><arrow>あそこは警備が厳重で<br />王宮の使用人だった俺ですら<br />今じゃ一歩も入れてもらえねぇんだ‼<br /><arrow>正面から入れない以上<br />王宮外壁の裏口からでも入らなきゃ、<br />しのび込むのは無理だぜ。<br /><arrow>でも、あそこの鍵は老王様と、<br />若王ガルガ様しか、持ってねぇんだ。<br />ま、あきらめるこったな‼<0xdb00>グプター様‼<br />こんな所へ¨¨どうしたんですか!?<br />俺でできることなら<br />何でもしますぜ‼<0xdb00>ガルガ様が消えたそうだ。<br />いったい、何があったんだ!?<0xdb>こえててか「かえつきやこえすてか「かえしか＄ゅ	
S2438	1	153	102	裏の家に住む男は、憑魔一族ではないな<br />がらも、憑魔宮の使用人をしてて<br />最近、王宮への出入りを<br />禁じられたらしい。<0xdb>こないだ、商人のサパタが<br />古井戸のあたりをうろついてたよ。<br /><arrow>手に小さな荷物を持って<br />コソコソしていたが¨¨。<0xdb>何をしてたんだ？	
S2439	1	383	273	あんた、観光客かい？<br />ビジャリアなんかに来たって、<br />たいして見るものないだろうに。<br />もの好きだねぇ。<0xdb00>ガルガ様とグプター様なら<br />村のまん中に建つ、憑魔宮とよばれる<br />大きな王宮に住んでるよ。<br /><arrow>でも、警備がきびしくて<br />約束でもした知合いでもなきゃ<br />中には入れてもらえないだろうよ。<0xdb00>こないだ、留守中のユマさん家に<br />商人のサパタさんが<br />コソコソと入って行くのを見たけど¨¨<br />いったい何だったのかねぇ¨¨。<0xdb00>なんだって憑魔宮は<br />あんなに警備が厳重なんだろうねぇ。<br />いくら王宮とはいえ、<br />襲うような者もいない砂漠の村で¨¨。<0xdb>何だか、王宮の方がさわがしいけど<br />何かあったのかねぇ¨¨。<0xdb00>ガルガ様がなくなったというのは<br />本当ですか？<0xdb>かえるたれかえらそ	
S2440	1	21	20	こえよてけ、こえゆてけヵかえめすつかえなし	
S2441	1	915	607	ばこわえさこえきさえくさえけさえこさえさちえしあ鍵屋のユマ：<br />その辺のつぼにさわるでない‼<br />わしゃ鍵屋だ。<br /><arrow>そこらのつぼには、鍵を造るための<br />材料が入っとるんじゃ‼<0xdb>鍵屋のユマ：<br />その辺のつぼにさわるでない‼<br />わしゃ鍵屋だ。<br /><arrow>そこらのつぼには、鍵を造るための<br />材料が入っとるんじゃ‼<br /><arrow>王族の住んどる憑魔宮の鍵も<br />全部わしが作ったんじゃ‼<br /><arrow>その昔、老王様が鍵職人としての<br />わしの腕を買ってくれてのう‼<br />おぬしも、ひとつどうじゃ？<0xdb00>鍵屋のユマ：<br />憑魔宮の中に、人質を取られている？<br /><arrow>確かに、憑魔宮外壁の裏口の鍵も<br />わしが造ったものじゃが¨¨。<br /><arrow>どんなに頼まれようが、金積まれようが<br />合鍵をやることは、できんな‼<br />鍵屋の信用、ガタ落ちじゃないか‼<br />バカなこと言わんと、帰った帰った‼<0xdb00>鍵屋のユマ：<br />おお、これは¨¨‼<br /><arrow>¨¨わしが命の次に大事にしておった、<br />その昔老王様からいただいた工具じゃ‼<br />あんたが、見つけてくれたのか！<br /><arrow>よろしい¨¨。<br />鍵職人のプライドにかけても、<br />普段は決してこんなこと、せんのだが<br /><arrow>あんたがたは、命の恩人も同然じゃ。<br />特別に、憑魔宮外壁の裏口の合鍵を<br />やろう！<0xdb>¨¨と思ったが<br />荷物が一杯のようじゃな。<br />荷物を減らした後で、また来るがいい。<0xdb>もちろん、内緒にするのじゃぞ‼<br /><arrow>八雲は『ユマの銅の鍵』を手に入れた。<0xdb>鍵屋のユマ：<br />おお、荷物を減らしてきたようじゃな。<br /><arrow>それでは、ホレ、憑魔宮外壁の鍵じゃ。もちろん、内緒にするのじゃぞ‼<br /><arrow>[player]は『ユマの銅の鍵』を手に入れた。<0xdb>鍵屋のユマ：<br />どうじゃ‼<br />わしの造った鍵は性能がよかろう‼<0xdb>鍵屋のユマ：<br />なんじゃ、お前わしの造った銀の鍵まで<br />持っとるのか‼<br /><arrow>それじゃ老王様にも<br />お会いできたであろう？<0xdb>鍵屋のユマ：<br />む!?	
S2442	1	11	8	お前また来たのか‼	
S2444	1	646	359	非常時なのだ‼<br />我ら一族の運命がかかっておるのだ‼</speak><br /><arrow><speak>ガルガが、我らの唯一の希望を握り、<br />部屋に閉じ込もってしまった。</speak><br /><arrow><speak>このままでは、老王様の命とて危ない。<br />時間がないのだ‼<br />今は私の言葉は、老王様の言葉と思え。</speak></portrait><br /><arrow>鍵屋のユマ：<br />ろ、老王様の¨¨‼<br /><arrow>¨¨¨¨¨¨¨¨¨¨¨¨¨¨¨¨¨¨<br />¨¨¨¨¨¨¨¨¨¨¨¨¨¨¨¨¨¨<br />¨¨¨¨¨¨¨¨¨¨¨¨¨¨¨¨¨。<br /><arrow>わかりました。老王様の代理という、<br />グプター様のお言葉、信じます¨¨‼<0xdb>しかし、今はお荷物が一杯の<br />御様子。<br />荷物を減らして、また来て下され。<0xdb00>鍵をお渡しいたしましょう。<br />その代わり、老王様を無事<br />お守り下さいますよう¨¨グプター様‼<br /><arrow>八雲は『ユマの金の鍵』を<br />手に入れた。<0xdb>鍵屋のユマ：<br />約束通り、鍵をお渡しいたしましょう。<br /><arrow>その代わり、老王様を無事<br />お守り下さいますよう¨¨グプター様‼<br /><arrow>八雲は『ユマの金の鍵』を<br />手に入れた。<0xdb>鍵屋のユマ：<br />老王様を無事、お守り下さいますよう¨<br />グプター様‼<0xdb00>鍵屋のユマ：<br />ガルガ様がなくなられたそうじゃ¨¨。<br /><arrow>さぞ、老王様も<br />気落ちされとることじゃろうて¨¨。<br />お気の毒なことじゃ¨¨。<0xdb>かえれち▼かえなちゾいえちた	
S2445	1	99	71	えつやたゾ私は商人のサパタ。<br /><arrow>ガルガ様も、なかなかやり手な方だ。<br />外国との貿易で、外貨はガバガバ入って<br />来るし、ガルガ様についていれば<br />商人としてまちがいはない！	
S2446	1	282	194	ワハハ。<0xdb>何だ、お前は‼<br /><arrow>確かに俺は、鍵屋のユマに仕返しを<br />するため、工具を盗んだ。<br /><arrow>アイツの造った、ちゃちな鍵つき財布の<br />せいで俺はヴィエヌで、<br />金をなくしたんだっ‼<br /><arrow>アイツの大事にしてる工具は<br />秘密の場所に捨ててやったが<br />これくらい、当然の報いだぜ‼<0xdb00>鍵屋のユマのやつ、みょうに元気だな。<br />愛用の工具をなくして、<br />落ち込んでるはずなのに¨¨変なやつ！<0xdb00>ガルガ様がなくなるとは¨¨。<br />俺はこれから商人として<br />どうしていけばいいんだァ‼<0xdb00>かえれつ！かえつつヌやつえ	
S2447	1	265	185	息子はガルガ様を<br />信頼しきっているようですが<br />私は何だか心配です¨¨。<br /><arrow>大きな家に住めるのはうれしいけれど<br />いったい、あのお金は、どこから入って<br />くるのでしょう¨¨。<0xdb00>うちの息子ときたら、最近<br />お金のこととなると、<br />目がくらんだように暴力的になって¨¨<br /><arrow>本当に誰の悪影響なのかしら¨¨。<br />あんな子じゃなかったのに¨¨。<0xdb00>ガルガ様がなくなったのは<br />お気の毒だけれど、<br />うちの息子には、ちょうどいい<br />薬かもしれませんね¨¨。<0xdb00>かえれて４かえかてふやてせ	
S2448	1	204	139	ううぅ¨¨。<0xdb>うちの息子は、すっかりガルガ様に<br />心酔しているようだ。<br /><arrow>わしも昔は憑魔宮に仕えていたことが<br />あるから知っておるが、老王様に似ず、<br />ガルガという男は、人一倍の野心家だ。<br /><arrow>今によくないことが、起こらなければ<br />いいが¨¨。ゴホッゴホッ<0xdb00>ガルガの話は聞いておるが¨¨。<br />どうも、これで終わったという<br />気がせんのは何故じゃろう¨¨。<0xdb00>ゅ	
S2449	1	351	254	ビジャリアでは、祈りのほとんどが<br />子宝を望むことだから、寺院にも<br />シヴァ・リンガしか置いてないのよ。<br /><arrow>僧侶も、何ができるわけでもないので<br />二階に上がって降りてこないわ。<0xdb>かえゆなみこえかてとサやとモばとゥえここえきさえくさえけさえこさえさちえしあどうか子がさずかりますように¨¨。<br />我ら一族をお救い下さい¨¨‼<0xdb00>本当は、我ら憑魔一族は<br />こうして外に祈りに出ることを<br />ガルガ様に禁じられているのですが¨¨<br /><arrow>昔、聖なる地で修行をしたとまで<br />言われる我ら憑魔一族も<br />子供が生まれなければ<br />このまま絶滅するしかないのです。<0xdb00>どうか子がさずかりますように¨¨。<br />我ら一族をお救い下さい¨¨‼<0xdb00>ゅ	
S2450	1	120	88	かえゆなピやなオあんた、この物騒なビジャリアに<br />いったい何の用だい!?<br />他所者は痛い目を見る前に<br />帰った方がいいよ！<0xdb00>グプター様‼<br />こんな所で、観光者と<br />どうかしたんですか!?<0xdb>かえれにヘかえゆにキかえかな	
S2451	1	197	133	やな―この壁の向こうには、何か秘密が<br />ありそうなんだが¨¨。<0xdb00>その建物には、近寄らない方がいいぞ！<br />こないだも、ここで観光客の若い男女が<br />殺されていたんだ¨¨。<br /><arrow>王宮と関係があるかどうかは知らんが、<br />余計なせんさくは、しない方がいい。<0xdb>何やら、壁の向こうがさわがしいのう。<0xdb>憑魔宮のさわぎも、<br />無事おさまったようじゃ。<0xdb00>し	
S2456	1	7	6	やめ鋭やもざ	
S2461	1	258	142	隠し扉を見つけた！<0xdb00>隠し階段を見つけた！<0xdb00>鍵がかかっている。<0xdb00>宝箱は空っぽだった。<0xdb>特に興味のある内容では<br />ないようだ。<0xdb>見事な掛けじくだ‼<0xdb00>見事な絵画だ‼<0xdb>見事な壁画だ‼<0xdb>ポスターが貼ってある。<br /><arrow>「メガＣＤゲーム・ソフト、<br />『聖魔伝説３×３ＥＹＥＳ』<br />大好評発売中‼」<0xdb00>＄<E7FD>!?見つけた！<0xdb00><E7FC>を、見つけた！<0xdb00>特残メッセージ出力。<0xdb00>特残メッセージ出力。<0xdb00>こえつつごルこえててごルぉごヲゅ	숨겨진 문을 찾았다!<0xdb00>숨겨진 계단을 찾았다!<0xdb00>자물쇠가 잠겨 있다.<0xdb00>보물상자는 비었다.<0xdb>딱히 볼 만한 내용은<br />아니다.<0xdb>훌륭한 족자다‼<0xdb00>훌륭한 그림이다‼<0xdb>훌륭한 벽화다‼<0xdb>포스터가 붙어 있다.<br /><arrow>「메가ＣＤ 게임 소프트,<br />『성마전설 ３×３ＥＹＥＳ』<br />대호평 발매중‼」<0xdb00>＄<E7FD>!?찾았다!<0xdb00><E7FC>을(를), 찾았다!<0xdb00>특잔 메시지 출력.<0xdb00>특잔 메시지 출력.<0xdb00>こえつつごルこえててごルぉごヲゅ
S2463	1	182	127	ぶえヴそう言えば、ここから西に行った所に<br />ダヌパァと呼ばれる遊牧民の村が<br />あります。<br /><arrow>そこの長老はたいそうな物知りで<br />妖魔の伝説などに関しては<br />右に出る者はいないとまで<br />言われているそうです。<0xdb00>古代から伝えられているという<br />不思議な秘術を見たくて、この村に<br />来たんですよ。<br />¨¨あなたは？<0xdb00>や	
S2464	1	53	33	鋭若王のガルガ様が亡くなり、<br />憑魔一族の次期王は、<br />グプター様らしい。<0xdb00>やあれ	
S2465	1	27	17	これはこれは¨¨。<br />ささ、お通り下さい‼<0xdb00>やあぺ	이거 이거¨¨<br />자자, 지나가십시오‼<0xdb00>やあぺ
S2466	1	162	114	これはこれは¨¨。<br />ささ、お通り下さい‼<0xdb00>かえガあ；はあヌえヴここから北西にあるダヌパァ村の<br />長老は、なにかと物知りだそうだ。<br /><arrow>いにしえの妖魔などにも<br />詳しいほどの老人らしいが¨¨。<br />わしと、どっちが年寄りかのう。<0xdb>最近ではこの村でも、物騒なことは<br />なくなったようじゃ。<0xdb00>やあ	
S2467	1	39	27	老王様の後は、グプター様が<br />一族の長となられるようよ。<0xdb>やいつ	
S2468	1	29	19	どうか、私にも<br />子供をおさずけ下さい¨¨‼<0xdb>やいぎ	부디, 저에게도<br />아이를 내려 주소서¨¨‼<0xdb>やいぎ
S2470	1	31	23	ガルガ様が消えたそうだ。<br />いったい、何があったんだ!?<0xdb>ゅ	
S2471	1	61	45	あんた、観光客かい？<br />ビジャリアなんかに来たって、<br />たいして見るものないだろうに。<br />もの好きだねぇ。<0xdb00>やうふ	
S2472	1	79	52	鍵屋のユマ：<br />ガルガ様がなくなられたそうじゃ¨¨。<br /><arrow>さぞ、老王様も<br />気落ちされとることじゃろうて¨¨。<br />お気の毒なことじゃ¨¨。<0xdb>やうヒ	
S2473	1	49	37	ガルガ様がなくなるとは¨¨。<br />俺はこれから商人として<br />どうしていけばいいんだァ‼<0xdb00>やうォ	
S2474	1	60	44	ガルガ様がなくなったのは<br />お気の毒だけれど、<br />うちの息子には、ちょうどいい<br />薬かもしれませんね¨¨。<0xdb00>やう	
S2476	1	103	78	ビジャリアでは、祈りのほとんどが<br />子宝を望むことだから、寺院にも<br />シヴァ・リンガしか置いてないのよ。<br /><arrow>僧侶も、何ができるわけでもないので<br />二階に上がって降りてこないわ。<0xdb>やえゲ	
S2478	1	66	45	あんた、この物騒なビジャリアに<br />いったい何の用だい!?<br />他所者は痛い目を見る前に<br />帰った方がいいよ！<0xdb00>やえ	
S2479	1	30	20	憑魔宮のさわぎも、<br />無事おさまったようじゃ。<0xdb00>し	
S2482	1	7	6	やと鋭やなぺ	
S2484	1	7	6	やに鋭やぬテ	
S2485	1	29	20	預かっている品物がありません<0xdb>み～み「み×み→み<arrow>み	맡아 둔 물건이 없습니다<0xdb>み～み「み×み→み<arrow>み
S2486	1	258	142	隠し扉を見つけた！<0xdb00>隠し階段を見つけた！<0xdb00>鍵がかかっている。<0xdb00>宝箱は空っぽだった。<0xdb>特に興味のある内容では<br />ないようだ。<0xdb>見事な掛けじくだ‼<0xdb00>見事な絵画だ‼<0xdb>見事な壁画だ‼<0xdb>ポスターが貼ってある。<br /><arrow>「メガＣＤゲーム・ソフト、<br />『聖魔伝説３×３ＥＹＥＳ』<br />大好評発売中‼」<0xdb00>＄<E7FD>!?見つけた！<0xdb00><E7FC>を、見つけた！<0xdb00>特残メッセージ出力。<0xdb00>特残メッセージ出力。<0xdb00>こえつつめかこえててめかぉめこゅ	숨겨진 문을 찾았다!<0xdb00>숨겨진 계단을 찾았다!<0xdb00>자물쇠가 잠겨 있다.<0xdb00>보물상자는 비었다.<0xdb>딱히 볼 만한 내용은<br />아니다.<0xdb>훌륭한 족자다‼<0xdb00>훌륭한 그림이다‼<0xdb>훌륭한 벽화다‼<0xdb>포스터가 붙어 있다.<br /><arrow>「메가ＣＤ 게임 소프트,<br />『성마전설 ３×３ＥＹＥＳ』<br />대호평 발매중‼」<0xdb00>＄<E7FD>!?찾았다!<0xdb00><E7FC>을(를), 찾았다!<0xdb00>특잔 메시지 출력.<0xdb00>특잔 메시지 출력.<0xdb00>こえつつめかこえててめかぉめこゅ
S2510	1	83	56	この裏庭は、憑魔一族の墓地じゃ。<br />子供を宿したまま、死んでしまった<br />多くの女が、この墓に眼っておる¨¨。<0xdb00>かえれあアかえるあんかえゆ	
S2511	1	211	142	６何だ、お前はっ！<br />一度憑魔宮に入ったものは、<br />ガルガ様のお許しが出るまで、<br />ここから勝手に出ることは許さんッ‼<0xdb00>これは、グプター様！<br />しかし、グプター様とはいえ<br />今はガルガ様より誰も通すなと<br />うかがっております‼<0xdb00>何が起こったのですかッ!?<br />王宮の方が、さわがしいですが¨¨。<0xdb>おお、八雲様‼、グプター様‼<br />これまでの非礼をお許し下さい‼<0xdb00>かえれあ	
S2512	1	320	232	かえるあ→かえゆあ８やあヂここから出たければ、<br />ガルガ様のお許しを、頂いてからだッ‼<0xdb>ガルガ様のお許しなければ<br />グプター様でも<br />お通しするわけには<br />いきませぬ‼<0xdb>ガルガ様が、どうかしたのですかッ!?<0xdb00>ささ、ここをお通り下さい。<0xdb>かえれいヂかえるいナかえゆいぉやいせあら¨¨。<br />一族の者以外で、この憑魔宮を自由に<br />歩き回られるなんて<br />ガルガ様のお客様ですか？<0xdb>あら、あなたグプター様の<br />お客様だったのね。<0xdb>いったい、どーしちゃったのッ!?<br />何が起きたのッ!?<br />オロオロオロ¨¨。<0xdb00>何だか、夢を見ていたみたい¨¨。<br />いったい何だったのかしら¨¨。<0xdb00>かえれうゥかえるうルやい，	
S2513	1	267	182	この憑魔宮の中に入れるなど¨¨。<br />ガルガ様のお客人か？<br /><arrow>この王宮の広さはリンド一‼<br />北の塔と南の塔、そして大きな館から<br />成る。<br /><arrow>この、北の塔の二階には老王様が、<br />三階にはガルガ様が住まわれているが<br /><arrow>南の塔は、鍵がかかっていて<br />王族や貴族の持つ鍵でしか<br />開けられないようになっている。<0xdb00>さっき北の塔の方で、大きな音がしたが<br />何かあったのか!?<0xdb>俺たちが知らない間に<br />そんな大きな事があったなんてな。<0xdb00>かえれえぁかえるえんやう～	
S2514	1	191	139	正直言って俺たちだって<br />ここまで警備を厳しくする必要は<br />ないんじゃないかって気がしてるんだ。<br /><arrow>しかし、ガルガ様の御命令は<br />絶対だからな。逆らうと、どうなるか。<0xdb>老王様やガルガ様は、御無事なのか!?<0xdb00>俺たち、何も知らずに<br />ガルガ様の言われた通りに<br />していたなんてな¨¨。<0xdb>かえわけふこえれつえデばくええわこえわつえヂらえを	
S2516	1	13	11	かえるけ施えもけ→やけラ	
S2517	1	241	151	憑魔一族の長であらせられる老王が<br />お年で病床に伏されるとは<br />おいたわしい¨¨。<br /><arrow>心を尽くして、お世話いたしますゆえ<br />早くよくなって下され、老王よ¨¨‼<0xdb>聖魔様と合身など‼<br />¨¨おお、おそろしや¨¨‼<0xdb00>三只眼魔神像と合身など‼<br />¨¨おお、おそろしや¨¨‼<0xdb00>どういうわけか、ガルガ様の遺体が<br />地下神殿から消えたらしいんですよ。<br />いったい、誰が何の目的で<br />運び出したのでしょう¨¨。<0xdb>やこノ	
S2518	1	128	92	ガルガ様は、まだかなぁ。<br />商用があって、さっきからこうして<br />待ってるんだけど¨¨。<br /><arrow>ところで、この王宮のどこかに<br />最高に強い光の妖魔の卵があると<br />小耳にはさんだんだけど¨¨。<br />キミ、知ってるかい？<0xdb>かえろさデかえるさぁやこ	
S2519	1	215	149	一日中交替で、警備してるんで<br />メシの時間だけが楽しみなんだよ。<br /><arrow>最近、ガルガ様は<br />特に警備を厳しくするよう言われたが、<br />何かあったのかねぇ。<0xdb00>ガルガ様に、何かあったらしい‼<br />敵が何者か、まだ聞いてないが<br />戦闘になるんだったら、メシ食って<br />備えておかなくちゃな‼<0xdb>俺も憑魔一族をお救い下さった<br />聖魔様に忠誠をちかうぜ‼<0xdb>かえろしヲかえるしヒやさ；	
S2520	1	261	179	俺も憑魔戦士のはしくれだ。<br />もっといい武器を装備して<br />強くなりたいぜ‼<br /><arrow>ちなみに憑魔の伝説のスカニヤーという<br />強い戦士が使っていたらしい武器が<br />数年前盗まれてどこかに行ったきりだ。<br /><arrow>あんな武器が持てたらなぁ¨¨。<br /><arrow>それにしても¨¨腹、減ったナァ¨¨。<br />メシはまだかよ‼<0xdb>ガルガ様に何があったんだッ!?<0xdb00>グプター様‼<br />我々はここを離れることはできません。<br />我々の分も、聖魔様をよろしく<br />お願いいたします‼<0xdb>かえれすやかえるすせやし―	
S2521	1	165	111	あ～、いそがしい、いそがしい‼<br />王宮と言っても、<br />一つの町も同然だからね。<br />みんなの食事を作るのは、大変だよ‼<0xdb>老王様は御無事なのかしら¨¨。<0xdb>あんなことのあった後だからね。<br />みんな安心して食欲がでちゃって<br />大変だよ‼<br />あ～、いそがしい、いそがしい‼<0xdb00>かえれす×かえるす やすマ	
S2522	1	155	112	使用人たちの食事を作るのは<br />量が多くて大変だし、<br />ガルガ様たちの食事を作るのは<br />味にうるさいんで、一苦労だよ。<0xdb>私たちも、こんなことしてるヒマ<br />ないのにねぇ！<0xdb00>もう、味にうるさいガルガ様の<br />お食事を作ることも<br />ないんだねぇ¨¨。<0xdb>いえれそたえろかえるせゾやせし	
S2523	1	351	240	おや、憑魔宮の中に<br />外国の方が入って来られるなど、<br />ガルガ様のお客様ですね？<br /><arrow>我々は侵入者は厳しくとりしきるよう<br />言われておりますが<br />ガルガ様のお客人は、丁寧に接するよう<br />申しつかっております。<0xdb00>ガルガ様が御乱心あそばしたというのは<br />本当なのでしょうか‼<br /><arrow>何でも、地下の魔神像と合身しようと<br />してるとか¨¨。<br /><arrow>そんなことになったら、我々憑魔一族は<br />破滅です‼<br />グプター様、何とかガルガ様を<br />お止め下さい‼<0xdb>ふきつな話を聞いたんですがね¨¨。<br />地下神殿から、ガルガ様の遺体が<br />消えていたそうですよ。<br />どういうことなんでしょうかねぇ¨¨。<0xdb00>かえれたぢかえるたいはそヒえに	
S2524	1	870	587	あら、あなたガルガ様のお客様？<br />¨¨¨ここだけの話、最近のガルガ様は<br />様子が変じゃございません？<br /><arrow>何を考えているのか、わからないほど<br />冷たい顔をなさるし、<br /><arrow>お父上である老王さまの言うことにも<br />耳を貸さないし¨¨。まるで、誰かに操られているよう¨¨。<0xdb>ガルガ様が、地下の三只眼魔神像と<br />合身を企てているというのは<br />本当なのですかっ!?<0xdb00>ガルガ様が、あんなことをするなど<br />やはり何者かに操られていたとしか<br />思えませんわ。<0xdb00>かえれつャかえるつしかえゆち×はたヲえね戦士として、強くなるために<br />そろそろ俺も憑魔合身の儀式を<br />受けたいんだが¨¨。<br /><arrow>憑魔合身の儀式ができるのは<br />老王様と若王ガルガ様と、<br />一族一の女戦士グプター様だけだ。<br /><arrow>儀式を受けないうちは、いくら俺達に<br />合身能力があると言っても<br />憑装具も思うように扱えん。<br /><arrow>憑装具というのは俺達一族の専用武器で<br />ＭＰも消費するかわりに合身変形なしで<br />攻撃力をかなり高めることができる。<br /><arrow>しかし、憑魔っていう俺達の存在自体、<br />この世界で認められていないからな。<br /><arrow>憑装具を扱っている店は<br />残念ながら存在しないんだ。<0xdb00>王族の方がたの住んでる３階の方が<br />騒がしいですが¨¨。<br />何か、あったのですか？<br />グプター様‼<0xdb>地下の魔神像は、動かすと災いがあると<br />されていたからこそ、太古の昔<br />封印されたのでは、なかったのですか‼<br /><arrow>アレを合身しようなど、ガルガ様も<br />正気のさたとは思えませぬ‼<br />ああ、俺も戦士として戦う力があれば、<br />ガルガ様をお止めできるものを¨¨‼<0xdb00>私も、八雲殿やグプター様に継ぐような<br />りっぱな戦士になりたいと思います‼<0xdb>かえれて	
S2525	1	220	153	かえるて２かえゆてユはつ<speak>えの俺の仲間は、ガルガ様に背いて<br />憑魔宮の地下にあるという地下牢に<br />閉じ込められてしまった。<br /><arrow>助けることはできないまでも、顔を見て<br />元気づけてやりたいものだが¨¨。<br />地下牢への行き方を知ってるのは<br />老王様、ガルガ様、グプター様だけだ。<0xdb>これはこれは、グプター様‼<br />使用人部屋へいらっしゃるなど、<br />何か起こったのですか!?<0xdb>グプター様‼	
S2526	1	723	463	それにお客人‼<br />どうかお願いです‼<br />あのガルガ様を、お止めできるのは<br />お二人しかおりませぬ‼<0xdb>我ら一族の危機を、お救い下さるとは<br />やはり、三只眼吽迦羅は聖魔様で<br />ございました‼<0xdb>いえれな＄えろかえるなずかえゆと０やとざここだけの話だけど、老大臣エナク様の<br />一人娘で、憑魔一の女戦士と歌われる<br />アルマリック・グプター様も<br /><arrow>本当は若王ガルガ様のことが、<br />お好きなのよ。<br />女心って複雑よね¨¨。<0xdb00>グプター様が、地下牢に入れられた話、<br />私もうかがいました。<br /><arrow>ガルガ様は、あんまりですわ‼<br />おつらいでしょうね、グプター様¨¨！<br />心中お察ししますわ‼<br /><arrow><portrait_02>グプター：<br /><speak>言うな</speak>¨¨！<br /><speak>一族の危機かも知れぬ時だ。<br />私とガルガのことなど</speak>¨¨‼<0xdb>お心はつろうございましょうが、<br />ガルガ様を、このままにしておいては<br />我ら憑魔一族の破滅です‼<br /><arrow>どうか、グプター様。<br />心を鬼にして<br />ガルガ様を阻止して下さいませ‼<br /><arrow><portrait_02>グプター：<br /><speak>わかっている</speak>¨¨<speak>私とて</speak>¨¨‼<br /><speak>もはや、彼は私の知っているガルガでは<br />ないのだ</speak>¨¨‼<0xdb00>グプター様、ガルガ様の御遺体が<br />地下神殿より消えたという話、<br />御存じですか？<br /><arrow>おつらいでしょうが、<br />聖魔様をお守りするお役目、<br />しかとお果たし下さいますよう¨¨‼<br /><arrow><portrait_02>グプター：<br />¨¨¨¨¨¨¨<speak>ガルガの遺体が</speak>¨¨!?<br /><speak>いったい何者が、何のために</speak>¨¨！<0xdb00>かえれぬ８かえるぬサはにゲえぬ	
S2527	1	376	250	我ら一族に子が生まれず、そればかりか<br />母子ともども死んでしまうのは、<br />我ら特有の、合身能力のせいなのです。<br /><arrow>しかし、三只眼吽迦羅さえいれば、<br />彼らの不老不死の法で<br />無事子供を産むことができるのです。<br /><arrow>私の宿したこの子供も、無事この世に<br />生まれて来ることができるだろうに¨¨<br />このままでは、我ら一族は絶滅への道を<br />たどる一方です。<0xdb>このような非常時にも<br />私は一族のために、何もできませぬ。<br />ただひたすら老王様、グプター様たちの<br />御無事を、お祈りいたしております。<0xdb00>私は信じます！<br />いつかきっと、我ら一族の女たちが<br />安心して、無事子供を産める日が<br />来ることを¨¨‼<0xdb00>かえれね！かえるね０やぬ	
S2528	1	235	162	ガルガ様のお客様ですか？<br /><arrow>もし、ケガをしたり病気になった場合は<br />老王様の従者が医術を心得てますので<br />彼に相談するのがよろしいでしょう。<br /><arrow>彼は最近、老王様につきっきりなので<br />なかなか会えないかも知れませんが<br />会った時には、色々な方向から<br />話しかけてみて下さい。<0xdb00>こわいわ、こわいわッ‼<br />私はいったい、どーすればいーのッ‼<0xdb00>三只眼様は、まこと我らの聖魔様です‼<0xdb00>かえるのテやね	
S2529	1	169	121	ガルガ様は、どこへ行ったのかしら。<br />せっかく貿易商の父に頼み込んで<br />代理でガルガ様に会いに来たのに。<br /><arrow>高貴な血筋に、ハンサムでお金もち¨¨<br />私をこんな気持ちにさせるなんて<br />うふん、ニクイお方♥<0xdb00>みんな、何をさわいでいるのかしら¨¨<br />それよりガルガ様は、どこなのぉ？<0xdb>かえれはざかえるの	
S2530	1	179	113	その部屋は、憑魔一族の歴史や<br />秘密などが記された本を並べた<br />図書室だ。<br /><arrow>お客人といえども、<br />勝手に入らないで頂きたい！<0xdb00>地下の魔神像と、合身しようとして<br />今まで成功したものなど<br />一人もおりません‼<br />ガルガ様は正気とは思えませぬ‼<0xdb00>聖魔様、万歳‼<0xdb00>かえれふしかえるひ	
S2531	1	487	320	ガルガの野心家ぶりにも<br />あきれるものがある。<br /><arrow>あんな危険な男に、我ら一族の運命を<br />握らせておいて、大丈夫だろうか¨¨。<br />アルマリックの父上も心配されてるが、<br />私も一族の大臣の一人として、心配だ。<0xdb00>ガルガが三只眼の娘を捕らえ、<br />グプターを地下牢へ放り込んだという話<br />は、本当なんだろうか!?<br />恐ろしいことだ¨¨‼<0xdb00>グプター‼<br />ガルガは一体、どうなっているんだ‼<br />我ら一族を破滅させる気か!?<br /><arrow><portrait_02>グプター：<br />¨¨¨<speak>そんなことにはさせぬ‼<br />我が命にかけてもな！</speak></portrait><br /><arrow><portrait_00>八雲：<br />グプター¨¨！</portrait><br /><arrow>とにかく、ガルガは部屋に閉じ込もって<br />出て来ない。<br /><arrow>もし、君の呼び出しにも応じなければ<br />あとは、ガルガの部屋を開ける<br />『ユマの金の鍵』でもって<br />ドアを開けて踏み込むしかないぞ‼<0xdb00>ついにガルガのやつ、乱心したか¨‼<0xdb>今後、我ら一族は聖魔様に<br />ついていきます‼<0xdb>かえれへスかえるへぼかえゆへつかえもふ！やふぼ	
S2532	1	302	205	兄さんたら、また真面目に<br />悩んでいるのかしら¨¨。<br />ガルガ様が野心家で、結構じゃないの！<br /><arrow>私、絶対にガルガ様の妻になって<br />未来の憑魔の王妃になってみせるわ‼<br />女戦士のアルマリックになんか<br />負けるもんですか‼<0xdb00>アルマリックが、ガルガ様に反抗して<br />地下牢に閉じ込められたって話だわ。<br />これで、妃の座も私のものね‼<br />オーッホッホッホッホ‼<0xdb00>まあ、アルマリック‼<br />いつ地下牢から出たの!?<br />私と話すことなど、何もないはずよ‼<0xdb>うそよ、うそよ‼<br />ガルガ様が御乱心だなんて‼<0xdb00>あ～ん、ガルガ様ぁ～ッ‼<0xdb>かえれみ	
S2533	1	29	26	かえゆみ、かえめみ８こえむてへヵこえみてへヂはへ4えはばほ	
S2534	1	318	210	俺はグプターと同じくらいに<br />ガルガに信用されるほど、<br />ヤツとは友人だと思っているが<br /><arrow>最近のガルガは、何を考えているのか<br />俺にも、さっぱりわからん¨¨。<br /><arrow>不老不死の術を研究している俺に、<br />地下の三只眼魔神像の封印を、<br />解く方法を教えろと言ってきた。<br /><arrow>災いを防ぐため、太古の昔に封印された<br />像なのに¨¨もしかしたら、ガルガは<br />三只眼魔神像と合身するつもりなのか!?<br /><arrow>あれを動かしたら、ガルガはもちろん、<br />我ら一族の誰にも、制御はできん‼<br />憑魔はもはや、破滅への道を<br />進むしかないというのに¨¨‼<0xdb00>何っ‼	
S2535	1	122	82	グプターが地下牢に<br />捕らえられた!?<br />一体、どういうつもりなんだ、ガルガ‼<br /><arrow>あのグプターが、理由もなく<br />ガルガに反逆するはずがない¨¨。<br /><arrow>俺も最近のガルガのおかしな様子は、<br />気になってたんだ。<br /><arrow>頼む、君‼	
S2536	1	373	238	グプターを地下牢から<br />助け出してくれないか!?<br /><arrow>この鍵を渡すから¨¨。<br />憑魔宮の貴族にしか持つことのできない<br />銀の鍵だ。<br /><arrow>これで老王様にお会いして<br />地下牢へつながる道を聞き出して。<br /><arrow>俺は今、この手を止める訳にはいかない<br />から¨¨。<br />君に頼むよ‼<0xdb00>¨¨と思ったけど、<br />荷物が一杯のようだね。<br />荷物を減らしてから、必ず来てくれよ‼<0xdb00>八雲は『ユマの銀の鍵』を手に入れた。<0xdb00>やあ、約束通り、荷物を減らして<br />来てくれたね。それじゃ、銀の鍵を<br />渡すからグプターを頼むよ‼<br /><arrow>八雲は『ユマの銀の鍵』を手に入れた。<0xdb>君‼<br />グプターを頼むよ‼<0xdb00>グプター‼<br />話はその少年から聞いてるよ。<br />ガルガを、止めてくれっ	
S2537	1	413	272	頼む‼<0xdb00>八雲さん、グプター‼<br />よくやってくれた‼<br />聖魔様も、助かったことだし<br />いつの日か、きっと憑魔も救われるよ‼<0xdb>かえれめめはむざえひ今まで、ガルガ様の命令で<br />憑魔の能力を使って、不老不死の法を<br />造り出す研究を重ねてきたが<br /><arrow>旅人や若い娘の命を犠牲に、実験しても<br />やはり、三只眼の力なくして<br />不老不死の法を造るのは、不可能だ。<br /><arrow>しかし、おかしいな¨¨。<br />女たちが無事出産する方法を見つければ<br />不老不死の術でなくともいいはず¨¨。<br /><arrow>なぜガルガは、不老不死の術に<br />こだわっているんだ¨¨？<0xdb00>ガルガが俺に、不老不死の法を<br />研究させていたのは、<br />女たちが無事出産するためではなく<br />自分に使うためだったのか¨¨‼<0xdb00>こえのさえはさえへさえほちえまかえれや	
S2538	1	608	400	かえるやズかえゆも(いえまめ＄えみやめピわしに何か、用かね？<br />用がなければ出て行ってくれ。<br />一人娘が帰って来なくて<br />今それどころじゃないのじゃ‼<0xdb>おお、客人‼<br />娘のアルマリックが、反逆罪で<br />地下牢に入れられたというのです‼<br /><arrow>何でもガルガ様に、たてついたとか¨¨<br />しかし、ちかってアルマリックは<br />そのような娘ではありません‼<br /><arrow>女とはいえ、戦士としての誇りもある。<br />きっと、何か事情があったはず¨¨！<br /><arrow>しかし、ガルガ様に事情を聞こうにも<br />お会いしても下さらぬし¨¨。<br />老王様も、病床に伏せておられる¨¨。<br />おお、どうしたらいいのか¨¨。<0xdb00>アルマリック、無事で何よりじゃ‼<br />かくなる上は、ガルガ様の御乱心を止め<br />聖魔様を、お助けするのじゃ‼<br /><arrow><portrait_02>グプター：<br />¨¨<speak>お言葉を返すようですが</speak>¨¨。<br /><arrow><speak>ガルガ様は御乱心されたと<br />決まったわけではありませぬ</speak>¨¨！<br /><arrow><speak>しかしながら、このアルマリック</speak>¨¨、<br /><speak>命にかえましても聖魔様を助け出し、<br />ガルガ様の本心を確かめるつもりです！<0xdb00>アルマリック、ガルガ様の御乱心を止め<br />聖魔様を、お助けするのじゃ‼<br /><arrow><portrait_02>グプター：<br />¨¨¨<speak>万が一の場合は</speak><br /><speak>老王様をお頼みします、父上！	
S2539	1	119	85	アルマリック‼<br />聖魔様は、まこと憑魔の救いの神じゃ。<br />心してお仕えするのだぞ‼<br /><arrow><portrait_02>グプター：<br /><speak>もとよりそのつもり</speak>¨¨<speak>言われるまでも<br />ありませぬ、父上！<0xdb00>かえれよャこえるつゆサぉよぴコことぶつゆロぉよルあ	
S2541	1	355	259	あすみませんね、娘のアルマリックが<br />帰って来なくて<br />主人は気が立っておりますの。<br /><arrow>それにしても、アルマリックは<br />どこへ行ったのかしら¨¨。<br />ガルガ様は帰って来たのに、<br />まだヴィエヌから戻らないなんて¨¨。<0xdb00>おお、このようなことになるとは<br />信じられません！<br />娘が何をしたというのでしょう‼<0xdb>おお、アルマリックを助け出して下さり<br />ありがとうございます。<0xdb>宿が必要な時は、<br />どうぞ私たちの部屋にお泊まり下さい。<br />今、お泊まりになりますか？<0xdb00>そうですか¨¨。<br />それでは、また宿が必要な時に<br />来て下さい。<0xdb00>聖魔様が、我ら一族を<br />お救い下さいますように¨¨‼<0xdb>いえれりロえろかえるりキかえりりしかえゆら，かえもらヘかえまらぺはよ	
S2542	1	878	584	ガルガ様は、お部屋にこもりっきりで<br />出てきそうにないですねぇ¨¨。<br />誰が呼んでも返事もないし¨¨。<br /><arrow>グプター様がいらしたら、<br />御様子もわかるんでしょうけど¨¨。<0xdb>何やら、老大臣エナク様のお部屋の方が<br />騒がしいわねぇ¨¨。<0xdb00>ガルガ様が、聖魔、三只眼様を捕らえ、<br />しかもグプター様を反逆罪で地下牢に<br />閉じ込めたという話は、<br />本当なのでしょうか¨¨‼<0xdb>グプター様でも、ダメとなると¨¨。<br />もはやガルガ様の部屋は、鍵職人ユマの<br />特製中の特製、金の鍵でしか、<br />開きませぬ¨¨‼<0xdb>おお、グプター様、探していたのです‼<br />ガルガ様が聖魔様を連れて、<br />北の塔へと行かれました‼<br />恐らく合身の儀式かと¨¨‼<0xdb00>恐ろしいことに、なってしまいました‼<br />憑魔はもう、終わりです‼<0xdb>おかしなうわさを聞いたんですよ¨¨。<br />ガルガ様の遺体を、誰かが持ち出したと<br />いう¨¨。<br />もう、お聞きになりましたか？<0xdb00>かえれれたかえるる・かえゆるマかえもるょかえまるみやり<arrow>こちら側は、一族の若大臣ウーリー様と<br />妹君のウシャス様の部屋です。<br />お客様は呼ばれてないはずですが¨¨。<0xdb>老大臣エナク様の所で<br />何かあったのかしら¨¨？<br />なぜか、騒がしいようだけど¨¨。<0xdb>聖魔様と合身しようなど¨¨。<br />恐ろしいことです‼<0xdb00>ガルガ様が、聖魔、三只眼様を捕らえ、<br />自らと合身しようとしているというのは<br />本当なのですか!?<br />どうか、ガルガ様をお止め下さいませ‼<0xdb>ガルガ様が、地下の三只眼魔神像と<br />合身しようとしているというのは<br />本当なのですか!?<br />どうか、ガルガ様をお止め下さいませ‼<0xdb00>聖魔様が我ら憑魔一族を<br />お救い下さった‼<br />聖魔様は我らの、絶対神でございます‼<0xdb00>こえをつれスばれヲえんら	
S2546	1	113	74	かえるろ0あ恐ろしい¨¨恐ろしすぎる‼<br />あの魔神像は、三只眼との合身に失敗し<br />た憑魔の成れの果てというより、もっと<br />もっと、忌まわしいものなのです‼<0xdb>かえるわしあ<portrait_07>パイ：<br /><speak>八雲ォ</speak>¨‼	
S2547	1	34	25	パイは大丈夫だから、<br />おジィちゃんたちを助けてあげて‼<0xdb00>あ	
S2557	1	139	87	[player]：<br /><portrait_00><speak>それじゃあ、お言葉に甘えて・・・</portrait><0xdb>あら、いらっしゃい。<0xdb00>これはこれは、<br />いらっしゃいませ。<0xdb>お泊まりは<br /><E7FD>!?＄になりますが<br />よろしいですか？<return_p>一泊<E7FD>!?＄だけど<br />泊まっていく？<return_p>宿泊は<br /><E7FD>!?＄となっておりますが、<br />よろしいでしょうか？	[player]:<br /><portrait_00><speak>그럼, 말씀대로¨¨</portrait><0xdb>어머, 어서 오세요.<0xdb00>이거 이거,<br />어서 오십시오.<0xdb>숙박은<br /><E7FD>!?＄입니다만<br />괜찮으시겠습니까?<return_p>하룻밤 <E7FD>!?＄인데<br />묵고 갈래?<return_p>숙박은<br /><E7FD>!?＄로 되어 있습니다만,<br />괜찮으시겠는지요?
S2558	1	149	101	では<br />ごゆっくり¨¨。<0xdb>じゃあ<br />ごゆっくり¨¨。<0xdb00>では<br />ごゆるりと¨¨。<0xdb>おはようございます。<br />よく休めましたか？<arrow>どうか、聖魔様と娘のアルマリックを<br />お願い致します。<0xdb00>どうか、聖魔様と娘のアルマリックを<br />お願い致します。<0xdb00>おはよう！<br />ゆっくり休めたかしら。<br />また	
S2562	1	71	44	この裏庭は、憑魔一族の墓地じゃ。<br />子供を宿したまま、死んでしまった<br />多くの女が、この墓に眼っておる¨¨。<0xdb00>や	
S2564	1	35	23	最近、面白いうわさがなくて<br />タイクツだわ～¨ふわぁ¨¨。<br />アッ	
S2565	1	9	7	ごめんなさい！<0xdb>や	
S2566	1	19	9	温聖魔様、万歳‼<0xdb00>やあえ	
S2567	1	35	21	我々も、聖魔様にすべてを捧げる<br />気持ちです‼<0xdb00>やあり	
S2568	1	29	17	老王：<br /><speak>聖魔様を、お頼みしましたぞ‼<0xdb>やあぁ	
S2569	1	99	65	憑魔一族の長であらせられる老王が<br />お年で病床に伏されるとは<br />おいたわしい¨¨。<br /><arrow>心を尽くして、お世話いたしますゆえ<br />早くよくなって下され、老王よ¨¨‼<0xdb>やあ６	
S2570	1	43	27	俺も憑魔一族をお救い下さった<br />聖魔様に忠誠をちかうぜ‼<0xdb>やあ→	
S2571	1	141	97	俺も憑魔戦士のはしくれだ。<br />もっといい武器を装備して<br />強くなりたいぜ‼<br /><arrow>ちなみに憑魔の伝説のスカニヤーという<br />強い戦士が使っていたらしい武器が<br />数年前盗まれてどこかに行ったきりだ。<br /><arrow>あんな武器が持てたらなぁ¨¨。<0xdb00>やいナ	
S2572	1	71	46	あ～、いそがしい、いそがしい‼<br />王宮と言っても、<br />一つの町も同然だからね。<br />みんなの食事を作るのは、大変だよ‼<0xdb>やい８	
S2573	1	145	100	使用人たちの食事を作るのは<br />量が多くて大変だし、<br />老王様のおかゆを作るのは<br />気を使うんだよ。<0xdb00>やい温ふきつな話を聞いたんですがね¨。<br />地下神殿から、ガルガ様の遺体が<br />消えていたそうですよ。<br />どういうことなんでしょうかねぇ¨¨。<0xdb>やうぶ	
S2574	1	51	40	ガルガ様が、あんなことをするなど<br />やはり何者かに操られていたとしか<br />思えませんわ。<0xdb00>やうモ	
S2575	1	49	35	私も、八雲殿やグプター様に継ぐような<br />りっぱな戦士になりたいと思います‼<0xdb>やう０	저도 야쿠모 님이나 굽타 님에 버금가는<br />훌륭한 전사가 되고 싶습니다‼<0xdb>やう０
S2576	1	60	38	我ら一族の危機を、お救い下さるとは<br />やはり、三只眼吽迦羅は聖魔様で<br />ございました‼<0xdb>やう	저희 일족의 위기를 구해 주시다니<br />역시, 삼지안 훔가라는 성마님이<br />ございました‼<0xdb>やう 
S2577	1	119	78	ここだけの話だけど、老大臣エナク様の<br />一人娘で、憑魔一の女戦士と歌われる<br />アルマリック・グプター様も<br /><arrow>本当は若王ガルガ様のことが、<br />お好きだったのよ。<br />女心って複雑よね¨¨。<0xdb00>やえサ	
S2578	1	73	47	私は信じます！<br />いつかきっと、我ら一族の女たちが<br />安心して無事子供を産めるように<br />なる日が来ることを¨¨‼<0xdb00>やえ０	
S2579	1	31	18	三只眼様は、まこと我らの聖魔様です‼<0xdb00>やえ！	삼지안님은 참으로 저희의 성마님이십니다‼<0xdb00>やえ！
S2580	1	32	20	今後、我ら一族は聖魔様に<br />ついていきます‼<0xdb>やえ	
S2581	1	49	37	ガルガ様は<br />いなくなってしまったのだし¨¨。<br />私も新しい恋を見つけなくっちゃね‼<0xdb>やおわ	
S2582	1	47	34	いつの日か、きっと憑魔も救われる。<br />俺たちには聖魔様がついてるもんな‼<0xdb>やおサ	
S2583	1	81	54	ガルガが俺に、不老不死の法を<br />研究させていたのは、<br />女たちが無事出産するためではなく<br />自分に使うためだったなんてな¨¨。<0xdb00>やお８	
S2584	1	29	18	聖魔様は、まこと憑魔の救いの神じゃ。<0xdb>やお～	
S2585	1	89	56	聖魔様が、我ら一族を<br />お救い下さいますように¨¨‼<0xdb>やお温我ら憑魔一族をお救い下さった聖魔様は<br />我らの絶対神でございます。<0xdb00>やかよ	
S2586	1	47	31	こちら側は、一族の若大臣ウーリー様と<br />妹君のウシャス様の部屋です。<0xdb>ゅ	
S2587	1	7	6	やな鋭やにぎ	
S2590	1	7	6	やて温やとぁ	
S2591	1	7	6	やね温やのナ	
S2592	1	7	6	やの温やはめ	
S2594	1	15	14	ぉも相ことぶてめキはやたえほ	
S2595	1	114	81	キ聖魔様、ここに眼る者達のためにも<br />どうぞあなた様の聖なる力を<br />おしめしください¨¨。<0xdb>ガルガ様も<br />ここに眼る者達のことを考えれば<br />聖魔様を傷つけることなど<br />できんかったじゃろうに¨¨。<0xdb00>や	
S2597	1	241	160	Ａ聖地ってどんなところなの？<br />なにか新しい情報は<br />入手した？<br />ねえってば¨¨。<0xdb>かかぱあぶやあよ聖魔様、故郷の聖地はいかがですか？<0xdb00>八雲様、<br />ガルガ様が聖地にいたというのは<br />本当ですかっ？<0xdb00>かかぱあァやあヘ聖魔様だけが我が一族の<br />頼みなのです。<br />くれぐれもお気をつけて¨¨。<0xdb00>ガルガ様が聖地に？<br />ガルガ様は何を考えているのだ。<br />我々憑魔一族の存亡など<br />どうでもいいのか？<0xdb>かかぱいぎやあ	
S2598	1	147	92	老王：<br /><speak>八雲どの、<br />聖魔様の生まれた地とはいえ<br />聖地は人知のおよばぬ場所。</speak><arrow><speak>聖魔様をくれぐれも頼みましたぞ。<0xdb00><portrait_05>老王：<br /><speak>ガルガを聖地で見かけたとのこと。<br />あやつ、いまだに聖魔様の<br />不老不死をねらっておるのですか？<0xdb>やいユ	
S2599	1	141	94	年をめされた老王様の面倒は<br />私どもにおまかせください。<br />皆様の無事を祈っておりますぞ。<0xdb>かかぱい＄やい6八雲さん、聖魔様、<br />聖地の旅はいかがですか？<0xdb00>ガルガ様が何で<br />聖地にいるのだ？<br />何を考えておられるのだ、若王は。<0xdb>やうえ	
S2600	1	173	117	我々はここを離れることはできません。<br />我々の分も、聖魔様をよろしく<br />お願いいたします‼<0xdb>かかぱうデやうぼ老王様は病の床にふしておられるし、<br />ガルガ様もなくなられたとは聞くが<br />行方不明¨¨。<br />食べ物もだんだんと細っていくよ¨¨。<0xdb>ガルガ様は聖地にいるんだって？<br />でも、本当かな¨¨。<0xdb>やう2	
S2601	1	71	48	使用人たちの食事を作るのは<br />量が多くて大変だし、<br />老王様のおかゆを作るのは<br />気を使うんだよ。<0xdb00>かかぱえざやう	하인들 식사를 만드는 건<br />양이 많아서 힘들고,<br />노왕님의 죽을 만드는 건<br />신경이 쓰인다고<0xdb00>かかぱえざやう
S2602	1	263	187	地下神殿から消えたガルガ様の遺体は<br />いまだに見つからないんですよ。<br />気味が悪いですね¨¨。<0xdb>ガルガ様が聖地に？<br />でもガルガ様は地下神殿で倒れたはず。<br />だれかがガルガ様を死のふちから<br />呼び覚ましたのでしょうか？<0xdb>かかぱえ；やえゲガルガ様はひとりでは<br />何もできない方だと思うの。<br />あの時の事件だって、<br />誰かにそそのかされたんだと思うわ。<0xdb00>たぶん、ガルガ様の遺体を<br />地下神殿から持ち出した奴が<br />ガルガ様を操っていた奴よ、きっと。<0xdb>やおい	
S2603	1	49	36	私も、八雲殿やグプター様に継ぐような<br />りっぱな戦士になりたいと思います‼<0xdb>やおざ	저도 야쿠모 님이나 굽타 님에 버금가는<br />훌륭한 전사가 되고 싶습니다‼<0xdb>やおざ
S2604	1	61	39	我ら一族の危機を、お救い下さるとは<br />やはり、三只眼吽迦羅は聖魔様で<br />ございました‼<0xdb>やおム	저희 일족의 위기를 구해 주시다니<br />역시, 삼지안 훔가라는 성마님이<br />ございました‼<0xdb>やおム
S2605	1	136	90	ここだけの話だけど、老大臣エナク様の<br />一人娘で、憑魔一の女戦士と歌われる<br />アルマリック・グプター様も<br /><arrow>本当は若王ガルガ様のことが、<br />お好きだったのよ。<br />女心って複雑よね¨¨。<br />おおっと、しゃべりすぎたわね¨¨。<0xdb00>やお	
S2606	1	71	48	私は信じます！<br />いつかきっと、我ら一族の女たちが<br />安心して無事子供を産めるように<br />なる日が来ることを¨‼<0xdb>やかぴ	
S2607	1	370	247	三只眼様は、まこと我らの聖魔様です‼<0xdb00>かかぱかョやかヌガルガ様はどこかで<br />生きておられるような気がします。<br />しかし、だれが遺体を<br />持ち出したのかしら¨¨。<0xdb>ガルガ様が聖地に!?<0xdb00>かかぱか墓か8我ら一族は聖魔様に<br />命をおあずけしている身¨¨。<br />一族の存亡をかけて<br />一生ついていきます‼<0xdb>ガルガ様は我が一族の若王。<br />しかし、我々の未来まで<br />うばうことはできません。<br /><arrow>もし、若王が生きているのならば<br />どうぞ聖魔様、そして八雲様、<br />彼を正しき道にお導き下さい。<0xdb>かかぱきギやきノガルガ様¨¨。<br />いったいどこにいるの¨¨。<0xdb00>ガルガ様を聖地で見かけたって!?<br />ねえ、聖地にはどうやって行くの？<br />教えてよ‼<0xdb00>かかぱき	
S2608	1	404	278	やき いつの日か、きっと憑魔も救われる。<br />俺たちには聖魔様がついてるもんな‼<0xdb>若王が聖地にいるとのこと。<br />もしそれが本当ならば<br />彼を止めなくてはなりません。<br /><arrow>彼が再びあやまった行いに<br />はしる前に¨¨。<br />我が一族のほこりにかけても¨¨。<0xdb00>かかぱくヴやくゃ聖地にはめずらしい妖魔が<br />たくさんいるんでしょ？<br />一度、合身してみたいもんだな。<0xdb00>聞くところによれば<br />鬼眼王の无、ベナレスは<br />獣魔と呼ばれる精気を食らうけものを<br />操る術を発明した張本人だそうだ。<0xdb00>かかぱけみやく×聖魔様、とうとう聖地についたそうで。<br />しかし、気をつけなされ<br />あなた様の不老不死をねらう者も<br />数多く、おるはずじゃ¨¨。<0xdb00>ガルガが聖地に現れた？<br />むむう、あやつ<br />何を考えておるのじゃ¨¨。<0xdb00>やけぉ	
S2609	1	201	135	聖魔様が、我ら一族を<br />お救い下さいますように¨‼<0xdb00>かかぱけ0やけユガルガ様はどこかで<br />生きているような気がする。<br />それも、あの野望を秘めたまま¨¨。<br />おそろしい¨¨。<0xdb00>ガルガ様が聖地にいる!?<br />また、悪いたくらみなど<br />考えていなければいいが¨¨。<0xdb>やけ<portrait_00>我が一族の存亡は<br />聖魔様にかかっております。<br />八雲さん、よろしくお願いしますね。<0xdb>ゅ	
S2612	1	7	6	やに断やぬず	
S2616	1	33	23	預かっている品物がありません<0xdb>ゆ・ゆ！ゆ―ゆ（ゆ『ゆ＄ゆ<br />ゆ	맡아 둔 물건이 없습니다<0xdb>ゆ・ゆ！ゆ―ゆ（ゆ『ゆ＄ゆ<br />ゆ
S2648	1	33	25	おや¨¨お客さんとはめずらしい。<br />ダヌパァの村にようこそ。<0xdb>や	
S2649	1	47	32	う～ん¨¨この村はいいなぁ¨¨。<br />日本に帰りたくなくなっちゃったよ。<br />ふぁぁぁあ。<0xdb>や	
S2650	1	41	30	サージはねぇ、強いの。<br />でも、はくまろーはもっと強いの。<br />サージすきぃ！<0xdb00>や	
S2651	1	51	34	我らがダヌパァの民は砂漠の民。<br />そのひと昔は最強の戦闘民族<br />だったのだよ。<0xdb>ゅ	
S2652	1	55	33	Ａ私たちは、季節によって村の場所を<br />変えます。<br />食料のある場所によって¨¨。<0xdb00>やあよ	
S2653	1	33	22	おや、お客さんですか¨¨。<br />どちらから来なさった¨¨。<0xdb>やあぁ	
S2654	1	23	17	奥にいらっしゃるのが長老です。<0xdb00>やあソ	
S2655	1	45	31	砂漠での生活って大変なんですよ。<br />お風呂にはいるのもひと苦労。<0xdb>やあデ	
S2656	1	39	25	この辺は砂漠ですからねぇ¨¨。<br />生きて行くのが大変です。<0xdb>やあ6	
S2657	1	40	27	ワンワン、ボク、犬。<br />順番を待っているのさ！<br />キミもならびなよ。<0xdb00>やあ	
S2658	1	23	15	なんだいあんたら¨¨<br />怪しいな¨¨。<0xdb>やいつ	
S2660	1	7	6	やの断やはぺ	
S2662	1	70	50	ざおや¨¨お客さんとはめずらしい。<br />ダヌパァの村にようこそ。<0xdb>ダヌパァの民はたそがれの民¨¨。<br />我らが村にようこそ¨¨。<0xdb>かえジ	
S2663	1	124	88	ヲう～ん¨¨<br />この村はいいなぁ¨¨。<br />日本に帰りたくなくなっちゃったよ。<br />ふぁぁぁあ。<0xdb00>そうですか¨¨サージくんは¨¨<br />ボクに、出来ることはなんでしょう？<br />彼のように、生きることが<br />出来るでしょうか？<0xdb00>かえジあばかえグあやや	
S2664	1	87	63	サージはねぇ、強いの。<br />でも、はくまろーはもっと強いの。<br />サージすきぃ！<0xdb00>サージィ、サージィ！<br />ねぇ、遊んで、遊んで！<0xdb00>ねぇねぇサージはぁ？<0xdb00>かえジいいかえグあ	
S2665	1	193	131	かえヴあデやあサ我らがダヌパァの民は砂漠の民。<br />そのひと昔は最強の戦闘民族<br />だったのだよ。<0xdb>あんな子供に守り人を任せなくては<br />ならないとは¨¨。<br />我が部族の戦士は世界最強だが¨¨<br />妖魔相手ではどうしょうもないのだ。<0xdb>気をつけろよ¨¨サージ。<br />ナーグパジャの森は人喰いの森だ。<0xdb00>くそう、俺に守り人の力があれば	
S2666	1	34	23	なぜ、あんな子供が死なねばならん？<br />なぁ、教えてくれ！<0xdb00>ゅ	
S2667	1	61	44	私たちは、季節によって村の場所を<br />変えます。食料のある場所によって。<0xdb>かえゼお、こえジていバかえグう	
S2668	1	11	9	いえヴい！えガやい２ょ	
S2669	1	921	596	そやかふおや、お客さんですか¨¨。<br />どちらから来なさった¨¨。<0xdb>なに三只眼とな。古の昔、我が部族は<br />三只眼から力をさずかったという¨¨。<br />それを我らは守り人と呼んだが¨¨<br /><arrow>部族の人数が多かった頃は、守り人の<br />数も多かったのだが、今ではサージと<br />いう子だけになってしまった¨¨。<br /><arrow>おおそうじゃ、実はそのサージが両親の<br />カタキをうつために、<arrow>ナーグパジャの森へ<br />行くといってきかんのです¨。<br /><arrow>あなたがたを、かなりの戦士とみこんで<br />お願いします。サージといっしょに森へ<br />行ってもらえんじゃろうか？<br /><arrow>この老いぼれが知っている限りのことは<br />お教えいたします¨¨。<0xdb00>サージ、迷惑はかけないようにな。<0xdb00>そうですか、もうしわけない<br />¨¨¨¨¨¨¨¨¨¨¨¨¨¨¨¨¨¨<br />¨¨¨¨¨¨¨¨¨¨¨¨¨¨¨¨¨¨<br /><arrow>ワシのような老いぼれが生きて、<br />あの子のような年若い者が¨¨<br />死んでしまうとは¨<br /><arrow>全ては、全ては我らが大地の<br />決めたもうたこと¨¨。とはいえ<br />こたえますな¨¨¨¨¨¨¨¨¨¨¨¨<br /><arrow>お約束通り、三只眼について<br />お教えしましょう¨¨。<br /><arrow>昔、三只眼は西南の川を越えた<br />ほこらの奥から現れました¨¨¨。<br /><arrow>あのほこらの扉の奥にはさらなる遠くへ<br />渡る、通路があるということです。<br /><arrow>ダヌパァとは『守る者』という意味。<br />我らが部族は５００年の昔より、<br />その扉の門番をつとめてきたのです。<br /><arrow>この鍵を差し上げましょう。<br />三只眼の地を求めるあなたがたには<br />きっと役にたつでしょう。<br /><arrow>では、お気をつけて¨¨サージの魂が<br />大地に祝福されるよう<br />祈るとしましょう¨¨¨¨。<0xdb00>お気をつけて¨¨サージの魂が<br />大地に祝福されるよう<br />祈るとしましょう¨¨¨¨¨。<0xdb>みなさんの荷物が一杯で<br />お渡ししたい物があるのに¨¨。<br />こまりましたな¨¨。<0xdb00>『ダヌパァの鍵』を手にいれた‼<0xdb>かえジか４いえガかアえギやかば	
S2670	1	189	132	奥にいらっしゃるのが長老です。<0xdb00>ナーグパジャの森は<br />砂漠を移動しているのです。<br /><arrow>先日、ここから西に現れました¨¨。<br />この機会をのがしたら、<br />次に見つかるのはいつ頃になるか¨？<0xdb00>私たちには¨¨もう祈ることしか<br />出来ません。<br />妖魔の力は強大すぎて、戦うことも<br />不可能なのですから。<0xdb>かえジきァかえグきヌかえヴきわやか	
S2671	1	203	141	砂漠にはナーグパジャの森という、<br />人を喰らうと言われている<br />森があります¨¨。<0xdb00>サージの両親は人喰いの森、<br />いやナーグパジャの森を退治に<br />向かって¨¨行方不明なのじゃよ。<0xdb00>サージ、両親のカタキなど¨¨<br />イヤ、今回だけはおまえを説得するのは<br />無理じゃな。<0xdb00>あのときワシが止めていれば¨¨。<br />こんなことにならなかったのに¨¨。<0xdb>かえジくギかえヴき	
S2672	1	235	151	この辺は砂漠ですからねぇ¨¨。<br />生きて行くのが大変です。<0xdb>サージの両親も守り人でした¨¨。<br /><arrow>１０年前、ナーグパジャの森に<br />襲われ、部族の民が２０人ほど<br />帰りませんでした。<br /><arrow>当然、守り人が退治に向かったの<br />ですが¨¨<br />２人とも帰ってきませんでした。<br /><arrow>そのうち、森は姿を<br />消してしまったのです。<0xdb00>サージがなんてこと¨¨<br />すいません¨¨もうしわけないですが<br />帰って下さい¨¨。<br />気持ちの整理が	
S2673	1	13	7	できるまで¨¨。<0xdb00>やく！	
S2681	1	7	6	やね断やのケ	
S2699	1	205	144	こんにちわ！<br />中国雲南省、昆明市にようこそ。<arrow><br />ここはすごくすごしやすいのよ。<br /><arrow>気温が、真夏で２０度、冬でも１０度<br />ぐらいまでにしか下がらないの。<br />コートのいらない、<br />「常春の都」と呼ばれてるわ。<0xdb>この町でいちばんの物知りは<br />寧さんでしょうねぇ。<br />あっ今のギャグじゃないのよ。<0xdb00>寧さんがあなたたちのこと<br />捜してたわよ！<0xdb00>かおるあぴきおへあぴはあヘおみ	
S2700	1	44	28	このあたりは、三国志で孔明軍が<br />南下した際の戦場だったんだ。<0xdb>へ？	
S2701	1	46	31	そこの木のとこ？<br />そういえば¨¨周古物商の犬が、<br />なんかくわえてったなぁ。<0xdb00>ゅ	
S2702	1	27	24	こおるてあ，かおむいふこおてしおちてあ，いおたあ！おつ	
S2703	1	20	15	うちじゃ、あつかってないねぇ。<br /><arrow>あん？	
S2704	1	56	40	寧のじいさんが言ってた？<br />こないだ町の北東の木に<br />なんかしてたけどねぇ。<br />変なじじいだろ？<0xdb00>え？	
S2705	1	58	46	なにか埋まってなかったかって？<br />そういえば男の子が何か<br />持ってったような¨¨。<0xdb>こおるていケいおふいソおま	
S2706	1	53	36	なあいあゴミ、ゴミねぇ¨¨。この昆明で１番<br />グチャグチャなのは<br />周古物商じゃない？<0xdb00>やいブ	
S2707	1	69	47	昆明はこれでも、省の中心、<br />省都なんだぜ。<br />そりゃ魔物のせいで昔よりも¨¨<br />かなり、さびしくなっちゃったけど。<0xdb>やい→	
S2708	1	99	71	水のせせらぐ音を聞いていると¨¨<br />何千年も前に生きていた人々へ<br />思いを、はせてしまいます。<br />中国とはそういう所です。<0xdb00>かおるう→かおつう；かおちう0いおたうヂおてやうで	
S2709	1	47	33	それなら、周の店だな。<br />あそこはなぁ¨<br />ブキミな物しかあつかってないから。<br /><arrow>場所？	
S2710	1	32	23	町のはずれだよ、はずれ。<br />すぐわかるって。<0xdb00>寧のじいさん？	
S2711	1	32	24	こないだ宿屋の<br />おばさんがなんか言ってたな。<0xdb00>どうだい？	
S2713	1	18	12	昆明はいい所だろ？<0xdb00>かおるえ	
S2714	1	60	43	あらあらあら、やーねぇやーねぇ。<br />あたしはけっして<br />怪しい者じゃないのよ<br />本当だってば。<0xdb00>醜猫鬼の爪？	
S2715	1	218	164	なによそれ？<br />寧のじいさんが封印ねぇ¨¨。<br />そういえば武器屋があのじいさんの<br />事をスゴイ人だってほめてたけど。<0xdb00>あらあらあら、やーねぇやーねぇ。<br />あたしはけっして<br />怪しい者じゃないのよ<br />本当だってば。<0xdb00>あらあらあら、やーねぇやーねぇ。<br />あたしはけっして<br />怪しい者じゃないのよ<br />本当だってば。<0xdb00>あらあらあら、やーねぇやーねぇ。<br />あたしはけっして<br />怪しい者じゃないのよ<br />本当だってば。<0xdb00>やおほ	
S2716	1	67	49	この辺は倉庫街だから、<br />人通りが少ないのよねぇ。<br />夜の一人歩きはちょっち怖いかな。<0xdb>こおるておチいおておヌおに	
S2717	1	41	29	寧のじいさんかい？<br />こないだ、裏の木の根元に<br />何かしてたねぇ。<0xdb>やおブ	
S2718	1	133	101	ボクこの前、魔物に襲われそうに<br />なったんだけど、知らないお兄ちゃんに<br />助けてもらったんだ。<br /><arrow>そのお兄ちゃん、スッゴク強かったよ。<br />妖魔は呪文でバタバタ倒れていくんだ！<br />かっこよかったしね。<0xdb>かおんか0かおるかつきおすかつやかヒ香炉？	
S2719	1	187	132	そういえば、トレジャーハンターの<br />なんとかっていうヤツも、<br />あなたたちと同じ物を捜してたわよ。<br /><arrow>何かあるの、その香炉に？<br />もうけ話ならあたしも！<0xdb00>梁玉山¨¨？？？？<br />聞いたことないなぁ。<br /><arrow>この辺には、<br />そんな名前の山はないよ。<br />観光ガイドにものってないし。<0xdb00>寧さんがあなたたちのこと<br />捜してたわよ！<0xdb00>かおるか＄きおすか＄やきよ	
S2720	1	82	52	私は旅をしながら我が神の教えを<br />説いているのですが¨¨。<br />最近流行のインチキ新興宗教のせいで<br />僧侶の信用が落ちてて¨¨。<0xdb>え？	
S2721	1	104	66	梁玉山？<br />う～ん¨¨¨¨。<br />旧名かもしれんですな。<br /><arrow>その辺の事は町の北に住んでる、<br />寧のじいさんが詳しいですよ。<br />でもなぁ¨ガンコだから、簡単には<br />教えてくれないかも¨¨。<0xdb>ゅ	
S2722	1	76	51	寧さんのことかい？<br />あの人は昔、砕骸道師と<br />呼ばれてたんだよ。<br /><arrow>妖魔を滅ぼすその聖なる力は、<br />そりゃすごかったもんさ<br /><arrow>え？	
S2723	1	176	111	昔じゃなくて最近？<br />寧さんの家の隣の寺院の修行僧なら<br />なにか知ってるかもな。<0xdb>「武の右横、水気は木」<br />そりゃ「水気」が暗号だな。我が中国の<br />道教、五行説で水は北を表すんだよ。<br /><arrow>つまりこの武器屋の右横から<br />北へ行った所にある木が怪しいな。<0xdb>こおるてく2いおとく8おぬ	
S2724	1	98	79	寧道師？<br />そういえばこの寺の真南の川沿いに<br />なにか封印したとおっしゃってました。<0xdb>こおんてけにかおれさＣおりさウおるかおたさぅいおそこ８おたいおせこぅおそやけ那おじてけげょ	
S2725	1	315	208	おっ、来たな。どうせ必要に<br />なるだろうと思って、<arrow>リンド共和国への鍵を手に<br />入れといたぞ。<arrow>わしも昔は妖魔相手に派手に<br />やったもんだが¨¨¨。<arrow>『リンドへの鍵』を手に入れた。<0xdb>何ぃ、荷物がいっぱいだと．．．<br />さっさと始末して来んか。<0xdb00>がんばってくれ。頼む。おまえさん<br />たちの戦っている闇は、<br />あまりに強大すぎる¨¨¨。<0xdb>世界は破滅に向かっているのじゃ。<br />闇の王だかなんだか知らんが¨¨¨<arrow><br />ムダじゃよ、ムダ。人間は確実に、<br />自分で自分の首をしめておる。<0xdb>なんじゃ、なんじゃおまえは！<br />いきなり人の家に入ってきおって！<br /><arrow>なに？	
S2726	1	62	41	梁玉山だと？<br />あの山は妖魔むらがる邪な地。<br />お主のような若僧は<br />近づかんほうが身のためじゃ！<0xdb>ん？	
S2727	1	352	242	よく見ればこの霊気¨¨。<br />おぬし、ただの若僧ではないな。<br /><arrow>すまなかった、私が寧じゃ。<br /><arrow>わかった、梁玉山の場所が知りたいなら<br />ワシがこの町のどこかに封印した、<br />醜猫鬼の爪を見つけてきなさい。<br /><arrow>それくらい簡単にできねば、<br />梁玉山へは行かせられん。<0xdb00>見つかったかな？<0xdb>やはり、見つけおったか¨¨。<br />なかなかのもんじゃ。<br /><arrow>おぬしの探している山は、<br />この町より北西の方向にある。<br /><arrow>梁玉山と呼ばれていたのは１００年以上<br />も前の話。今では香山と呼ばれておる。<br />あの山は妖気の集まりやすい場所。<br />うかつに近よると、ケガをするぞ。<0xdb>どうじゃ、たいへんじゃっただろう？<0xdb>かおるしつきおましつはしラおめ	
S2729	1	40	27	寧のじいさん？<br />そういや２～３日前に<br />その辺を見てたけどな。<0xdb>かおるし	
S2732	1	87	57	なにも取っ組み<br />合いのケンカしなくても</speak>¨¨。<br /><arrow><speak>なんだっておまえは¨¨ん？<br />髪についてるの、それなんだ？</speak><br /><arrow><speak>「自らの寝るをもって封ずるべし」？<br />やった！	
S2734	1	88	62	俺、留守番なんだぁ。あっ留守番っても<br />あれだよ、副番とか画板とか<br />ババンババンバンバンとは関係ないよ。<br />似てるけどね。兄ちゃんもわかるだろ？<0xdb>え？	
S2735	1	56	39	あれお兄ちゃんのなの？<br />ごめん¨¨捨てちゃったぁ。<br />えっとぉ¨¨道具屋さんの前かな<0xdb00>ぉせ4らおえあ	
S2740	1	220	142	この香炉は、<br />あたしにとって大事な物な</speak>¨¨<0xdb>ぉつざあ<portrait_00>八雲：<br />¨¨<speak>こいつら、まっとうな<br />生き物じゃないぞ¨¨。<br />逃げる用意しとけ。<0xdb00>ぉつノあ<portrait_02>ジェイク：<br /><speak>へっ残ってねーと思ってたが、<br />やっと見つけた『聖地』へ通ずる鍵だ。</speak><br /><arrow><speak>これ以上、てめえらに<br />壊させやしねぇーぜ！<0xdb>ぉつ(あ<portrait_07>呪鬼：<br /><speak>ヒョッヒョッヒョッヒョッ<br />我らから逃れられると思っているのか！<br />おろか者めが！	
S2742	1	16	8	ぉてつあ<portrait_08>パイ：<br /><speak>八雲！	ぉてつあ<portrait_08>파이<br /><speak>八雲！
S2752	1	57	41	つ、ついてくんの？<br />いやそりゃ、おまえの勝手だけどさ</speak>¨。<0xdb00>ぉのユあ紅娘がパーティーに加わった。<0xdb>セう	
S2753	1	19	13	パイが仲間に加わった‼<0xdb00>セああ	
S2755	1	30	17	効果→少しの間、敵と出会わなくなる<br /><return_p>やゆ→	효과→잠시 적을 만나지 않게 된다<br /><return_p>やゆ→
S2764	1	297	156	八雲：<br /><speak>ふう¨あったぁ。このビンが、<br />醜猫鬼の爪？</speak></portrait><br /><arrow><portrait_03>紅娘：<br /><speak>ガウ！<0xdb00>隠し扉を見つけた！<0xdb00>隠し階段を見つけた！<0xdb00>鍵がかかっている。<0xdb00>宝箱は空っぽだった。<0xdb>特に興味のある内容では<br />ないようだ。<0xdb>見事な掛けじくだ‼<0xdb00>見事な絵画だ‼<0xdb>見事な壁画だ‼<0xdb>ポスターが貼ってある。<br /><arrow>「メガＣＤゲーム・ソフト、<br />『聖魔伝説３×３ＥＹＥＳ』<br />大好評発売中‼」<0xdb00>＄<E7FD>!?見つけた！<0xdb00><E7FC>を、見つけた！<0xdb00>[player]は足もとを調べた。<br />しかし何も見つからなかった。<0xdb00>こおりてじ	
S2765	1	21	13	いおつぜげおなやぜい<portrait_00>八雲：<br /><speak>ん？	いおつぜげおなやぜい<portrait_00>야쿠모<br /><speak>음?
S2770	1	29	20	いおぬぞにおはやぜい<portrait_00>八雲：<br /><speak>なにか埋まってる？	
S2777	1	23	13	いおひぞＦほやぜい<portrait_00>八雲：<br /><speak>あった！	いおひぞＦほやぜい<portrait_00>야쿠모:<br /><speak>있다!
S2779	1	22	14	いおほだケおむやぜい<portrait_00>八雲：<br /><speak>あれ？	いおほだケおむやぜい<portrait_00>야쿠모<br /><speak>어라?
S2782	1	17	9	おらやぜい<portrait_00>八雲：<br /><speak>あっ！	おらやぜい<portrait_00>야쿠모<br /><speak>あっ！
S2886	1	16	15	！らてっぉあゥんてみカあじてみナ	
S2887	1	83	56	人間が聖なる地と呼んでいるこの場所は<br />時空のはざまというか、<br />人間の住む地球とは全く別の<br />世界として存在しているんです。<0xdb00>や	
S2888	1	92	60	この町の北にある三只眼の墓地を抜け、<br />３００年前の戦いでできた<br />大地の裂け目を越えたところに<br />鬼眼城とその城下町があります。<0xdb00>かかぺあぎや	
S2889	1	111	74	体が毒におかされたり<br />戦う力もなくなった時は<br />となりの家の地下室を<br />訪れなさい。<0xdb00>３００年前の戦いが起こる前は<br />ここも緑があふれ、豪邸が立ちならぶ<br />美しい町だったのだが¨¨。<0xdb>ゅ	
S2890	1	89	60	３００年前の戦いは、それはもう<br />すさまじいものでした。<br /><arrow>聖魔様と鬼眼王の力がぶつかりあって<br />この町まで<br />砂漠と化してしまったのですから¨¨。<0xdb>やあ（	
S2891	1	175	111	旧鬼眼城の中庭には町があります。<br />鬼眼城下町と呼ばれ、様々な思惑を持つ<br />妖魔達が日夜集って来るのです。<br /><arrow>その町に行った者から<br />鬼眼城にベナレスが戻ってきたとの<br />話を聞きました。<br /><arrow>それがもし本当なら、<br />またあの苦々しい日々が<br />戻ってくるやも知れません¨¨。<0xdb>やいヲ	
S2892	1	106	73	聖魔様がこの地を去る時に<br />メッセージを残されたホログラムが<br />この町の北の墓地にあります。<br /><arrow>そのホログラムを見て我々は<br />聖魔様の御帰還を<br />待ち望んでいたのです。<0xdb00>ばい	
S2893	1	192	131	かべこかべさかぼさかぱさかぴさかぷちかぺあ四代目パールバティー様、<br />つまり、あなた様は<br />暴力に酔いしれる鬼眼王に立ち向かって<br /><arrow>最後には鬼眼王を聖魔石に封じた<br />尊いお方¨¨。<br /><arrow>それゆえ我々聖地に住む者は<br />あなた様を聖魔様と呼んでいるのです。<br /><arrow>確かにベナレスを支持する者達も<br />ゴマンといますが。<0xdb>やう４	
S2894	1	87	57	東にある『なげきの谷』と呼ばれる谷に<br />外界との接触を一切絶った民の集う<br />この世界の歴史を語り継ぐ<br />語り部の村があります。<0xdb00>やえい	
S2895	1	359	239	この町の北東に昔は村があったのです。<br />下働き達が住む貧しい村でした。<br />その村が一瞬にして滅んだのです。<br /><arrow>それも自らが生み出した<br />獣魔術の強大さを実際に<br />試すためだけに‼<br /><arrow>何十という民が<br />その命を奪われたのです。<br /><arrow>わずかに生き残ったのは<br />迅鬼という今ではベナレス直属の<br />手下だけ¨¨。<br /><arrow>あやつはどんな気持ちで<br />ベナレスに仕えているのでしょう。<br />え、八雲様方のお知り合い!?<br /><arrow>¨¨¨¨¨¨。<br />そうですか、哀れな迅鬼。<br />しかし、ベナレスも罪なことをしよる。<br /><arrow>あの冷酷さが鬼眼王をも<br />変えてしまったのかも知れん。<br />今やベナレスの力は鬼眼王をもしのぐ。<br />なんとかしなくては¨¨。<0xdb00>やおノ	
S2896	1	189	118	この世界に住む民の多くが<br />昔から鬼眼王に使役させられてきた。<br /><arrow>新しい鬼眼城の建設、そして<br />３００年前に死んだ三只眼達の墓を<br />守ることなど様々な雑役を¨¨。<br /><arrow>まあ、力のある者達の中には<br />鬼眼王やベナレスにとりいって<br />使役させられる身分から使役する立場に<br />なった者もいるがな¨¨。<0xdb00>ゅ	
S2897	1	127	83	この世界には武器を用いず、<br />霊気で攻撃力を高める種族がいます。<br /><arrow>この町でも霊気をまとうための<br />補助的な物を扱っていますが、<br />そこは素早い種族が使っていた物、<br />扱える方は限定されますな。<0xdb00>ゅ	
S2898	1	269	177	かかぺきロやか・語り部の村の長の名はマドゥライ。<br />長命で美しい女性だ。<br /><arrow>前鬼眼王の无、ガネーシャを<br />９割まで封じたが、逆に<br />前鬼眼王に幽閉されてしまったのだ。<br /><arrow>彼女は術者としての力を封じられた上、<br />辺境の谷に追放となったそうだ。<br />そこで長年の知識を伝承すべく<br />語り部の町を作ったというぞ。<0xdb00>大きな声ではいえないが、<br />我々はベナレス様のやり方には<br />反感を持っている。<br />本当に暴力と殺りくが聖なる力なのか？<0xdb00>ゅ	
S2899	1	62	43	やき×ポルポチェの町へようこそ。<0xdb00>聖魔様、八雲様のお仲間が<br />この町に来ていらっしゃいますよ。<0xdb>やくた	
S2900	1	69	50	ここだけの話ですが、<br />この町には金で買えないものを<br />売るという、変な商売をしている奴が<br />いるらしいんです¨¨。<0xdb00>やくオ	
S2901	1	127	85	聖魔様の御帰還だ。<br />墓地のホログラムに映っていた<br />聖魔様がこの地に戻ってこられたのだ！<arrow>我々は人化の法を求めて旅立った<br />善なる力を持つあなた様をおしたいし、<br />ずっと帰りを待っていたのです¨¨。<0xdb00>ゅ	
S2902	1	718	459	聖魔様がこの地に戻ってこられる時に<br />使われた昆侖以外にもいくつか<br />人間界各地につづく昆侖があるのです。<br /><arrow>しかし、そのほとんどは<br />ベナレスの命で、昆侖守護警の呪鬼が<br />打ち壊してしまいました。<br /><arrow>昆侖には三只眼一族に関する<br />資料や道具も置いてあるといいます。<br />破壊された昆侖でも、もし入れたら<br />中を探索してみる価値はあるのでは？<0xdb00>かかコさ８かかキさデかかウさぞかか‼こ・かかょこぼやけ『<portrait_05>龍：<br /><speak>八雲、パイちゃん、<br />とうとう聖地についたな。</speak><br /><arrow><speak>私達も後を追って来たんだが、<br />途中でばらばらになってしまった。<br />当分はこの町にいるつもりだから<br />何かあったら訪ねてきてくれ。<0xdb><portrait_05>龍：<br /><speak>サティの三只眼を探しに行くのか。<br />たしか小竜とかいったな。</speak><br /><arrow><speak>八雲、小竜と会えば、<br />おまえ達の求める鬼眼王の秘密、いや<br />三只眼一族の秘密がわかるかも知れん。</speak><br /><arrow><speak>がんばってこいよ‼<0xdb><portrait_05>龍：<br /><speak>彼女と会ったのはポカラの病院、<br />いや、正確には寺院だ。</speak><br /><arrow><speak>しかしわかったことは、<br />彼女の名前と无だってこと。<br />彼女の探している三只眼の名前が<br />小竜ってことぐらいだな。<0xdb00><portrait_05>龍：<br /><speak>そうか、サティは死んでしまったのか¨¨。</speak><br /><arrow><speak>でも、最愛の人に会えたのだから<br />悔いはないだろう。<br />彼女の冥福を心から祈ろう¨¨。<0xdb00><portrait_05>龍：<br /><speak>瞑想窟へ行くのか。<br />気を付けてな。	
S2903	1	113	78	龍：<br /><speak>『聖魔の杖』を手にいれたんだな。<br />聞くところによるとそれは昆侖の鍵。</speak><br /><arrow><speak>その杖を使って聖地に点在する昆侖を<br />回ってみてはどうだ？<0xdb00>かかコすぅかかキすこかかウし施かょしペやしめ	
S2904	1	208	134	美星：<br /><speak>八雲、パイちゃん無事だったか？<br />ずっと心配してたんだぜ¨¨。</speak><br /><arrow><speak>あたしは兄さんやグプターと<br />一緒だったからよかったけど、<br />鈴鈴さんやポカラで知り合った<br />无の女の子は無事かな？<0xdb00><portrait_06>美星：<br /><speak>サティさん、<br />八雲達と小竜を探しに行くのね。</speak><br /><arrow><speak>たぶん、あなたが求めているものも<br />八雲達が探してる聖なる力のひとつ¨。<br />がんばってね‼	
S2905	1	146	94	美星：<br /><speak>サティさん</speak>¨¨。<0xdb00><portrait_06>美星：<br /><speak>とりあえずみんな無事でよかった。<br />あたしは兄さんと情報収集してみるよ。<br />みんなもがんばってね。<0xdb><portrait_06>美星：<br /><speak>八雲、パイちゃんがんばろうな。<br />二人が人間になれるように<br />あたしたちも協力するから。<0xdb>かかコそ	
S2906	1	608	391	かかキそ８かかウそねかか‼せ(かかょせユやすョ<portrait_07>グプター：<br /><speak>聖魔様、ご無事で何よりです。<br />八雲も元気か？</speak><br /><arrow><speak>ポカラで女性の无を見つけたのです。<br />しかし、サティというその无は<br />記憶喪失</speak>¨¨。<br /><arrow><speak>龍道士に<br />様々な術を施してもらったのですが、<br />わかったことはほんの少し</speak>¨¨。<br /><arrow><speak>それに聖地についてすぐ<br />離ればなれになってしまったのです。<br />聖魔様に会わせることが出来なくて<br />残念です。<0xdb><portrait_07>グプター：<br /><speak>語り部の村に聖魔様の母上、<br />パールバティー３世の无がいると聞く。<br />一度会ってみたいものだな。<0xdb><portrait_07>グプター：<br /><speak>八雲、<br />サティと会ったのはポカラの町だ。</speak><br /><arrow><speak>何か手がかりがあるかもしれない、<br />チベット各地をまわってみたらどうだ？<br />いい報告を待ってるぞ。<0xdb><portrait_07>グプター：<br /><speak>八雲、おまえは選ばれた戦士だ。<br />だから悲しいことがあっても耐えろ。</speak><br /><arrow><speak>おまえが悲しんだら<br />聖魔様も悲しむではないか。</speak><br /><arrow><speak>おまえにはおまえに果たされた<br />重要な役目があるはず</speak>¨¨。<br /><speak>その目的に向かって<br />聖魔様と共に歩め！<0xdb00><portrait_07>グプター：<br /><speak>八雲、今度は三只眼ゆかりの<br />洞窟に挑むのか。<br />聖魔様のこと、よろしく頼むぞ。	
S2907	1	63	44	グプター：<br /><speak>聖魔様が鬼眼王に会えるよう<br />お手伝いさせていただきます。<br />何なりとおっしゃって下さい。<0xdb>ゅ	
S2911	1	40	21	効果→戦闘中使うと防御力が上がる<br /><return_p>重撃の奥義書	효과→전투 중 쓰면 방어력이 오른다<br /><return_p>重撃の奥義書
S2913	1	23	13	効果→移動時に使うと経験値が	
S2919	1	101	75	ようこそ¨¨<br />よ・う・こ・そ・おいでくださった‼<br /><arrow>私がまさにこの日のため¨¨<br />こ・の・日・の・ため用意した<br />業物を見てやってくだされえっ‼<return_p>どれになさいますか？<return_p>さあ、どれにする？	
S2920	1	17	10	どれを御所望かな？<return_p>さあ‼	어느 것을 원하시오?<return_p>さあ‼
S2921	1	133	82	これで¨¨<br />こ・れ・で・ござる‼<return_p>残念ですが<br />お金が足りません。<0xdb>おいおい<br />金が足りないぜ。<0xdb>残念だけど<br />お金が足りないみたい。<0xdb>金が足りませんな。<0xdb>むむっ申し訳ございません。<br />少々お金の方が¨¨。<0xdb00><E7FC>ですね。<return_p><E7FC>だな。	
S2924	1	53	40	ともあれ私がこの日のため¨¨<br />こ・の・日・の・ため用意した<br />業物を見てやってくだされえっ‼	
S2925	1	60	42	ありがとうございました。<br />またお越し下さい。<0xdb00>あんがとさん。<br />また来いよ。<0xdb>さんきゅー♥<br />また来てね。<0xdb>また	감사합니다.<br />또 오십시오.<0xdb00>고맙다.<br />또 오라고.<0xdb>고마워♥<br />또 와요.<0xdb>또
S2926	1	86	64	おいでなさい。<0xdb00>ご来店を感謝させてくだされ。<br />そしてぜひとも¨¨<br />ぜ・ひ・と・も・<br />またお越しくだされえっ‼<0xdb>[player]さんは<br />これを使えませんが<br />よろしいですか？	
S2927	1	235	151	別の人に渡されますか？<return_p>ほかの方にお渡ししてはいかがですか？<return_p>[player]さんは<br />持ち物が一杯でもう持てません。<0xdb00>[player]は<br />持ち物が一杯でもう持てないぞ。<0xdb00>[player]さんは<br />持ち物がいっぱいみたい。<0xdb00>[player]どのは<br />持ち物が一杯ですぞ。<0xdb00>[player]様は<br />失礼ながら持ち物がいっぱいのご様子。<0xdb00>何を<br />売っていただけるのですか？<return_p>何を売ってくれるんだい？<return_p>何を売ってくれるの？<return_p>何を<br />売っていただけるのかな？	
S2928	1	37	28	なんでも¨¨文字どおり<br />な・ん・で・も・<br />買い取ってみせますぞお‼	
S2929	1	469	298	具<br />やめる<0xdb00>どの装備品を<br />売っていただけますか？<0xdb00>どの装備品を<br />売ってくれるんだ？<0xdb00>どの装備品を<br />売ってくれるの？<0xdb>どの装備品を<br />引き取りましょうか？<0xdb00>どの装備品を売る？<0xdb>どの品物を<br />売っていただけますか？<0xdb00>どの品物を<br />売ってくれるんだ？<0xdb00>どの品物を<br />売ってくれるの？<0xdb>どの品物を<br />引き取りましょうか？<0xdb00>どの品物ですか？<0xdb00>どなたの装備品を<br />売っていただけるのですか？<0xdb00>だれの装備品を<br />売ってくれるんだ？<0xdb>だれの装備品を<br />売ってくれるの？<0xdb00>どなたの装備品を<br />引き取りましょうか？<0xdb00>どの装備品ですか？<0xdb00>どなたの品物を<br />売っていただけるのですか？<0xdb00>だれの品物を<br />売ってくれるんだ？<0xdb>だれの品物を<br />売ってくれるの？<0xdb00>どなたの品物を<br />引き取りましょうか？<0xdb00>だれの品物を売る？<0xdb00><E7FC>なら<br /><E7FD>!?＄で<br />買い取らせていただきます。<return_p><E7FC>なら<br /><E7FD>!?＄で<br />買い取るぜ。	
S2930	1	43	32	出せるかぎり¨¨それこそ<br />出・せ・る・か・ぎ・り・の<br /><E7FD>＄まで出しましょうぞ‼	
S2931	1	169	106	よろしいですね？<return_p>売るんだよね？<return_p>そうですか、残念です。<0xdb>そうか、残念だな。<0xdb>あら、残念¨¨。<0xdb00>それは残念¨¨。<0xdb00>それは残念¨¨。<0xdb00>ありがとうございます。<0xdb>ありがとうよ。<0xdb>どうもありがとう♥<0xdb00>どうも。<0xdb00>ありまとー。<0xdb00>ほかにも何か<br />売っていただけますか？<return_p>ほかにも何か<br />売ってくれるのかい？	괜찮으시지요?<return_p>파는 거지?<return_p>그렇습니까, 아쉽군요.<0xdb>그런가, 아쉽군.<0xdb>어머, 아쉬워¨¨.<0xdb00>그건 아쉽군¨¨.<0xdb00>그건 아쉽군¨¨.<0xdb00>감사합니다.<0xdb>고맙네.<0xdb>정말 고마워♥<0xdb00>고맙소.<0xdb00>고마워용.<0xdb00>더 사실 물건이<br />팔아 주시겠습니까?<return_p>더 사실 물건이<br />물건은 있나?
S2932	1	35	26	ほかにも何か<br />引き取りましょうか？<return_p>さらになにか売るものは？	
S2933	1	223	158	売れるような物を<br />お持ちでないようですが。<0xdb00>おいおい<br />売れるような物を<br />持ってねえじゃねえか。<0xdb00>売れるような物を<br />持ってないじゃない！<0xdb00>売れるような物を<br />持っておらんようじゃが。<0xdb00>失礼ですが<br />買い取れるような物は<br />なさそうですぞ。<0xdb00>残念ですが<br />それは買い取れません。<0xdb>残念だが<br />それは買い取れねえな。<0xdb00>ちょっと<br />それは買い取れないわね。<0xdb>その品は買い取れませぬ。<0xdb>はおうっ！	
S2934	1	59	45	それだけは¨¨<br />そ・れ・だ・け・は・<br />買い取れんのでござるぅ！<0xdb>どの商品の説明を<br />させていただきましょう？	
S2935	1	41	29	つつしんで<br />説明させてくだされ。<return_p>ほかの商品の<br />説明もしましょうか？	
S2936	1	189	123	ほかの商品の<br />説明も聞きたい？<return_p>ほかの品の<br />説明も聞かれますか？<return_p>つつしんで<br />説明させてくだされ。<return_p>お待ちしておりました。<0xdb00>あら、いらっしゃい。<0xdb00>これはこれは、<br />いらっしゃいませ。<0xdb>お泊まりは<br /><E7FD>!?＄になりますが<br />よろしいですか？<return_p>一泊<E7FD>!?＄だけど<br />泊まっていく？<return_p>宿泊は<br /><E7FD>!?＄となっておりますが、<br />よろしいでしょうか？	
S2937	1	21	16	預かっている品物がありません<0xdb>ん<arrow>ん	맡아 둔 물건이 없습니다<0xdb>ん<arrow>ん
S2938	1	218	144	ゃ鬼眼城は昔、鬼眼王に逆らう三只眼や<br />隸属する我々のような妖魔をつかって<br />建てさせた城なんです。<br /><arrow>３００年前の戦いで城は<br />もろくも崩れさりましたが、そののち<br />ベナレスが我々生き残った妖魔を使って<br />新鬼眼城を建造したんです。<0xdb00>聖魔様、私のような者は<br />いつまでこのような下働きを<br />続ければいいのでしょうか？<br />これでは救われません¨¨。<0xdb00>やあり	
S2939	1	196	134	ここは快楽の都だ。<br />酒も女も、欲しいものは<br />すべて手にはいるのだからな。<0xdb>かかぽあ6やあサ新鬼眼城でベナレス様にお会いするには<br />瞬間移動できる床を使って<br />新鬼眼城の入口まで行くのがいい。<br />それには『許可証』が必要だがな。<0xdb>『許可証』を手にいれたのか。<br />ま、ベナレス様に会って<br />願いのひとつもかなえてもらいな。<0xdb00>やあ	
S2940	1	69	50	前鬼眼王の无ガネーシャを<br />９割とはいえ封じることができたんだ。<br />ベナレスを封じる事も<br />不可能ではあるまい。<0xdb>やいざ	
S2941	1	121	82	ベナレス様がお連れになった<br />憑魔一族の男は確かガルガと<br />いう名前だったわね。<br /><arrow>なんでもベナレス様が新鬼眼城に<br />引きこもられる間、<br />聖地をガルガに任せたそうよ。<br />ふん、新参者のくせに¨¨。<0xdb>やい８	
S2942	1	41	29	ばか者！<br />きさま、わしの着物に<br />酒などこぼしおって<br />おしおきだっ！<0xdb>やい→	
S2943	1	67	42	ひいいいっ、お、お許しを‼<br />下僕の私が、悪うございました¨¨。<br />あれ？<br />御主人様じゃなかったんですね¨¨。<0xdb00>やうふ	
S2944	1	143	93	３００年前の戦いで<br />旧鬼眼城はその回廊部分を残して<br />そのほとんどは破壊されてしまった。<br /><arrow>しかし、回廊部分は昔から<br />迷路のように入り組んでいたから<br />新鬼眼城へ向かう侵入者よけとして<br />今では機能しているらしい。<0xdb00>やう６	
S2945	1	46	34	金や権力を持たない僕らは<br />こうして下働きをしなくては<br />ならないのです。<0xdb00>やう	
S2946	1	53	37	ここの水をくんで<br />集会場へ持って行かないと<br />鞭でぶたれるんです。<br />つらいなあ¨¨。<0xdb00>やえつ	
S2947	1	51	34	我が一族は<br />この世に生を受ける時からずっと<br />下僕となる運命にあるのです¨¨。<0xdb>ゅ	
S2948	1	71	50	旧鬼眼城の回廊は<br />迷路のように入り組んでいます。<br />そこが壊れたんだから<br />その複雑さは大変なものでしょう。<0xdb>やえピ	
S2949	1	43	27	げへっ、げへっ、<br />女を口説くのに<br />人間も妖魔もねえよなあ¨¨。<0xdb00>やえ・	
S2950	1	83	56	ベナレス様が憑魔一族の男を連れて<br />新鬼眼城に入城したわ。<br />ダンディーな男だったけど<br />異様なまでの威圧感があったわね¨¨。<0xdb>やおに	
S2951	1	79	49	新しい鬼眼城は<br />中央に鬼眼王様が眼る王塔、<br />その左右に双子の塔と呼ばれる<br />２つの塔が存在するといいます。<0xdb00>やおナ	
S2952	1	59	42	鬼眼王様が復活された時には<br />まっ先にこの私が取り入って<br />楽しい暮しをしたいものだな。<0xdb>やおョ	
S2953	1	66	42	力、富、名声¨¨。<br />ベナレス様、いや鬼眼王様に仕えれば、<br />その全てが手にはいるのよ。<0xdb00>かかぽきぉこかぺつお	
S2954	1	463	326	ぼうず、おまえ、<br />パールバティー四世の无だろう？<br />ちょっとばっかし話がある。<br /><arrow>安心しな、今まで俺は<br />ベナレス様をおしたいしてきたが<br />考えが変わった。<br /><arrow>いつかもう一度、俺に会いに来い。<br />いい物をやろう。<0xdb>ベナレス様は、私にセカンドの座を<br />任せると言ってくださっていたのに<br />ガルガなどという憑魔の男に<br /><arrow>その全てを一任してしまった。<br />俺はこの地を去る。<br />おまえにこれをやろう。<br /><arrow>俺の代わりにこの世界で<br />権力と名声を手にいれな。<0xdb00>おいおい、渡そうにも<br />持ち物が一杯じゃねえか。<br />聖魔の无なら<br />もっとしっかりしてから来いよ。<0xdb>八雲は『通行証』を手にいれた‼<0xdb>おまえさん達の望む聖なる力ってのが<br />俺の抱いてた権力や名声とかいう欲と<br />違うのはわかってるつもりだ。<br /><arrow>おまえらの聖なる力ってのを<br />見せてくれよ。<br />俺は別の地で自分の野望を果たす。<br />おまえらもがんばれよ。<0xdb>やき（	
S2955	1	103	63	ベナレス様以外の者が<br />新鬼眼城の王塔に上がるためには<br />双子の塔、各々の最上階にある<br /><arrow>大水晶に触れ、王塔の扉の封印を<br />解かねばならんのだ。<0xdb00>やくず	
S2956	1	107	70	新鬼眼城へ行くためには<br />２つの方法があります。<br />ひとつは回廊の入口にある<br /><arrow>瞬間移動のレリーフを使う方法、<br />もうひとつは旧鬼眼城の回廊をのぼる<br />方法です。<0xdb>やくョ	
S2957	1	103	69	ベナレス様は<br />前鬼眼王の无を封じる際に使われた<br />６つの壺を入手しました。<br /><arrow>その壺の強大な霊力を用いて<br />結界司番所で何かをしようとしている<br />らしいんです。<0xdb>ゅ	
S2958	1	59	44	一夜の宿をお探しか？<br />ならばここにお泊まりなさい。<br />お代はしっかりいただくがな。<br />はっはっはっ！<0xdb00>やけゃ	
S2959	1	61	38	鬼眼城下町へようこそ。<br />この町には権力や欲望にかられた<br />様々な人々が集っています。<0xdb00>やけヂ	
S2960	1	69	46	この町には各地から<br />様々な思惑を秘めた者が集います。<br />変わった情報が聞けるかも<br />知れませんよ。<0xdb00>こかぁてけ	
S2961	1	63	40	ここは新鬼眼城への入口。<br />許可なき者を通すわけにはいかん。<br />さあ、立ち去れい！<0xdb>よし、通れ‼<0xdb>やこわ	
S2962	1	79	55	現在、旧鬼眼城回廊の通行は<br />禁止されている。<br />早々に立ち去れい！<0xdb00>かかぱさヘばこロかぱこかべさかぼさかぱさかぴさかぷちかぺあ	
S2964	1	63	44	燐鬼：<br /><speak>あら、あんたたち調子はどう？<br />あたしはここが気に入ったわ。<br />おもしろおかしく暮らすつもりよ‼<0xdb00>やさ0	
S2965	1	56	42	愚呂鬼：<br />へっへっへっ、あんさんたちについて<br />ここまで来ましたよ。<br />たのしいところだね、ここは。<0xdb00>やさ	
S2966	1	76	49	輪留鬼：<br />姉御のことだから、<br />鬼眼王のお宝せしめたら、<br /><arrow>とっととこんな所抜け出して、<br />豪勢な暮しをするんだろうな。<0xdb00>し	
S2971	1	21	16	預かっている品物がありません<0xdb>よ紹	맡아 둔 물건이 없습니다<0xdb>よ紹
S3004	1	163	107	この町の北に三只眼瞑想窟という<br />あなた様のお母様、<br />パールバティー３世も行かれた<br />三只眼一族の瞑想の場があります。<0xdb00>『紋章』を手にいれたのですね。<br />これで瞑想窟に入ることができますな。<br />『聖魔の杖』は武器としても<br />相当な効果があるそうですよ。<0xdb>やあこ	
S3005	1	127	85	反乱分子が集まった町だから<br />いつ何時<br />ベナレスに襲われても不思議はない。<br /><arrow>これまでも襲われることを考えて<br />ビクビクしてきたが、<br />これで鬼眼王が復活したら¨¨。<br />でも、鬼眼王は本当に悪い奴なのか？<0xdb00>ゅ	
S3007	1	1060	689	聖魔様、お久しゅうございます¨¨。<br />こんなに立派になられて</speak>¨¨。<br /><arrow><speak>門番が聖魔様を見たといいましたが<br />ベナレスの企みだとも思い、<br />ずっとつけていたのです。</speak><br /><arrow><speak>鬼眼城でベナレスと相対した時、<br />もう少し早くお助けできれば、<br />ベナレスに捕らえられたお仲間も</speak><br /><arrow><speak>助けられましたのに</speak>¨¨。<br /><speak>申し訳ありません。</speak><br /><arrow><speak>私はマドゥライ、<br />あなたのお母様のパールバティー３世の<br />无でした。覚えていらっしゃいますか？</speak><br /><arrow><speak>お母様がなくなられ、无がとけてからも<br />暴力と殺りくを聖なる力だととなえる<br />鬼眼王にあらがってきました。</speak><br /><arrow><speak>３００年前の戦いの時も、聖魔様が<br />鬼眼王を封じるお手伝いをするため<br />私がベナレスをかく乱していたのです。</speak><br /><arrow><speak>私も前鬼眼王にその霊力を抜かれ、<br />この村に集ってきた者は<br />歴代の鬼眼王にしいたげられてきた者。</speak><br /><arrow><speak>しかしあの優しかったシヴァ様が<br />鬼眼王になった途端、<br />あの様な変容をとげようとは</speak>¨¨。<br /><arrow><speak>とにかく聖魔様が人間になるためには<br />復活しようとしている鬼眼王に会って<br />真実を確かめねばならないでしょう。</speak><br /><arrow><speak>私はあなたのお母様に仕えたように<br />あなた様の力になりたいのです。<br />何なりとお申しつけ下さい。</speak><br /><arrow><speak>私は聖魔様の味方です。<br />私達に真の聖なる力を<br />お見せください</speak>¨¨。<0xdb><portrait_05><speak>鬼眼王に会うためには<br />ベナレスを倒さなくてはなりません。<br />しかし、ベナレスも无</speak>¨¨。<br /><arrow><speak>今の聖魔様と八雲様の力では<br />ベナレスを封じることは<br />できないでしょう。</speak><br /><arrow><speak>八雲様とともに<br />人間の聖なる力を証明するため<br />力をおつけください。</speak><br /><arrow><speak>その時は私の持てる<br />全ての力を使って、</speak><br /><arrow><speak>結界の動力を発する<br />結界司番所のうちなる封印を<br />解いてさしあげましょう。</speak><br /><arrow><speak>たとえこの身が<br />くち果てようとも</speak>¨¨。<0xdb00><portrait_05><speak>聖魔様と八雲様、<br />そしてお仲間が<br />お強くなって戻られるのを<br />お待ちしております。<0xdb00><portrait_05><speak>八雲様とベナレス以外にも<br />无がいるということは</speak>¨¨。<br /><speak>彼女の三只眼は今どこに<br />いるのですか？	
S3008	1	224	137	そうですか、<br />またひとつ三只眼一族の者が<br />亡くなりましたか</speak>¨¨。<br /><speak>悲しいことです</speak>¨¨。<0xdb><portrait_05><speak>瞑想窟に行かれるのですね。<br />あそこは古来より三只眼の修行の地。<br />さまざまな試練が待ち受けています。<br />どうぞ、お気をつけて。<0xdb><portrait_05><speak>それは『聖魔の杖』。<br />聖魔様のお母様、３世も使われた物。<br />懐かしゅうございます。それを<br />聖魔様が引き継がれたわけですね</speak>¨¨。<0xdb>やか～	
S3009	1	151	104	鬼眼城の結界は城の回りに配された<br />６つの結界司番所から発せられる<br />霊力によって張られている。<br /><arrow>番所には内側より鍵がかけられ<br />六将と呼ばれている結界司が<br />それぞれ壺を守護しているという。<0xdb00>かかキけぢかかウくＧか‼くせいかょき(か‼やきテ	
S3010	1	532	357	マドゥライ様は<br />前鬼眼王の无ガネーシャを<br />６つの壺で封印しようとした。<br /><arrow>その壺の霊力を使って<br />ベナレスは鬼眼城に<br />結界を張ったのです。<0xdb>サティ、この娘はサティじゃないのか？<br />今をさかのぼる３００年もの昔、<br />人化の法の最中に逃げ出した三只眼、<br />小竜の无ではないのか？<0xdb>小竜は人間の娘サティに恋をした。<br />そして病弱なサティを自分の无にし、<br />彼女を不老不死としたのだ。<br /><arrow>しかし、小竜に人化の法が<br />施されることが決まり<br />その式の最中に小竜は逃げだしたのだ。<br /><arrow>その時地上に残っていたサティは<br />小竜が逃げだしたことも知らずに<br />聖地を目指したと聞く。<br /><arrow>小竜は地上に逃げだしたことも<br />知らずに¨¨。<br />小竜、罪な男よ¨¨。<0xdb>小竜もサティも亡くなりましたか。<br />私ども語り部が語り継がねばならない<br />悲しい歴史がまたひとつ<br />増えてしまったのですね¨¨。<0xdb>聖魔様も八雲様も<br />一段とお強くなられた様子。<br />私もうれしゅうございます<0xdb>かかキこょかかょこずかかっけ	
S3011	1	265	181	やけロ聖魔様方が傷つき倒れている間に<br />八雲様のお仲間達が<br />この地に到着されたのです。<br /><arrow>しかし、皆はぐれてしまったようで<br />ひとりだけこの町にお連れしましたが<br />他の皆さんは¨¨。<br />現在、総力をあげて探しています。<0xdb00>他の町にも<br />お仲間がたどり着いているかも<br />知れません。<br />他の町にも行ってみてはいかがです？<0xdb00>どうです、他のお仲間は<br />無事でしたか？<0xdb00>旅のご無事を祈っております。<br />聖魔様¨¨。<0xdb00>かかゅさ＄かかゃさ４こかっつこブぉさしょ	
S3012	1	535	357	ぇはさペかゃかかぉこ＄やこァ聖魔様方、大丈夫ですか？<br />ずいぶんと長い間、<br />意識不明だったので<br />心配していたのです。<0xdb00>この町を旅立たれる前に<br />今一度、私にお声をおかけください。<br />お渡しするものがあります。<0xdb>この『道標の札』をお持ち下さい。<br />三只眼である聖魔様がお持ちになれば、<br />ピトリの町を探しあてた時、<br />町の中へ入ることができるでしょう。<0xdb>聖魔様、持ち物が一杯です。<br />持ち物を整理なさってから<br />もう一度おいで下さい。<0xdb00>『道標の札』を入手した‼<0xdb>聖魔様が無事<br />ピトリの町を見つけ出されるのを<br />期待しております。<0xdb00>聖地に住む者の中にも<br />聖魔様を付け狙う者が<br />たくさんおります。<br />どうぞ、お気をつけて。<0xdb>きかコしにやしスこんなに弱々しい奴が<br />あの美しくなられた聖魔様の无だって？<br />信じられんな¨¨。<br />あっ、聖魔様が私をにらんでいるっ‼<0xdb00>八雲様も少しづつ<br />お強くなられているようで。<br />聖魔様の无としての格が<br />出てきましたな。<0xdb00>かかウすめかか‼し「やしヵ	
S3013	1	187	122	聖魔様¨¨。<br />ホログラムの幼い聖魔様が<br />こんなに美しくなられて¨¨。<0xdb00>マドゥライ様の側近の老妖魔は<br />この町で一番の長生きじゃ。<br />その娘の過去も知っているはず¨¨。<br />何度か話しかけてみてはどうじゃ？<0xdb>聖魔様。<br />わしも若くて強かったら、<br />聖魔様のお手伝いを<br />させていただきますのに¨¨。<0xdb00>きかゅすソやす	
S3014	1	219	153	三只眼一族の身の回りの世話をした<br />妖魔の住む村があります。<br /><arrow>聖魔様方がこの地に戻る時使われた<br />ラサへ続く昆侖から北上した<br />キルケの森にあります。<br /><arrow>ピトリという名の小さな村ですが<br />深き森に隠され<br />簡単には見つけられないでしょう。<0xdb>ベナレスが聖魔様を<br />そうやすやすと鬼眼王に会わせるとは<br />思えません。<br />ご注意めされよ。<0xdb>かかコそほかかキせ（やせで	
S3015	1	416	275	聖魔様、あなた様のお母様である<br />パールバティー３世が残された杖が<br />この町の北の瞑想窟にあります。<br /><arrow>しかしあなた様は三只眼の証である<br />『紋章』をお捨てになった。<br />残念ですが、『紋章』を持たぬ者は<br />瞑想窟に入れないのです¨¨。<0xdb00>瞑想窟には瞑想を邪魔する妖魔や<br />長い年月の間に悪しき魂を<br />宿してしまった聖獣がいると聞きます。<br />ご注意下さいませ。<0xdb>鬼眼王に会うには<br />まだまだ長い時間がかかるでしょう。<br />どうぞお気をつけて。<0xdb>きかゅそウやそ・ピトリの村は古えの呪術に守られ<br />三只眼一族以外の種族だけでは<br />入村が許されません。<br /><arrow>聖魔様御自身が出向き、<br />キルケの森の中の<br />村を探さねばならないでしょうな。<0xdb>皆様の旅のご無事を祈っております。<0xdb>やそ	
S3016	1	83	52	鬼眼王やベナレスの行いを許さず、<br />３００年前の戦いの時にも<br />聖魔様の聖なる力を支持し<br />対抗した者が集う村がここだ。<0xdb00>やたげ	
S3017	1	127	91	ぼくのおじいちゃんは<br />３００年前の戦いでベナレスに<br />反乱者の汚名をきせられ殺されました。<br /><arrow>その頃から鬼眼王やベナレスをうらむ<br />民がこの谷に集いはじめ、<br />外界との接触をも捨てるように<br />なっていったのです。<0xdb>やた2	
S3018	1	83	54	鬼眼王は聖魔石に封じられた。<br />しかし今では、<br />ベナレスが聖魔石から鬼眼王を抜き出し<br />別の場所で守護しているらしい。<0xdb00>やちか	
S3019	1	281	188	ううむ、鬼眼王の復活は近いと<br />ベナレスが聖魔様に<br />いったのですか¨。<br />また、あのいやな時代が訪れるのか¨。<0xdb>きかコちょやち「ベナレスの鬼眼王に対する忠誠心には<br />見上げるものがあります。<br /><arrow>しかし、暴力と殺りくが聖なる力とは<br />とうてい思えません。それに<br />優しかった鬼眼王、いやシヴァ様が¨。<br />あの変容を我々は信じられないのです。<0xdb00>鬼眼王が目覚め、<br />より一層の悪しき時代が訪れぬよう<br />どうか聖魔様、真の聖なる力をもって<br />我々をお導き下さい。<0xdb>やつみ	
S3020	1	57	42	人化の法について<br />知りたいとおっしゃるのか？<br />ううむ、時が満つれば<br />お話いたしましょうぞ¨。<0xdb>やつケ	
S3021	1	87	58	ベナレスはこの聖地の実質的な王だ。<br />鬼眼王が封じられてからの３００年で<br />あの男は鬼眼王をもしのぐ力を<br />つけたように思えるのだが¨¨。<0xdb>やつ2	
S3022	1	68	48	シヴァ様が破壊そして暴力を<br />支持する暴王になってしまったのには<br />理由があるはずです。<br />あんないい方が¨¨。<0xdb>やつ	
S3023	1	53	39	この村は<br />けわしい山々にかこまれているので<br />外敵の侵攻を防ぐことができるんです。<0xdb00>やてん	
S3024	1	69	47	ベナレスは古えの大魔導師と<br />呼ばれた男。<br />奴は人間の姿をしていますが<br />恐ろしい力を持った化物です‼<0xdb>やてモ	
S3025	1	347	225	ベナレスが鬼眼王復活までの<br />守護のために建てた新鬼眼城は<br />信じられないほど<br />鉄壁の防御がしかれているそうです。<0xdb00>きかゃて！やと4聖魔様方、<br />お体の具合いはいかがですか？<br /><arrow>鬼眼城の結界が閉まる直前、<br />マドゥライ様と私が皆さんを<br />連れて脱出したのです。<br /><arrow>実は皆さんを<br />ベナレス配下の者だとかん違いして<br />つけていたんですが¨¨。<br /><arrow>脱出した時、全員を助けるため<br />マドゥライ様は瞬間移動の呪文を<br />使ったのです。<br /><arrow>マドゥライ様も術者としての力を<br />前鬼眼王に衰弱させられた身、<br />体が心配だな¨¨。<0xdb00>聖魔様、<br />お元気そうでなによりです。<0xdb>やと「	
S3026	1	77	52	ベナレスは確かに<br />鬼眼王様の忠実なしもべだ。<br />しかし、鬼眼王を闇の者の王に<br />仕立てあげたのも彼だと思うんだよ。<0xdb00>やなほ	
S3027	1	59	44	聖魔様がこの町にいるかぎり<br />ベナレスに手出しなどさせません。<br />必ずや私達が守ってみせます‼<0xdb>やなケ	
S3028	1	75	57	何かお困りのことがありましたら<br />まず、マドゥライ様の家を<br />お訪ねください。素晴らしい語り部達が<br />力になってくれるはずです<0xdb>やな０	
S3029	1	135	93	鬼眼城の結界の原動力は<br />无を封じることのできる<br />６つの壺だそうです。<br /><arrow>その壺でベナレスを封じることも<br />できるでしょう。<br /><arrow>しかし、无を封じる壺なら<br />八雲様も封じることができるはず¨¨。<br />十分にお気をつけください。<0xdb00>やにん	
S3030	1	420	309	いま一歩でマドゥライ様はガネーシャを<br />封じることができたのです。<br />ということは、<br />无を封じることはできるはずです。<0xdb>きかゃにユやに8聖魔様、あれからどこで<br />何をしておられたのですか？<br />私どもはあなた様のお帰りを<br />ずっと待ち続けていたのですよ。<0xdb00>村を離れ、この聖地を旅するときは<br />お気をつけ下さい。<br />あなた方を付け狙う者も<br />沢山いるのですから。<0xdb00>かかょぬ6かかぇぬボばぬはかぴこかべさかぼさかぱさかぴさかぷちかぺあパールバティー様？<br />いや、聖魔様はこの地を去ったはず。<br />なぜ、ここにいるのだ？<br /><arrow>ええい、おまえら何者だ‼<br />あやしい奴をこの地の歴史の伝承者たる<br />語り部の村に入れることはできん。<br />お引き取り願おう‼<0xdb>本物の聖魔様とはつゆ知らず、<br />申し訳ありません‼<0xdb00>ここは語り部の村です。<0xdb00>かかょねムかかぇねんばぬ	
S3031	1	212	152	かぷこかべさかぼさかぱさかぴさかぷちかぺあ鬼眼城の入口が開門されたという。<br />まさか、おまえら<br />ベナレスの使いではなかろうな？<br />だったらお引き取り願おうか¨。<0xdb00>聖魔様の格好をしていたので<br />もしやと思い、マドゥライ様に<br />連絡したのです。<br />本当に申し訳ありませんでした¨。<0xdb>ここは語り部の村¨。<br />村長はマドゥライという<br />長命の美しい女性です。<0xdb00>きかぉね２やね	
S3032	1	97	66	気がつかれましたか、聖魔様方。<br />この村の長マドゥライ様が<br />お待ちです。<br />ささ、下の階へ。<0xdb>お休みになられたい時や<br />傷ついた時は<br />どうぞここへお越し下さい。<0xdb00>ゅ	
S3033	1	111	78	きかゅのふやのぅ<portrait_06>ジェイク：<br /><speak>八雲、情けねえがちょっとばっかし<br />俺はここで休ませてもらうぜ。<0xdb><portrait_06>ジェイク：<br /><speak>よう八雲、調子はどうだ？<br />すまねえな、<br />こんな時に役に立てなくて。<0xdb>きかぉのヂばの	
S3036	1	7	6	やん断やがケ	
S3037	1	7	6	やる断やれで	
S3038	1	7	6	やを断やんぢ	
S3039	1	7	6	やが温やぎで	
S3040	1	27	19	預かっている品物がありません<0xdb>じ「じ×じ→じ<arrow>じ	맡아 둔 물건이 없습니다<0xdb>じ「じ×じ→じ<arrow>じ
S3083	1	189	137	まず村長の話をお聞き下さい。<0xdb>聖魔様がより一層の<br />聖なる力を得て戻ってこられることを<br />心からお待ちしております。<0xdb00>そういえば鈴鈴様が<br />皆さんを探しておられましたが<br />お会いになられましたか？<0xdb>さあ、どうぞ<br />『紋章』をお持ち下さい。<0xdb>聖魔様、お気をつけて。<0xdb>かかキかよこかオてあよかかエお８いかウおいかエかかゅえ＄ぉあざ	
S3084	1	15	13	ぉい、コことぶてあにはえ４かゅ	
S3085	1	1342	874	ああ、パールバティー様¨¨。<br />いつかお戻りになられると<br />信じておりました。<br /><arrow>私がこの村の長です。<br />聖魔様の帰還をこの聖地に住む者が<br />どんなに待ちこがれたことか¨¨。<br /><arrow>あなた様が聖地を去られる時、<br />お捨てになった紋章を<br />わが村の者が拾い、預かっております。<br /><arrow>聖魔様が墓地に残された<br />ホログラムに託したメッセージ¨¨<br />聖魔様が求められた人間の聖なる力¨¨<br /><arrow>聖魔様が旅立った後、人間と触れ合い、<br />そして得た人間の持つ聖なる力を<br />お示し下さい。<br /><arrow>その時こそ、私は<br />三只眼様方にお仕えしてきた<br />一族の長として、<br /><arrow>『紋章』をお返しいたしましょう。<br />分不相応な発言をお許し下さい。<br />私のわがままを受けていただけますか？<0xdb>聖魔様、私のわがままな申し出を<br />お聞き届けくださるのですね。<br />では¨¨<br /><arrow>数日前に、八雲様のお友達が<br />森の中で倒れているのを見つけ<br />この村の規律違反と知りながらも<br /><arrow>お助けしたのです。<br />その時、一緒にいたのが<br />記憶喪失のサティという无。<br /><arrow>彼女が思いだしたのは、<br />自分が无であるということと、<br />小竜という三只眼がいるということ。<br /><arrow>彼女を小竜に会わせてあげてください。<br />そして、三只眼一族への疑問を<br />ぶつけるのです。<br /><arrow>あなた様と鬼眼王以外の三只眼が<br />見つかれば、なにか新しいことが<br />わかるかも知れません¨¨。<br /><arrow>くわしいことは、サティと会ってお聞き下さい。<br /><arrow>話が長くなりましたが、<br />おわかりいただけましたでしょうか？<0xdb>聖魔様‼<br />あなたがそんな方とは思えません。<br />もう一度、お聞きします。<br /><arrow>聖魔様が旅立った後、人間と触れ合い、<br />そして得た人間の持つ聖なる力を<br />お示し下さい。<0xdb00>聖魔様、<br />人間の持つ聖なる力を<br />我々の前にお示し下さい¨¨。<0xdb>聖魔様、<br />人間の持つ聖なる力を<br />我々の前にお示し下さい¨¨。<0xdb>そうですか。<br />サティはなくなりましたか¨¨。<br /><arrow>しかし聖魔様、私はサティのおかげで<br />聖魔様のおっしゃる聖なる力の意味が<br />また少しわかったような気がします。<br /><arrow>あなた様の大事なお仲間も<br />ずいぶんと気落ちされている様子¨¨。<br />なぐさめてあげてください。<br />その間に『紋章』を準備しておきます。<0xdb00>ああ、サティは<br />その死をもって、我々にとうとい<br />聖なる力というものを<br />教えてくれたような気がします¨¨。<0xdb>さあ、どうぞ『紋章』をお持ち下さい。<br />そして鬼眼王、ベナレスに<br />真の聖なる力をお示し下さい。<0xdb00>さあ聖魔様、『紋章』を持って<br />瞑想窟へお向い下さい。<br />そして代々伝わる『聖魔の杖』を<br />手に入れるのです。<0xdb>かかエか	
S3086	1	217	146	まずは村長のお話をお聞き下さい。<0xdb>語り部の村の民は皆、長命です。<br />だからこそこの地の歴史を<br />語り継ぐことができる。サティのことも<br />何か知っているかもしれませんな¨¨。<0xdb00>三只眼一族の証となる『紋章』を<br />聖魔様がお持ちになれば<br /><arrow>古来より三只眼一族が<br />瞑想のために使われた<br />なげきの谷の先にある瞑想窟にも<br />入ることができましょうぞ。<0xdb00>やきオ	
S3087	1	111	79	私の父はベナレスに命令されて<br />町の南西にある獣魔窟を封じたんだ。<br /><arrow>今は何もしてあげられないけど<br />いつかは何かの<br />役に立てるかも知れない。<br />その時はまたここに来て下さいね。<0xdb00>やき！	
S3088	1	63	41	瞑想窟に眼る『聖魔の杖』は<br />人間界など別の世界に行くための<br />鍵になっていると聞きます。<0xdb>やくか	
S3089	1	125	84	ベナレスの鬼眼王に対する<br />忠誠心は見上げたものだ。<br /><arrow>しかし、ベナレスは<br />鬼眼王復活のためだけに<br />そのたましいを捧げているのか？<br /><arrow>人間界進出など、<br />鬼眼王が本当に<br />望んだことなのだろうか？<0xdb>やくゲ	
S3090	1	122	78	ベナレスは无をも封じる<br />強大な霊力を持つ６つの壺を入手し、<br />鬼眼城の回りに強力な結界を張った。<br /><arrow>その動力の源は<br />鬼眼城のまわりに配置された<br />結界司番所より発せられている。<0xdb>やけ	
S3091	1	19	11	人間はみな、ピトリ¨¨。<0xdb00>やけと	인간은 모두, 피트리¨¨<0xdb00>やけと
S3092	1	115	83	マドゥライは前鬼眼王の无ガネーシャを<br />霊力を秘めた６つの壺を用いて<br />封じようとしたが<br /><arrow>その前に自分がやられてしまった。<br />つまり无を封じる方法があるんじゃ。<br />あんたも例外じゃない。<0xdb00>やけズ	
S3093	1	114	76	聖魔様がこの地を去る時に<br />お捨てになった<br />三只眼一族の証である紋章を<br /><arrow>代々三只眼様にのみ仕えてきた<br />私どもがお守りしてきました。<br />さあ、どうぞ<br />長の家におこしください。<0xdb>やけ	
S3094	1	97	74	人間の像をお持ちですか？<br />聖魔様方が人間になるための<br />大事な道具なのですぞ、あれは。<0xdb00>こかセてこサソたョつこサソたヵつこサソたナつこサょたヶみこチ‼たヶはこ<arrow>かセゅ	
S3095	1	248	168	な、なんと‼<br />マドゥライの名を継ぐ剣、衣、冠を<br />そろえる者が現れるとは¨¨。<arrow>しかし装備品がいっぱいのようだな。<br />どこかでいらない装備を売って<br />もう一度ここに戻ってこい。<br />いいものを用意して待っていよう。<0xdb>な、なんと‼<br />マドゥライの名を継ぐ剣、衣、冠を<br />そろえる者が現れるとは¨¨。<arrow>¨よろしい、わが家に伝わる<br />マドゥライの名を継ぐ最後の神器、<br />『マドゥライの鏡』を授けよう。<arrow>『マドゥライの鏡』を手にいれた‼‼‼<0xdb>やけ	
S3097	1	110	76	かかょかブやかロ聖魔様、お帰りなさいませ。<br />この町に聖魔様のお仲間がおひとりと<br />女性の无をお泊めしているんです。<br />会われてみてはいかがですか？<0xdb00>聖魔様方、お気をつけて¨¨。<0xdb>やさ	
S3098	1	67	45	聖魔様、あなた様がお帰りになるのを<br />心待ちにしておりました。<br />この３００年が<br />どんなに長かったことか¨¨。<0xdb00>やしわ	
S3099	1	113	74	『聖魔の杖』は三只眼の中でも<br />選ばれた者しか持つことができません。<br /><arrow>それゆえ、その力は絶大で、<br />どんな昆侖でも<br />開けることができるそうですよ。<br />そして今、聖魔様が戻られて¨¨。<0xdb00>ゅ	
S3101	1	556	353	鈴鈴：<br /><speak>八雲君、久しぶり‼<br />どうしてた？</speak><br /><arrow><speak>君達が聖地にあがったって聞いて<br />ラサの昆侖から龍や美星達と<br />恐ろしい罠を越えてここまで来たけど、</speak><br /><arrow><speak>結局まよっちゃって、<br />みんなとも離ればなれに</speak>¨¨。<br /><arrow><speak>そうそう、聖地にあがる時、<br />ポカラの病院で无の女の子を<br />見つけたからここまで連れてきたのよ。</speak><br /><arrow><speak>飛行機事故で記憶喪失に<br />かかってしまったらしいんだけど<br />額に无のマークが</speak>¨¨¨。<br /><arrow><speak>龍がいろいろ施術して、記憶の一部は<br />戻ったんだけど、彼女、自分の三只眼を<br />探しているらしいの。</speak><br /><arrow><speak>たぶん君達のためにもなるわ。<br />その三只眼を探すべきよ。<br />あなた達が人間になるためにも</speak>¨¨。<br />人間の聖なる力を証明するためにも。<0xdb><portrait_06>鈴鈴：<br /><speak>サティ、<br />小竜を探しに行くんですって？</speak><br /><arrow><speak>がんばるのよ、応援してるからね。<br />小竜を見つけ出して幸せになるのよ。</speak><br /><arrow><speak>八雲君やパイちゃんも<br />あなたと同じように自分達を<br />いいえ、真の聖なる力を求めて</speak><br /><arrow><speak>旅しているのよ。<br />じゃ、がんばって。<br />応援してるわ。	
S3111	1	7	6	やめ鋭やもギ	
S3129	1	230	137	いらっしゃいませ！<br /><br />あ、あの¨¨お客様¨¨¨¨¨¨。<br /><arrow>そういった危険物を持ったままですと、<br />税関を通り抜けられませんので¨¨。<br />お荷物の整理をされてからの方が、<br />よろしいかと思いますが¨¨¨。<0xdb00>いらっしゃいませ！<br />少々お待ちください¨¨¨¨¨¨¨¨¨<br /><arrow>はい、妖撃社の李鈴鈴様から、うけた<br />まわっております。藤井八雲様ですね。<arrow><br />東京行きの第９便、まもなく出発です。<0xdb00>こおいて	
S3130	1	269	161	らてＢいらっしゃいませ！<br /><br />あ、あの¨¨お客様¨¨¨¨¨¨。<br /><arrow>そういった危険物を持ったままですと、<br />税関を通り抜けられませんので¨¨。<br />お荷物の整理をされてからの方が、<br />よろしいかと思いますが¨¨¨。<0xdb00>いらっしゃいませ！<br />少々お待ちください¨¨¨¨¨¨¨¨¨<br /><arrow>はい、妖撃社の李鈴鈴様から、うけた<br />まわっております。藤井八雲様ですね。<arrow><br />東京行きの第９便、まもなく出発です。<0xdb00>いらっしゃいませ！<br />東京行きの第９便、まもなく出発です。<0xdb>やいヴ	
S3131	1	53	40	香港はいいよねぇ。<br />そう思うだろ？<br />ゴチャゴチャしてるけどさぁ、<br />そこがまたいいじゃない。<0xdb00>やい6	홍콩은 좋단 말이야<br />그렇게 생각하지?<br />복잡하긴 해도 말이야,<br />그게 또 좋잖아<0xdb00>やい6
S3132	1	54	32	中国には３０００年の<br />歴史があるんだ。<br />怪物の１匹や２匹いても<br />おかしくないよな。<0xdb00>やい	중국에는 ３０００년의<br />역사가 있다고<br />괴물이 한두 마리 있어도<br />이상할 게 없지<0xdb00>やい
S3133	1	37	23	機内に危険物は持ち込めません。<br />ご注意下さい。<0xdb>やうと	기내에 위험물은 반입할 수 없습니다<br />주의해 주십시오<0xdb>やうと
S3134	1	45	31	香港へは観光ですか？<br />スリや強盗には注意したほうが<br />いいですよ。<0xdb00>やうぼ	홍콩엔 관광 오셨나요?<br />소매치기나 강도는 조심하는 편이<br />좋아요<0xdb00>やうぼ
S3135	1	63	44	やっとあの娘に会えるんだ！<br />８年間の文通は長かったなぁ。<br />ペンフレンドの２人の恋は～って<br />とこかな。<0xdb>やうギ	
S3136	1	57	42	東京かぁいいなぁ。あたしも、<br />お金ためて旅行しようっと。<br />香港がキライなわけじゃないけどね。<0xdb>やう(	
S3138	1	22	15	気楽な学生にもどりたいよ。<0xdb00>やえく	
S3139	1	46	32	そんな職業があるなんて¨¨。<br />キョンシーとか、<br />映画の見すぎじゃないの？<0xdb00>やえぼ	그런 직업이 있다니¨¨<br />강시라든가,<br />영화를 너무 본 거 아냐?<0xdb00>やえぼ
S3140	1	52	38	なんで立ってるのかって？<br />それが仕事なんだよ。<br />お金を稼ぐのは大変なんだからさ。<0xdb00>やえル	왜 서 있냐고?<br />그게 일이라고<br />돈 버는 건 힘든 거라고<0xdb00>やえル
S3141	1	83	55	どこの空港でもそうらしいが、<br />密輪をやってる悪い奴らが<br />空港の敷地内に穴掘ったりして<br />色々な物を隠してるらしいんだよ¨¨。<0xdb00>やえ（	
S3142	1	57	34	ここは香港国際空港。<br />様々な人々がここに降り立ち、<br />そして去っていく場所だ。<0xdb>やおく	여기는 홍콩 국제공항<br />온갖 사람들이 여기에 내려서,<br />그리고 떠나가는 곳이다<0xdb>やおく
S3143	1	53	36	パックツアーで来てるから、<br />時間に追われて大変だよ。<br />買物もせにゃならんし¨¨。<0xdb00>やおば	패키지 투어로 와서,<br />시간에 쫓겨 힘들어<br />장도 봐야 하고¨¨<0xdb00>やおば
S3144	1	33	27	忘れもんはないかなぁ。<br />みんなにおみやげ買ったよなぁ。<0xdb>やおソ	빠뜨린 건 없으려나<br />다들 선물 샀겠지<0xdb>やおソ
S3145	1	49	29	今日の飛行機で、日本から<br />文通友だちが来る予定なんだけど¨¨。<0xdb00>やおブ	
S3147	1	24	16	団体さんが来ると面倒くさいっ！<0xdb00>やお	단체 손님 오면 귀찮다고!<0xdb00>やお
S3148	1	162	117	ここは成田かって？<br />いや¨¨実はオレも知らないんよ。<br />細かいことはいいっこ・な・し。<br />キミとボクの秘密にしよう。<0xdb00>かあュかノやかげ仕事中にお腹がへるとつらいですよね。<br />そんな時、ボクはスニッキーズ。<br />さっ、出張がんばろうっと。<0xdb>やっべぇ～。<br />ＬＤ買ってくるの忘れた！<0xdb>きあュかボぉか４ア	
S3149	1	211	127	またのご利用、お待ちしております。<0xdb00>いらっしゃいませ。<br />藤井八雲様ですね¨¨お待ちください。<br />¨¨¨¨¨¨¨¨¨¨¨¨¨¨¨¨¨。<br /><arrow>ハイ、まもなく出発の第１０５便に<br />２名様、席をお取りしてございます。<arrow><br />出発は１２番ゲートからになります、<br />お急ぎください。<0xdb>きあュきざやきソこれから北海道で<br />ゲーム大会があるんです。<br />今回は絶対勝つぞぉ！<0xdb00>やりましたよ！	
S3150	1	183	121	勝ちましたよ。<br />いやぁよかったよかった。<br />北海道は食べ物もおいしかったですよ。<br />いくらやじゃがいもが違うもの。<0xdb00>きあュき0やき～うひひ。スチュワーデスさんの制服は<br />イカスよね。<0xdb00>こうしばって、こうしばって¨¨。<br />ムズカしいよね。なれないと。<0xdb>きあュき墓くりバウ！<br /><arrow><portrait_00>八雲：<br /><speak>麻薬犬かな？</speak></portrait><br /><arrow><portrait_01>パイ：<br /><speak>魔矢区券？	
S3151	1	31	20	なにアルか？<0xdb00>バウ、ババ、バウバウ！<br />バ、バ、バウ！<0xdb>やくぶ	
S3152	1	50	38	ザ・ガードマン！<arrow><br />といえばかっこいいけど¨¨<br />実際はずっーと立ってるだけ¨¨<br />トホホだよなぁ	더・가드맨!<arrow><br />라고 하면 멋있지만¨¨<br />실제론 계속 서 있기만¨¨<br />참 딱하지
S3154	1	112	85	京<br />チベット<br />やめる<0xdb00>では、よい旅を。<0xdb>残念ですが、<br />パスポートをお持ちでない方は<br />出国できません。<0xdb00>またのご利用を<br />お待ちしております。<0xdb>けぢけばけぼけぺけぅけゃけアけオけケけスけチけナけノやけヘ	징<br />티베트<br />그만두기<0xdb00>그럼, 즐거운 여행 되시길<0xdb>죄송합니다만,<br />여권을 갖고 계시지 않은 분은<br />출국하실 수 없습니다<0xdb00>다시 찾아 주시기를<br />기다리겠습니다<0xdb>けぢけばけぼけぺけぅけゃけアけオけケけスけチけナけノやけヘ
S3155	1	90	44	らてＢパスポートを拝見いたします。<br />¨¨¨¨¨¨¨<br />¨¨¨¨¨¨¨<br /><arrow>失礼しました。<br />世界航空第１６便、東京行き<br />まもなく出発です。<0xdb00>かあ：あふや	여권을 확인하겠습니다<br />¨¨¨¨¨¨¨<br />¨¨¨¨¨¨¨<br /><arrow>실례했습니다<br />世界航空第１６便、東京行き<br />곧 출발합니다<0xdb00>かあ：あふや
S3156	1	155	99	香港みやげに「妖撃」っていう<br />オカルト雑誌を買ったんだが、<br />その発行元の会社が<br />襲われたらしいよ。<0xdb00>香港みやげに「妖撃」っていう<br />オカルト雑誌を買ったんだが、<br />今回の特集の「妖撃社襲わる‼」って、<br />自分の会社の事なんじゃないかな¨？<0xdb00>やあラ	
S3157	1	55	32	中国には３０００年の<br />歴史があるんだ。<br />怪物の１匹や２匹いても<br />おかしくないよな。<0xdb00>やあ0	중국에는 ３０００년의<br />역사가 있다고<br />괴물이 한두 마리 있어도<br />이상할 게 없지<0xdb00>やあ0
S3158	1	37	22	機内に危険物は持ち込めません。<br />ご注意下さい。<0xdb>やあ＄	기내에 위험물은 반입할 수 없습니다<br />주의해 주십시오<0xdb>やあ＄
S3159	1	253	170	日本人観光客の一行が<br />私に荷物の番をさせたまま<br />戻ってこないんです。<0xdb>かあ：いぴやいせ妖撃社っていうオカルト雑誌発行、<br />あーんどモンスターハントの会社が<br />襲われたそうだ。<0xdb00>妖撃社って<br />結構、手広くいろんな事<br />やってるんだね。<0xdb00>かあ．い6やいマ最近、香港やマカオ近辺に<br />仮面をつけたあやしい奴らが<br />あらわれて女性をさらってくらしいの。<br />気持ち悪いわ¨。<0xdb00>香港もマカオも<br />治安が悪くなったわね。<0xdb00>やい×	
S3160	1	69	47	中国でも１・２をあらそう霊能者、<br />スティーブ龍を知ってるかい？<br />有名なくせに目立たん奴なのよ、<br />こいつが。<0xdb>やうは	
S3161	1	53	37	妖怪退治とかが商売になるってんだから<br />香港ていう町も<br />不思議なとこだよな。<0xdb>やうょ	
S3162	1	183	116	あんた妖撃社の人か？<br />だったら社長の鈴鈴に伝えてくれ。<br />香港市民は君らの奇怪な行動に、<br />激怒してるんだ、とな。<0xdb>かあ；う＄やうヵあんた、顔色悪いな。<br />幽霊みたいだ。<br />霊媒師か医者に一度見てもらったら？<0xdb>あいかわらず顔色が悪いな。<br />男は日焼けした小麦色のハダが<br />一番だぞ‼<0xdb>やえく	
S3163	1	57	34	ここは香港国際空港。<br />様々な人々がここに降り立ち、<br />そして去っていく場所だ。<0xdb>やえぼ	여기는 홍콩 국제공항<br />온갖 사람들이 여기에 내려서,<br />그리고 떠나가는 곳이다<0xdb>やえぼ
S3164	1	162	107	パックツアーで来てるから、<br />時間に追われて大変だよ。<br />買物もせにゃならんし¨。<0xdb>かあ：え(やえル香港やマカオの女性が<br />次々と行方不明になっているらしい。<br />話題の仮面男と何か関係があるのかな？<0xdb>香港やマカオも物騒だが<br />最近は東京も治安が悪いんだ。<0xdb>やえ	
S3165	1	33	20	きゃーっ！<br />妖撃社の人間よっ！<br />逃げろーっ！<0xdb00>やおく	
S3166	1	9	6	あっそ¨。<0xdb>やおぶ	
S3167	1	25	17	団体さんが来ると面倒くさいっ！<0xdb00>やおケ	단체 손님 오면 귀찮다고!<0xdb00>やおケ
S3168	1	66	50	ここは成田かって？<br />いや¨実はオレも知らないんよ。<br />細かいことはいいっこ・な・し。<br />キミとボクの秘密にしよう。<0xdb>やおャ	
S3169	1	58	43	仕事中にお腹がへるとつらいですよね。<br />そんな時、ボクはスニッキーズ。<br />さっ、出張がんばろうっと。<0xdb>ぉお	일하다 배고프면 괴롭죠<br />그럴 땐, 나는 스니키즈<br />자, 출장 열심히 해야지<0xdb>ぉお
S3170	1	77	49	らてＢはい、パスポートをお持ちですね？<br />まもなく世界航空第２５６便<br />香港行きが出発いたします。<br />４番ゲートへどうぞ。<0xdb00>やかん	네, 여권 갖고 계시는군요?<br />곧 세계항공 제２５６편<br />홍콩행이 출발합니다<br />４번 게이트로 가 주십시오<0xdb00>やかん
S3172	1	67	51	勝ちましたよ。<br />いやぁよかったよかった。<br />北海道は食べ物もおいしかったですよ。<br />いくらやじゃがいもが違うもの。<0xdb00>やかル	이겼어요<br />아아 다행이다 다행이야<br />홋카이도는 음식도 맛있었어요<br />연어알이며 감자며 다르다니까<0xdb00>やかル
S3173	1	55	42	うひひ。スチュワーデスさんの制服は<br />イカスよね。あれをする時はやっぱり<br />着たままで¨。うひひ。<0xdb>やか2	
S3174	1	51	39	ザ・ガードマン！<arrow><br />といえばかっこいいけど¨<br />実際はずっーと立ってるだけ¨<br />トホホだよなぁ<0xdb00>ゅ	
S3175	1	41	28	とほほ¨乗る飛行機を間違えて、<br />こんな所にきちゃったよぉ。<0xdb00>やきぎ	아이고¨ 탈 비행기를 잘못 타서,<br />이런 데까지 와 버렸네<0xdb00>やきぎ
S3177	1	37	27	あなた、こんな所へ何しにきたの？<br />観光じゃないわよねぇ¨。<0xdb>やきザ	너, 이런 데 뭐 하러 왔어?<br />관광은 아니겠지¨<0xdb>やきザ
S3178	1	33	21	気をつけてください。<br />盗難事件が多いんです。<0xdb00>やき２	조심하세요<br />도난 사건이 많거든요<0xdb00>やき２
S3179	1	41	28	かなりヒマ¨そうよねぇ<br />飛行機なんて１日に<br />４便だけなんだもん。<0xdb>やき『	꽤 한가해¨ 보이는데<br />비행기래야 하루에<br />４편뿐인걸<0xdb>やき『
S3180	1	44	30	厳しいチェックで麻薬は<br />絶対通さないぞ！<br />¨とボクは思っています。<0xdb00>やく	엄격한 검사로 마약은<br />절대 못 지나간다!<br />¨라고 저는 생각합니다<0xdb00>やく
S3182	1	43	27	う～ん、いいなぁ。私、三国志の<br />大ファンでして。特に孔明がね。<0xdb>やくば	으~음, 좋겠다. 나, 삼국지의<br />열혈 팬이라서요. 특히 공명이요<0xdb>やくば
S3183	1	33	25	へっぇー香港から来たの！<br />どうりであかぬけてるわ！<0xdb00>やくソ	헤에~ 홍콩에서 왔어!<br />어쩐지 세련됐더라!<0xdb00>やくソ
S3184	1	59	41	ここから北の国境をこえて<br />リンドへ行きたいんですけど。<br />あそこは入国手続きが複雑で¨¨。<0xdb00>やくゥ	여기서 북쪽 국경을 넘어<br />린드로 가고 싶은데요<br />거긴 입국 수속이 복잡해서¨¨<0xdb00>やくゥ
S3186	1	112	80	京<br />チベット<br />やめる<0xdb00>では、よい旅を。<0xdb>残念ですが、<br />パスポートをお持ちでない方は<br />出国できません。<0xdb00>またのご利用を<br />お待ちしております。<0xdb>けゲけズけヂけバけボけペけゥけャけヵけ２け６け0け4やけ8	징<br />티베트<br />그만두기<0xdb00>즐거운 여행 되시길<0xdb>죄송하지만,<br />여권이 없으신 분은<br />출국 불가합니다<0xdb00>또 찾아 주시기를<br />기다리겠습니다<0xdb>けゲけズけヂけバけボけペけゥけャけヵけ２け６け0け4やけ8
S3192	1	71	51	やっとあの娘に会えたんだっ！♥<br /><arrow>けど、うまい飯屋に並んでるうちに<br />ツアー仲間に置いていかれちまったよ¨¨トホホ。<0xdb00>やいせ	
S3193	1	49	33	東京や香港もいいけど、<br />中国の他の町に足をのばしてみるのも<br />なかなかよ♥<0xdb00>や	
S3194	1	75	51	いくら気軽な学生だからって<br />この時期、空港に何の用だい？<br />外国より、先に行かなきゃならない所が<br />あるだろうに。<0xdb00>やいデ	
S3195	1	90	63	あんたたち妖撃社の人？<br />香港来るたび思ってたんだけど<br />一度、仕事頼みたくってさぁ。<br /><arrow>うちのホテルのショーに<br />出てくれない？<br />ギャラははずむよ‼<0xdb00>やい	
S3196	1	79	50	あんた妖撃社の人か？<br />だったら社長の鈴鈴に伝えてくれ。<br />香港市民は君らの奇怪な行動に、<br />激怒してるんだ、とな。<0xdb>やうぢ	
S3197	1	49	33	あいかわらず顔色が悪いな。<br />男は日焼けした小麦色のハダが<br />一番だぞ‼<0xdb>やうヒ	
S3198	1	57	33	ここは香港国際空港。<br />様々な人々がここに降り立ち、<br />そして去っていく場所だ。<0xdb>やう０	여기는 홍콩 국제공항<br />온갖 사람들이 여기에 내려서,<br />그리고 떠나가는 곳이다<0xdb>やう０
S3199	1	70	45	香港には何度も来てるんだけど¨¨。<br />お土産は毎度同じもの<br />買うわけにもいかないし、<br />考えるの、大変だよ。<0xdb00>やう	홍콩엔 몇 번이나 왔지만¨¨<br />선물은 매번 같은 걸<br />살 수도 없고,<br />고르는 거, 힘들어<0xdb00>やう 
S3200	1	51	37	香港で面白いゲーム・ソフトを<br />買ったんだよ。<br />家に帰ったら早速やってみよう。<0xdb>やえめ	홍콩에서 재밌는 게임 소프트를<br />샀다니까<br />집에 가면 바로 해 봐야지<0xdb>やえめ
S3201	1	35	23	妖撃社も最近じゃあ<br />少しは見直しているのよ。<0xdb00>やえぺ	요격사도 요즘은<br />조금은 다시 보고 있어<0xdb00>やえぺ
S3202	1	9	6	あっそ¨。<0xdb>やえヲ	
S3203	1	25	17	団体さんが来ると面倒くさいっ！<0xdb00>やえペ	단체 손님 오면 귀찮다고!<0xdb00>やえペ
S3204	1	65	49	ここは成田かって？<br />いや¨実はオレも知らないんよ。<br />細かいことはいいっこ・な・し。<br />キミとボクの秘密にしよう。<0xdb>やえ	
S3205	1	60	45	仕事中にお腹がへるとつらいですよね。<br />そんな時、ボクはスニッキーズ。<br />さっ、出張がんばろうっと。<0xdb>ぉおめア	일하다 배고프면 괴롭죠<br />그럴 땐, 나는 스니키즈<br />자, 출장 열심히 해야지<0xdb>ぉおめア
S3206	1	77	49	らてＢはい、パスポートをお持ちですね？<br />まもなく世界航空第２５６便<br />香港行きが出発いたします。<br />４番ゲートへどうぞ。<0xdb00>やおヒ	네, 여권 갖고 계시는군요?<br />곧 세계항공 제２５６편<br />홍콩행이 출발합니다<br />４번 게이트로 가 주십시오<0xdb00>やおヒ
S3207	1	47	30	こないだは北海道。<br />今度は香港へ国際ゲーム大会に<br />行くんです！<0xdb>やおゥ	
S3208	1	57	36	今度はどこへ旅行に行こうかなぁ¨¨¨<br />¨¨って、空港に来てから<br />悩むことじゃねーよな。<0xdb00>やお＄	
S3210	1	41	28	とほほ¨乗る飛行機を間違えて、<br />こんな所にきちゃったよぉ。<0xdb00>やかオ	아이고¨ 탈 비행기를 잘못 타서,<br />이런 데까지 와 버렸네<0xdb00>やかオ
S3211	1	37	26	あなた、こんな所へ何しにきたの？<br />観光じゃないわよねぇ¨。<0xdb>やか６	너, 이런 데 뭐 하러 왔어?<br />관광은 아니겠지¨<0xdb>やか６
S3212	1	33	21	気をつけてください。<br />盗難事件が多いんです。<0xdb00>やか（	조심하세요<br />도난 사건이 많거든요<0xdb00>やか（
S3213	1	40	28	かなりヒマ¨そうよねぇ<br />飛行機なんて１日に<br />４便だけなんだもん。<0xdb>やか	꽤 한가해¨ 보이는데<br />비행기래야 하루에<br />４편뿐인걸<0xdb>やか
S3214	1	45	31	厳しいチェックで麻薬は<br />絶対通さないぞ！<br />¨とボクは思っています。<0xdb00>やきよ	엄격한 검사로 마약은<br />절대 못 지나간다!<br />¨라고 저는 생각합니다<0xdb00>やきよ
S3216	1	43	27	う～ん、いいなぁ。私、三国志の<br />大ファンでして。特に孔明がね。<0xdb>やきテ	으~음, 좋겠다. 나, 삼국지의<br />열혈 팬이라서요. 특히 공명이요<0xdb>やきテ
S3217	1	33	25	へっぇー香港から来たの！<br />どうりであかぬけてるわ！<0xdb00>やきザ	헤에~ 홍콩에서 왔어!<br />어쩐지 세련됐더라!<0xdb00>やきザ
S3218	1	59	41	ここから北の国境をこえて<br />リンドへ行きたいんですけど。<br />あそこは入国手続きが複雑で¨¨。<0xdb00>やき・	여기서 북쪽 국경을 넘어<br />린드로 가고 싶은데요<br />거긴 입국 수속이 복잡해서¨¨<0xdb00>やき・
S3219	1	111	72	京<br />チベット<br />やめる<0xdb00>では、よい旅を。<0xdb>残念ですが、<br />パスポートをお持ちでない方は<br />出国できません。<0xdb00>またのご利用を<br />お待ちしております。<0xdb>く４く８く2く6く く、く・く！く―く（く『く＄く<br />やく	징<br />티베트<br />그만두기<0xdb00>즐거운 여행 되시길<0xdb>죄송하지만,<br />여권이 없으신 분은<br />출국 불가합니다<0xdb00>또 찾아 주시기를<br />기다리겠습니다<0xdb>く４く８く2く6く く、く・く！く―く（く『く＄く<br />やく
S3220	1	77	49	今度香港に行ったら<br />「妖撃まんじゅう」を買って来てくれと<br />息子に頼まれたんだが¨¨。<br />見当たらなくて、困ったな¨¨。<0xdb>やあノ	
S3221	1	54	37	誰か俺の代わりに、この荷物<br />見ててくれないかなあ。<br />トイレに行きたいんだけど¨¨¨。<0xdb>かい<0xdb>い	
S3222	1	250	176	やあ―沢山の仲間とツアーで来たんだが<br />うまい飯屋で並んでるうちに<br />置いていかれちまったんだよ。<0xdb>香港へは来るたび<br />うまい飯屋に行くんだが<br />あそこは飯を食わせるだけでなく<br />客のくだらないギャグがイイんだ。<0xdb00>かい<0xdb>いゾやいぁこないだ観光で香港に来た人を<br />本気で好きになっちゃったの。<br />会いに行ったら<br />やっぱり迷惑かなぁ¨¨¨。<0xdb00>日本から彼が、出張で来るの。<br />迎えに来るのも、もう何度目かしら♥<0xdb00>かい<0xdb>うりかい（い	
S3223	1	147	100	この時期、空港に何の用だい？<br />外国より、先に行かなきゃならない所が<br />あるだろうに。<0xdb00>どうせ海外旅行するんなら<br />まわるべき所は<br />しっかり、まわってくることだな。<0xdb00>海外旅行は終わったようだな。<br />もう、当分国外へ行くことも<br />ないだろ？<0xdb00>やうケ	
S3224	1	271	182	あんたたち妖撃社の人？<br />香港来るたび思ってたんだけど<br />一度、仕事頼みたくってさぁ。<br /><arrow>うちのホテルのショーに<br />出てくれない？<br />ギャラははずむよ‼<0xdb00>かい（えかやう こないだ日本の観光客が<br />団体で来たんだが、一組の老夫婦だけが<br />途中でツアーをキャンセルして<br />福州へ行ったらしい。<0xdb00>こらこらこら、君ィ‼<br />熊を連れて入っちゃいかん‼<br />シラを切るんじゃない、後ろのソレだ‼<br /><arrow>¨¨¨¨¨と、<br />何だ、スティーブ龍か。<br />こりゃまた失敬¨¨。<0xdb>かい<0xdb>おつかい（え・やえノ	
S3225	1	257	173	海外旅行かい？<br />どいつもこいつも外国へ行きたがるな。<br /><arrow>俺だったら、福州みたいないなか町で<br />のんびり温泉に、つかってられたら<br />それだけでいいけどな。<0xdb>日本から香港へ来る人間は多いが<br />逆は少ないよ。<br />めいっぱい遊んで来な！<br /><arrow>¨¨¨¨え？<br />観光じゃない？<br /><arrow>こりゃまた失礼¨¨。<0xdb>日本はどうだった？<br />やっぱり、中国が一番だろう！<br /><arrow>俺だったら、福州みたいないなか町で<br />のんびり温泉に、つかってられたら<br />それだけでいいけどな。<0xdb00>やおヒ	
S3226	1	57	33	ここは香港国際空港。<br />様々な人々がここに降り立ち、<br />そして去っていく場所だ。<0xdb>やお０	여기는 홍콩 국제공항<br />온갖 사람들이 여기에 내려서,<br />그리고 떠나가는 곳이다<0xdb>やお０
S3227	1	70	45	香港には何度も来てるんだけど¨¨。<br />お土産は毎度同じもの<br />買うわけにもいかないし、<br />考えるの、大変だよ。<0xdb00>やお	홍콩엔 몇 번이나 왔지만¨¨<br />선물은 매번 같은 걸<br />살 수도 없고,<br />고르는 거, 힘들어<0xdb00>やお
S3228	1	51	37	香港で面白いゲーム・ソフトを<br />買ったんだよ。<br />家に帰ったら早速やってみよう。<0xdb>やかめ	홍콩에서 재밌는 게임 소프트를<br />샀다니까<br />집에 가면 바로 해 봐야지<0xdb>やかめ
S3229	1	35	23	妖撃社も最近じゃあ<br />少しは見直しているのよ。<0xdb00>やかぺ	요격사도 요즘은<br />조금은 다시 보고 있어<0xdb00>やかぺ
S3230	1	47	33	観光客ってのは<br />どこの国にもいるけど<br />香港も多いよ。<0xdb>かい<0xdb>か→かい（かォやかユ	
S3231	1	141	100	どうしてこう、<br />みんな荷物が多いんだろうね。<br />あきれちゃうよ、まったく。<0xdb>日本人の老夫婦？<br />この荷物、見てみろよ‼<br />俺がいちいち、そんなの<br />覚えてるわけないだろう‼<0xdb00>どうしてこう、<br />みんな荷物が多いんだろうね。<br />あきれちゃうよ、まったく。<0xdb>やきえ	
S3232	1	47	31	機内に危険物は持ち込めません。<br />ご注意下さい。<0xdb>かい<0xdb>きゲかい（きケやきざ	기내에 위험물은 반입할 수 없습니다<br />주의해 주십시오<0xdb>까이<0xdb>きゲかい（きケやきざ
S3233	1	120	75	観光かい？<br />今、日本に来ても<br />面白いことなど何もないぞ。<0xdb>久々の帰国なら<br />知人の所へあいさつくらいは<br />行った方がいいぞ。<0xdb00>海外出張もこう度々だと<br />さすがに疲れてくるよなぁ¨¨¨。<0xdb>ぉき4ア	
S3234	1	230	151	らてＢはい、パスポートをお持ちですね？<br />まもなく世界航空第２５６便<br />香港行きが出発いたします。<br />４番ゲートへどうぞ。<0xdb00>かい<0xdb>くスやくいこないだ香港で会った娘が<br />どうしても忘れられなくて¨¨¨¨<br />出張ってことで、会いに行くんです。<br /><arrow>そして今度こそ言うんだっ<br />俺は美美が好きなんだーッ‼<0xdb>香港に彼女がいるため<br />香港出張は任せてもらってんです。<br />美美‼<br />好きだーッ‼<0xdb00>かい<0xdb>く	
S3235	1	133	91	このシーズンはやっぱり中国だよな！<br />今度は香港より北東のいなか町、<br />福州あたりに行こうかな。<0xdb00>兄ちゃん、中国人連れて<br />観光案内かい？<0xdb00>このシーズンはやっぱり中国だよな！<br />とりあえず香港に行ってみるかな。<0xdb>やけよ	
S3236	1	41	27	とほほ¨乗る飛行機を間違えて、<br />こんな所にきちゃったよぉ。<0xdb00>やけ０	아이고¨ 탈 비행기를 잘못 타서,<br />이런 데까지 와 버렸네<0xdb00>やけ０
S3237	1	36	26	あなた、こんな所へ何しにきたの？<br />観光じゃないわよねぇ¨。<0xdb>やけ	너, 이런 데 뭐 하러 왔어?<br />관광은 아니겠지¨<0xdb>やけ
S3238	1	34	23	気をつけてください。<br />盗難事件が多いんです。<0xdb00>やこめゅ	조심하세요<br />도난 사건이 많거든요<0xdb00>やこめゅ
S3239	1	41	29	かなりヒマ¨そうよねぇ<br />飛行機なんて１日に<br />４便だけなんだもん。<0xdb>やこぉ	꽤 한가해¨ 보이는데<br />비행기래야 하루에<br />４편뿐인걸<0xdb>やこぉ
S3240	1	45	31	厳しいチェックで麻薬は<br />絶対通さないぞ！<br />¨とボクは思っています。<0xdb00>やこル	엄격한 검사로 마약은<br />절대 못 지나간다!<br />¨라고 저는 생각합니다<0xdb00>やこル
S3241	1	43	26	う～ん、いいなぁ。私、三国志の<br />大ファンでして。特に孔明がね。<0xdb>やこ8	으~음, 좋겠다. 나, 삼국지의<br />열혈 팬이라서요. 특히 공명이요<0xdb>やこ8
S3242	1	32	24	へっぇー香港から来たの！<br />どうりであかぬけてるわ！<0xdb00>やこ	헤에~ 홍콩에서 왔어!<br />어쩐지 세련됐더라!<0xdb00>やこ
S3243	1	59	41	ここから北の国境をこえて<br />リンドへ行きたいんですけど。<br />あそこは入国手続きが複雑で¨¨。<0xdb00>やさに	여기서 북쪽 국경을 넘어<br />린드로 가고 싶은데요<br />거긴 입국 수속이 복잡해서¨¨<0xdb00>やさに
S3244	1	35	26	昆明はいいところですよ！<br />ゆっくり楽しんで行って下さい！<0xdb>あ	쿤밍은 좋은 곳이에요!<br />천천히 즐기다 가세요!<0xdb>あ
S3245	1	84	57	京<br />チベット<br />やめる<0xdb00>では、よい旅を。<0xdb>残念ですが、<br />パスポートをお持ちでない方は<br />出国できません。<0xdb00>またのご利用を<br />お待ちしております。<0xdb>し	징<br />티베트<br />그만두기<0xdb00>그럼, 즐거운 여행 되시길<0xdb>죄송합니다만,<br />여권을 갖고 계시지 않은 분은<br />출국하실 수 없습니다<0xdb00>다시 찾아 주시기를<br />기다리겠습니다<0xdb>し
S3246	1	67	46	香港へは来るたび、みやげに<br />『月刊妖撃』っていうオカルト雑誌を<br />買ってるよ。<br />友人にウケがよくてねぇ。<0xdb>やあふ	
S3247	1	67	52	香港へは来るたび<br />うまい飯屋に行くんだが<br />あそこは飯を食わせるだけでなく<br />客のくだらないギャグがイイんだ。<0xdb00>やいこ	
S3248	1	49	30	日本から彼が、出張で来るの。<br />迎えに来るのも、もう何度目かしら♥<0xdb00>やいで	
S3249	1	71	51	それにしても日本人客が多いよ。<br />こないだも、すんげぇ団体でドッと来て<br />ドッと帰ってった。<br />金が余ってんのかね。<0xdb00>やいゲ	
S3250	1	104	70	あんたたち妖撃社の人？<br />香港来るたび思ってたんだけど<br />一度、仕事頼みたくってさぁ。<br /><arrow>うちのホテルのショーに<br />出てくれない？<br />ギャラははずむよ‼<0xdb00>やい<portrait_00>何か用かね？<0xdb00>やい	
S3251	1	67	50	こないだツアー客に混じって<br />日本のアクション俳優が来てたよ。<br />あんたも、あれくらい<br />顔色が良かったらなあ。<0xdb>やうげ	
S3252	1	57	34	ここは香港国際空港。<br />様々な人々がここに降り立ち、<br />そして去っていく場所だ。<0xdb>やうヒ	여기는 홍콩 국제공항<br />온갖 사람들이 여기에 내려서,<br />그리고 떠나가는 곳이다<0xdb>やうヒ
S3253	1	71	45	香港には何度も来てるんだけど¨¨。<br />お土産は毎度同じもの<br />買うわけにもいかないし、<br />考えるの、大変だよ。<0xdb00>やう4	홍콩엔 몇 번이나 왔지만¨¨<br />선물은 매번 같은 걸<br />살 수도 없고,<br />고르는 거, 힘들어<0xdb00>やう4
S3254	1	50	36	香港で面白いゲーム・ソフトを<br />買ったんだよ。<br />家に帰ったら早速やってみよう。<0xdb>やう	홍콩에서 재밌는 게임 소프트를<br />샀다니까<br />집에 가면 바로 해 봐야지<0xdb>やう 
S3255	1	35	23	妖撃社も最近じゃあ<br />少しは見直しているのよ。<0xdb00>やえし	요격사도 요즘은<br />조금은 다시 보고 있어<0xdb00>やえし
S3256	1	66	42	日本人の観光客ってのは<br />今時どこの国にもいるけど<br />香港も多いよ。<br />この荷物も七割が日本人だぜ。	
S3257	1	53	40	日本人ってのは、どうしてこう<br />みんな荷物が多いんだろうね。<br />あきれちゃうよ、まったく。<0xdb>やえゾ	
S3258	1	37	22	機内に危険物は持ち込めません。<br />ご注意下さい。<0xdb>やえ0	기내에 위험물은 반입할 수 없습니다<br />주의해 주십시오<0xdb>やえ0
S3259	1	38	24	海外出張もこう度々だと<br />さすがに疲れてくるよなぁ¨¨¨。<0xdb>ぉえ	해외 출장도 이렇게 잦으면<br />아무래도 지치게 되지¨¨¨<0xdb>ぉえ
S3260	1	77	49	らてＢはい、パスポートをお持ちですね？<br />まもなく世界航空第２５６便<br />香港行きが出発いたします。<br />４番ゲートへどうぞ。<0xdb00>やおれ	네, 여권 갖고 계시는군요?<br />곧 세계항공 제２５６편<br />홍콩행이 출발합니다<br />４번 게이트로 가 주십시오<0xdb00>やおれ
S3261	1	55	35	香港に彼女がいるため<br />香港出張は任せてもらってんです。<br />美美‼<br />好きだーッ‼<0xdb00>やおチ	홍콩에 여자친구가 있어서<br />홍콩 출장은 제가 맡고 있죠<br />美美‼<br />好きだーッ‼<0xdb00>やおチ
S3262	1	49	33	は、は、初めての海外旅行なんです‼<br />ぶぶぶ無事、帰って来れるでしょうか!?<0xdb>やおボ	처, 처, 첫 해외여행이에요‼<br />무무무사히 돌아올 수 있을까요!?<0xdb>やおボ
S3263	1	41	28	とほほ¨乗る飛行機を間違えて、<br />こんな所にきちゃったよぉ。<0xdb00>やかと	아이고¨ 탈 비행기를 잘못 타서,<br />이런 데까지 와 버렸네<0xdb00>やかと
S3264	1	37	27	あなた、こんな所へ何しにきたの？<br />観光じゃないわよねぇ¨。<0xdb>やかノ	너, 이런 데 뭐 하러 왔어?<br />관광은 아니겠지¨<0xdb>やかノ
S3265	1	34	23	気をつけてください。<br />盗難事件が多いんです。<0xdb00>やかバゅ	조심하세요<br />도난 사건이 많거든요<0xdb00>やかバゅ
S3266	1	41	28	かなりヒマ¨そうよねぇ<br />飛行機なんて１日に<br />４便だけなんだもん。<0xdb>やか 	꽤 한가해¨ 보이는데<br />비행기래야 하루에<br />４편뿐인걸<0xdb>やか 
S3267	1	44	30	厳しいチェックで麻薬は<br />絶対通さないぞ！<br />¨とボクは思っています。<0xdb00>やか	엄격한 검사로 마약은<br />절대 못 지나간다!<br />¨라고 저는 생각합니다<0xdb00>やか
S3268	1	43	27	う～ん、いいなぁ。私、三国志の<br />大ファンでして。特に孔明がね。<0xdb>やきよ	으~음, 좋겠다. 나, 삼국지의<br />열혈 팬이라서요. 특히 공명이요<0xdb>やきよ
S3269	1	33	25	へっぇー香港から来たの！<br />どうりであかぬけてるわ！<0xdb00>やきぁ	헤에~ 홍콩에서 왔어!<br />어쩐지 세련됐더라!<0xdb00>やきぁ
S3270	1	59	41	ここから北の国境をこえて<br />リンドへ行きたいんですけど。<br />あそこは入国手続きが複雑で¨¨。<0xdb00>やきゲ	여기서 북쪽 국경을 넘어<br />린드로 가고 싶은데요<br />거긴 입국 수속이 복잡해서¨¨<0xdb00>やきゲ
S3272	1	112	85	京<br />チベット<br />やめる<0xdb00>では、よい旅を。<0xdb>残念ですが、<br />パスポートをお持ちでない方は<br />出国できません。<0xdb00>またのご利用を<br />お待ちしております。<0xdb>くヒくマくモくラくロくヴくゲくズくヂくバくボくペくゥやくャ	징<br />티베트<br />그만두기<0xdb00>그럼, 즐거운 여행 되시길<0xdb>죄송합니다만,<br />여권을 갖고 계시지 않은 분은<br />출국하실 수 없습니다<0xdb00>다시 찾아 주시기를<br />기다리겠습니다<0xdb>くヒくマくモくラくロくヴくゲくズくヂくバくボくペくゥやくャ
S3273	1	161	113	香港観光にもあきてきたから<br />内陸部を旅してみようと思うんだ。<0xdb>かうぼあぅやあく何でも人面鳥が発見されたとかで、<br />連れが長沙へ行こうっていうんです。<br />怪奇マニアっていますよね、実際。<0xdb>人面鳥を見る前に<br />日本に戻らなくては<br />ならなくなりました。とほほ¨。<0xdb00>やあル	
S3274	1	37	23	機内に危険物は持ち込めません。<br />ご注意下さい。<0xdb>やあャ	기내에 위험물은 반입할 수 없습니다<br />주의해 주십시오<0xdb>やあャ
S3275	1	51	33	日本人観光客の一行が<br />私に荷物の番をさせたまま<br />戻ってこないんです。<0xdb>やあ×	
S3276	1	157	102	仲間が私に荷物の見張りをさせたまま<br />食事に行ちゃったんです。<br />信じられないですよね。<0xdb>かうぺいぉやいつねえ、ねえ、新しい「妖撃」読んだ？<br />長沙に謎の人面鳥出現ですって！<br />でも、本当かしら？<0xdb>「妖撃」の次の特集は何かしら？<br />今から楽しみだわ。<0xdb>やいム	
S3277	1	49	37	何をつめてるのかは知らないけど<br />異常に重たいカバンがあるんですよ。<br />とほほ¨¨。<0xdb>やいヵ	
S3278	1	19	10	ひと休み、ひと休み¨¨。<0xdb00>やい8	
S3279	1	89	58	空港内をうろちょろする奴が多くて<br />通報があるたびに<br />気が気じゃないよ、本当に。<0xdb00>やいＡ武器や防具を<br />機内に持ち込まんようにな。<0xdb00>やうつ	
S3280	1	57	34	ここは香港国際空港。<br />様々な人々がここに降り立ち、<br />そして去っていく場所だ。<0xdb>やうぉ	여기는 홍콩 국제공항<br />온갖 사람들이 여기에 내려서,<br />그리고 떠나가는 곳이다<0xdb>やうぉ
S3281	1	136	97	香港で買物をする。<br />うーん、考えただけでリッチ¨¨。<0xdb>かうぼう４やうモ長沙へ行こうと思ったのに<br />トンネルが通行禁止なんだそうです。<br />何があったんでしょうか。<0xdb00>長沙へのトンネルが<br />復旧したそうです。<br />いや、よかった、よかった。<0xdb>かうぺう	
S3282	1	78	52	やう→人面鳥なんているわけないじゃん。<br />「妖撃」のうそつきっ！<0xdb>今度の「妖撃」じゃ、<br />どんなでっち上げ記事が<br />のるのかしら？<0xdb>やえや	
S3283	1	35	26	これだけの荷物があると<br />はっきりいって、大変だよな。<0xdb00>やえぁ	
S3284	1	33	24	いつもと変わらんが、<br />団体さんは面倒くさいぞっ！<0xdb>やえノ	
S3285	1	37	23	機内に危険物は持ち込めません。<br />ご注意下さい。<0xdb>やえバ	기내에 위험물은 반입할 수 없습니다<br />주의해 주십시오<0xdb>やえバ
S3286	1	40	25	海外出張もこう度々だと<br />さすがに疲れてくるよなぁ¨¨¨。<0xdb>ぉえ，ア	해외 출장도 이렇게 잦으면<br />아무래도 지치게 되지¨¨¨<0xdb>ぉえ，ア
S3287	1	77	49	らてＢはい、パスポートをお持ちですね？<br />まもなく世界航空第２５６便<br />香港行きが出発いたします。<br />４番ゲートへどうぞ。<0xdb00>やおこ	네, 여권 갖고 계시는군요?<br />곧 세계항공 제２５６편<br />홍콩행이 출발합니다<br />４번 게이트로 가 주십시오<0xdb00>やおこ
S3288	1	55	35	香港に彼女がいるため<br />香港出張は任せてもらってんです。<br />美美‼<br />好きだーッ‼<0xdb00>やおぼ	홍콩에 여자친구가 있어서<br />홍콩 출장은 제가 맡고 있죠<br />美美‼<br />好きだーッ‼<0xdb00>やおぼ
S3289	1	49	33	は、は、初めての海外旅行なんです‼<br />ぶぶぶ無事、帰って来れるでしょうか!?<0xdb>やおモ	처, 처, 첫 해외여행이에요‼<br />무무무사히 돌아올 수 있을까요!?<0xdb>やおモ
S3290	1	81	56	とほほ¨乗る飛行機を間違えて、<br />こんな所にきちゃったよぉ。<0xdb00>やお断お荷物お持ちしましょうか？<br />あ、当然チップはいただきますけど。<0xdb00>ゅ	
S3291	1	37	27	あなた、こんな所へ何しにきたの？<br />観光じゃないわよねぇ¨。<0xdb>やかぅ	너, 이런 데 뭐 하러 왔어?<br />관광은 아니겠지¨<0xdb>やかぅ
S3292	1	34	23	気をつけてください。<br />盗難事件が多いんです。<0xdb00>やかマゅ	조심하세요<br />도난 사건이 많거든요<0xdb00>やかマゅ
S3293	1	41	29	かなりヒマ¨そうよねぇ<br />飛行機なんて１日に<br />４便だけなんだもん。<0xdb>やかァ	꽤 한가해¨ 보이는데<br />비행기래야 하루에<br />４편뿐인걸<0xdb>やかァ
S3294	1	45	30	厳しいチェックで麻薬は<br />絶対通さないぞ！<br />¨とボクは思っています。<0xdb00>やか▼	엄격한 검사로 마약은<br />절대 못 지나간다!<br />¨라고 저는 생각합니다<0xdb00>やか▼
S3295	1	43	27	う～ん、いいなぁ。私、三国志の<br />大ファンでして。特に孔明がね。<0xdb>やきか	으~음, 좋겠다. 나, 삼국지의<br />열혈 팬이라서요. 특히 공명이요<0xdb>やきか
S3296	1	33	25	へっぇー香港から来たの！<br />どうりであかぬけてるわ！<0xdb00>やきり	헤에~ 홍콩에서 왔어!<br />어쩐지 세련됐더라!<0xdb00>やきり
S3297	1	59	41	ここから北の国境をこえて<br />リンドへ行きたいんですけど。<br />あそこは入国手続きが複雑で¨¨。<0xdb00>やきテ	여기서 북쪽 국경을 넘어<br />린드로 가고 싶은데요<br />거긴 입국 수속이 복잡해서¨¨<0xdb00>やきテ
S3299	1	112	85	京<br />チベット<br />やめる<0xdb00>では、よい旅を。<0xdb>残念ですが、<br />パスポートをお持ちでない方は<br />出国できません。<0xdb00>またのご利用を<br />お待ちしております。<0xdb>くぉくょくウくキくサくソくテくヌくヒくマくモくラくロやくヴ	징<br />티베트<br />그만두기<0xdb00>그럼, 즐거운 여행 되시길<0xdb>죄송합니다만,<br />여권을 갖고 계시지 않은 분은<br />출국하실 수 없습니다<0xdb00>다시 찾아 주시기를<br />기다리겠습니다<0xdb>くぉくょくウくキくサくソくテくヌくヒくマくモくラくロやくヴ
S3301	1	43	31	香港観光にもあきてきたから<br />内陸部を旅してみようと思うんだ。<0xdb>やあえ	
S3302	1	41	30	西洋だけじゃなく<br />アジアも観光してみると<br />結構おもしろいね。<0xdb00>やあん	
S3303	1	37	23	機内に危険物は持ち込めません。<br />ご注意下さい。<0xdb>やあウ	기내에 위험물은 반입할 수 없습니다<br />주의해 주십시오<0xdb>やあウ
S3304	1	51	34	日本人観光客の一行が<br />私に荷物の番をさせたまま<br />戻ってこないんです。<0xdb>やあズ	
S3305	1	63	50	パックツアーだとどうしても<br />現地の人しか知らないような<br />かくれた名所っていうのに<br />めぐり会えませんねえ。<0xdb>やあ▼	
S3306	1	28	18	どこか遠い異国に<br />行ってみたいなあ¨¨。<0xdb00>やあ	
S3307	1	35	21	ああ、いそがしい¨¨。<0xdb>やあ鋭ひと休み、ひと休み¨¨。<0xdb00>やいこ	
S3308	1	69	51	空港内をうろちょろしてる奴が多くて<br />警報がなるたびに<br />とんでいかなくっちゃならないんだ。<br />面倒くさいなあ¨¨。<0xdb00>やいょ	
S3309	1	33	21	武器や防具を<br />機内に持ち込まんようにな。<0xdb00>やいム	
S3310	1	57	33	ここは香港国際空港。<br />様々な人々がここに降り立ち、<br />そして去っていく場所だ。<0xdb>やい６	여기는 홍콩 국제공항<br />온갖 사람들이 여기에 내려서,<br />그리고 떠나가는 곳이다<0xdb>やい６
S3311	1	35	22	香港で買物をする。<br />うーん、考えただけでリッチ¨¨。<0xdb>やい「	
S3312	1	73	50	現地の方ですか？<br />何かおもしろいスポットがあったら<br />教えてほしいんですが¨¨。<br /><arrow>え、君も日本から来たの？<br />なあんだ。<0xdb00>やうは	
S3313	1	47	31	香港の観光名所？<br />妖撃社っていう<br />うさんくさい会社がおすすめよ。<0xdb>やうぅ	
S3314	1	47	34	これだけ荷物を<br />毎日あつかっているんだ<br />この仕事も結構つらいんだよ。<0xdb00>やうル	
S3315	1	33	24	いつもと変わらんが、<br />団体さんは面倒くさいぞっ！<0xdb>やうゥ	
S3316	1	37	23	機内に危険物は持ち込めません。<br />ご注意下さい。<0xdb>やう・	기내에 위험물은 반입할 수 없습니다<br />주의해 주십시오<0xdb>やう・
S3317	1	40	25	海外出張もこう度々だと<br />さすがに疲れてくるよなぁ¨¨¨。<0xdb>ぉう身	해외 출장도 이렇게 잦으면<br />아무래도 지치게 되지¨¨¨<0xdb>ぉう身
S3318	1	77	49	らてＢはい、パスポートをお持ちですね？<br />まもなく世界航空第２５６便<br />香港行きが出発いたします。<br />４番ゲートへどうぞ。<0xdb00>やえで	네, 여권 갖고 계시는군요?<br />곧 세계항공 제２５６편<br />홍콩행이 출발합니다<br />４번 게이트로 가 주십시오<0xdb00>やえで
S3319	1	55	35	香港に彼女がいるため<br />香港出張は任せてもらってんです。<br />美美‼<br />好きだーッ‼<0xdb00>やえモ	홍콩에 여자친구가 있어서<br />홍콩 출장은 제가 맡고 있죠<br />美美‼<br />好きだーッ‼<0xdb00>やえモ
S3320	1	49	32	は、は、初めての海外旅行なんです‼<br />ぶぶぶ無事、帰って来れるでしょうか!?<0xdb>やえ０	처, 처, 첫 해외여행이에요‼<br />무무무사히 돌아올 수 있을까요!?<0xdb>やえ０
S3321	1	41	28	とほほ¨乗る飛行機を間違えて、<br />こんな所にきちゃったよぉ。<0xdb00>やおよ	아이고¨ 탈 비행기를 잘못 타서,<br />이런 데까지 와 버렸네<0xdb00>やおよ
S3322	1	37	27	あなた、こんな所へ何しにきたの？<br />観光じゃないわよねぇ¨。<0xdb>やおロ	너, 이런 데 뭐 하러 왔어?<br />관광은 아니겠지¨<0xdb>やおロ
S3323	1	34	23	気をつけてください。<br />盗難事件が多いんです。<0xdb00>やおョゅ	조심하세요<br />도난 사건이 많거든요<0xdb00>やおョゅ
S3324	1	41	28	かなりヒマ¨そうよねぇ<br />飛行機なんて１日に<br />４便だけなんだもん。<0xdb>やお～	꽤 한가해¨ 보이는데<br />비행기래야 하루에<br />４편뿐인걸<0xdb>やお～
S3325	1	44	30	厳しいチェックで麻薬は<br />絶対通さないぞ！<br />¨とボクは思っています。<0xdb00>やお	엄격한 검사로 마약은<br />절대 못 지나간다!<br />¨라고 저는 생각합니다<0xdb00>やお
S3327	1	43	27	う～ん、いいなぁ。私、三国志の<br />大ファンでして。特に孔明がね。<0xdb>やかぞ	으~음, 좋겠다. 나, 삼국지의<br />열혈 팬이라서요. 특히 공명이요<0xdb>やかぞ
S3328	1	33	25	へっぇー香港から来たの！<br />どうりであかぬけてるわ！<0xdb00>やかケ	헤에~ 홍콩에서 왔어!<br />어쩐지 세련됐더라!<0xdb00>やかケ
S3329	1	59	41	ここから北の国境をこえて<br />リンドへ行きたいんですけど。<br />あそこは入国手続きが複雑で¨¨。<0xdb00>やかピ	여기서 북쪽 국경을 넘어<br />린드로 가고 싶은데요<br />거긴 입국 수속이 복잡해서¨¨<0xdb00>やかピ
S3330	1	112	81	京<br />チベット<br />やめる<0xdb00>では、よい旅を。<0xdb>残念ですが、<br />パスポートをお持ちでない方は<br />出国できません。<0xdb00>またのご利用を<br />お待ちしております。<0xdb>きヲきギきザきゾきデきブきピきァきォきョき０き４き８やき2	징<br />티베트<br />그만두기<0xdb00>즐거운 여행 되시길<0xdb>죄송하지만,<br />여권이 없으신 분은<br />출국 불가합니다<0xdb00>또 찾아 주시기를<br />기다리겠습니다<0xdb>きヲきギきザきゾきデきブきピきァきォきョき０き４き８やき2
S3331	1	81	38	パスポートを拝見いたします。<br />¨¨¨¨¨¨¨<br />¨¨¨¨¨¨¨<br /><arrow>失礼しました。<br />世界航空第１６便、東京行き<br />まもなく出発です。<0xdb00>や	
S3332	1	55	41	Ａ香港はいいよねぇ。<br />そう思うだろ？<br />ゴチャゴチャしてるけどさぁ、<br />そこがまたいいじゃない。<0xdb00>やあよ	
S3333	1	55	33	中国には３０００年の<br />歴史があるんだ。<br />怪物の１匹や２匹いても<br />おかしくないよな。<0xdb00>やあス	중국에는 ３０００년의<br />역사가 있다고<br />괴물이 한두 마리 있어도<br />이상할 게 없지<0xdb00>やあス
S3334	1	37	23	機内に危険物は持ち込めません。<br />ご注意下さい。<0xdb>やあゲ	기내에 위험물은 반입할 수 없습니다<br />주의해 주십시오<0xdb>やあゲ
S3335	1	45	30	香港へは観光ですか？<br />スリや強盗には注意したほうが<br />いいですよ。<0xdb00>やあ2	홍콩엔 관광 오셨나요?<br />소매치기나 강도는 조심하는 편이<br />좋아요<0xdb00>やあ2
S3336	1	125	89	まだあの娘に会えないよぉ！<br />８年間の文通は長かったのに。<br />ペンフレンドの２人の恋は<br />実らないのかな。<0xdb00>やあ断東京へ行きたいなぁ。あたしも、<br />お金ためて旅行しようっと。<br />香港がキライなわけじゃないけどね。<0xdb>やいぎ	
S3337	1	22	15	気楽な学生に<br />もどりたいよ。<0xdb>やいロ	마음 편한 학생으로<br />돌아가고 싶어<0xdb>やいロ
S3338	1	46	31	そんな職業があるなんて¨¨。<br />キョンシーとか、<br />映画の見すぎじゃないの？<0xdb00>やい6	그런 직업이 있다니¨¨<br />강시라든가,<br />영화를 너무 본 거 아냐?<0xdb00>やい6
S3339	1	51	37	なんで立ってるのかって？<br />それが仕事なんだよ。<br />お金を稼ぐのは大変なんだからさ。<0xdb00>やい	왜 서 있냐고?<br />그게 일이라고<br />돈 버는 건 힘든 거라고<0xdb00>やい
S3340	1	53	33	あんた、顔色悪いな。<br />幽霊みたいだ。<br />霊媒師か医者に一度見てもらったら？<0xdb>やうや	당신, 안색이 안 좋군<br />유령 같다<br />영매사나 의사한테 한번 보이지?<0xdb>やうや
S3341	1	57	34	ここは香港国際空港。<br />様々な人々がここに降り立ち、<br />そして去っていく場所だ。<0xdb>やうチ	여기는 홍콩 국제공항<br />온갖 사람들이 여기에 내려서,<br />그리고 떠나가는 곳이다<0xdb>やうチ
S3342	1	53	36	パックツアーで来てるから、<br />時間に追われて大変だよ。<br />買物もせにゃならんし¨¨。<0xdb00>やうペ	패키지 투어로 와서,<br />시간에 쫓겨 힘들어<br />장도 봐야 하고¨¨<0xdb00>やうペ
S3343	1	33	26	忘れもんはないかなぁ。<br />みんなにおみやげ買ったよなぁ。<0xdb>やう 	빠뜨린 건 없으려나<br />다들 선물 샀겠지<0xdb>やう 
S3344	1	23	16	とまだ<br />会えてないの¨¨見なかった？<0xdb>やう	とまだ<br />못 만났어¨¨못 봤어?<0xdb>やう 
S3345	1	11	6	あっそ¨¨。<0xdb00>やえに	아 그래¨¨<0xdb00>やえに
S3346	1	25	17	団体さんが来ると面倒くさいっ！<0xdb00>やえぎ	단체 손님 오면 귀찮다고!<0xdb00>やえぎ
S3347	1	68	50	ここは成田かって？<br />いや¨¨実はオレも知らないんよ。<br />細かいことはいいっこ・な・し。<br />キミとボクの秘密にしよう。<0xdb00>やえラ	여기가 나리타냐고?<br />아니¨¨실은 나도 몰라<br />자잘한 건 따・지・기・없・기<br />너와 나의 비밀로 하자<0xdb00>やえラ
S3348	1	66	50	仕事中にお腹がへるとつらいですよね。<br />そんな時、ボクはスニッキーズ。<br />さっ、出張がんばろうっと。<0xdb>こおいてえ・ぉえ▼ア	일하다 배고프면 괴롭죠<br />그럴 땐, 나는 스니키즈<br />자, 출장 열심히 해야지<0xdb>こおいてえ・ぉえ▼ア
S3349	1	129	86	はい、パスポートをお持ちですね？<br />まもなく世界航空第２５６便<br />香港行きが出発いたします。<br />４番ゲートへどうぞ。<0xdb00>きおむおにやおぼこれから北海道で<br />ゲーム大会があるんです。<br />今回は絶対勝つぞぉ！<0xdb00>やりましたよ！	
S3350	1	67	50	勝ちましたよ。<br />いやぁよかったよかった。<br />北海道は食べ物もおいしかったですよ。<br />いくらやじゃがいもが違うもの。<0xdb00>やお４	이겼어요<br />아아 다행이다 다행이야<br />홋카이도는 음식도 맛있었어요<br />연어알이며 감자며 다르다니까<0xdb00>やお４
S3351	1	57	42	うひひ。スチュワーデスさんの制服は<br />イカスよね。<0xdb00>こうしばって、こうしばって¨¨。<br />ムズカしいよね。<0xdb>やお▼	
S3352	1	77	53	バウ、ババ、バウバウ！<br />バ、バ、バウ！<0xdb>やお<portrait_00>ザ・ガードマン！<arrow><br />といえばかっこいいけど¨¨<br />実際はずっーと立ってるだけ¨¨<br />トホホだよなぁ。<0xdb>ゅ	
S3353	1	41	28	とほほ¨¨乗る飛行機を間違えて、<br />こんな所にきちゃったよぉ。<0xdb>やかぁ	아이고¨¨탈 비행기를 잘못 타서,<br />이런 데까지 와 버렸네<0xdb>やかぁ
S3354	1	39	27	あなた、こんな所へ何しにきたの？<br />観光じゃないわよねぇ¨¨。<0xdb00>やかャ	너, 이런 데 뭐 하러 왔어?<br />관광은 아니겠지¨¨<0xdb00>やかャ
S3355	1	34	22	気をつけてください。<br />盗難事件が多いんです。<0xdb00>やか！ゅ	
S3356	1	89	60	かなりヒマ¨¨そうよねぇ<br />飛行機なんて１日に<br />４便だけなんだもん。<0xdb00>やか温厳しいチェックで麻薬は<br />絶対通さないぞ！<br />¨¨とボクは思っています。<0xdb>やきみ	
S3358	1	43	27	う～ん、いいなぁ。私、三国志の<br />大ファンでして。特に孔明がね。<0xdb>やきス	으~음, 좋겠다. 나, 삼국지의<br />열혈 팬이라서요. 특히 공명이요<0xdb>やきス
S3359	1	33	25	へっぇー香港から来たの！<br />どうりであかぬけてるわ！<0xdb00>やきヴ	헤에~ 홍콩에서 왔어!<br />어쩐지 세련됐더라!<0xdb00>やきヴ
S3360	1	59	40	ここから北の国境をこえて<br />リンドへ行きたいんですけど。<br />あそこは入国手続きが複雑で¨¨。<0xdb00>やき(	여기서 북쪽 국경을 넘어<br />린드로 가고 싶은데요<br />거긴 입국 수속이 복잡해서¨¨<0xdb00>やき(
S3361	1	112	72	京<br />チベット<br />やめる<0xdb00>では、よい旅を。<0xdb>残念ですが、<br />パスポートをお持ちでない方は<br />出国できません。<0xdb00>またのご利用を<br />お待ちしております。<0xdb>くヵく２く６く0く4く8く(く，く；く▼く～く「く×やく→	징<br />티베트<br />그만두기<0xdb00>즐거운 여행 되시길<0xdb>죄송하지만,<br />여권이 없으신 분은<br />출국 불가합니다<0xdb00>또 찾아 주시기를<br />기다리겠습니다<0xdb>くヵく２く６く0く4く8く(く，く；く▼く～く「く×やく→
S3394	1	223	161	ここから南東に歩いていくと<br />ポカラっていう町があるわよ。<br />さびしい町だけど生活用品はそろうわ。<br /><arrow>もしかして、あなた達も<br />聖地を探しにきたの？<br />最近多いのよ、そういう人達が。<br /><arrow>あんまり関係ないかも知れないけど<br />そこに三ッ目模様のついた<br />箱があるでしょ？<br /><arrow>ひいじいちゃんが持ってたんだけど、<br />どうやら聖地では<br />これが電話代わりらしいのよ。<br />噓だと思うなら、使ってみたら？<0xdb>や	
S3395	1	65	48	鋭おお、またお客さんか。<br />そなたも聖地をお探しか？<br />そこにいる娘さんも<br />聖地を探しているらしいのじゃが。<0xdb>やあず	
S3396	1	9	7	わん、わん<0xdb>やあぶ	
S3401	1	49	34	香港島も最近じゃちょっとばかし<br />きれいになって観光名所も<br />増えてんだよ。<0xdb00>や	
S3402	1	33	23	世間の人がどういおうと<br />九龍も住めば都なんじゃ。<0xdb>や	
S3403	1	77	57	アバディーンの小島が見えるさん橋で<br />あんたの連れの女の子が<br />気味のわるい大男といい争ってるのを<br />見たって娘がいたよ。<0xdb00>やあわ	
S3404	1	61	40	この前、大きな爆発音がして<br />東の空が一瞬真っ白になったの。<br />なんだったんだろう、あれ¨¨。<0xdb00>やあノ	
S3405	1	29	20	まあ、人生<br />いろんなことがあるさ。<br />ひっく。<0xdb00>やあズ	
S3406	1	51	33	パイ？<br />この中国じゃ、そんな名前の女は<br />いくらでも¨¨んっ!?<br />いるわけないわね¨¨。<0xdb>やあ(	
S3407	1	27	18	アバディーンの爆発、<br />すごかったわね¨¨。<0xdb>やあ→	
S3408	1	41	31	やっぱり困った事があっても<br />自分で解決するしかないのかしら？<0xdb00>やいい	
S3409	1	29	24	いろんなトラブルが<br />起こっているんだって？<br />どうだった？	
S3410	1	11	9	かなしかった？<0xdb>やいわ	
S3411	1	41	34	ふっとんだアバディーンの小島って<br />金にしたらいくらになるんだろう？<0xdb00>やいオ	
S3412	1	57	43	今はいいが、<br />よそ者がこの辺をうろうろしてると<br />いつか痛い目にあうぞ。<br />気をつけるこったな。<0xdb00>やいバ	
S3413	1	69	48	この前のアバディーン島の爆発は<br />すごかったね。<br />結構、目撃した人が多いから<br />興味があるなら聞いてみたら？<0xdb>やい＄	
S3414	1	117	85	わしゃあ、この目でしかと見たんじゃ。<br />女の子と気味の悪い男が<br />手から光線を出して戦っとるのを。<br /><arrow>そのあと光がぶつかりあって<br />女の子はぽっかり開いた光の中に<br />吸い込まれていったんじゃ。<0xdb>やうぉ	
S3415	1	61	45	なぜまだこんな所に立ってるかだと？<br /><arrow>ふざけるなっ‼<br />おまえにはまだまだ<br />道案内が必要だからだっ‼<0xdb00>やうゾ	
S3416	1	47	22	ねえ、海よ¨¨¨¨¨¨¨¨。<br /><arrow>うっ、海を見てるだけで<br />酔っちゃった¨¨¨。<0xdb00>やう 	
S3417	1	64	46	やっぱ港はいいよね。<br />将来はユージロー・イシハラのような<br />旅男になるぞっ‼<br />遠くで霧笛もなってるぜ¨¨。<0xdb00>やう	
S3418	1	57	42	ふっふっふっ<br />いそがしい隣の飯屋と違って<br />俺は見たぜ、<br />アバディーン島がふっ飛ぶのをな！<0xdb00>やえず	
S3419	1	59	44	アバディーン島が<br />なくなったらしいんだけれど<br />飯食うのに夢中でさ、<br />何も知らないんだ、ごめん。<0xdb00>やえム	
S3420	1	51	35	究極の味を追い続けて<br />私は今日もここのラーメンを<br />食べ続けるのであった‼<0xdb00>やえ０	
S3421	1	66	55	アバディーン島がなくなったんだって。<br />見に行く前に<br />スブタとねぎラーメンとギョウザで<br />はらごしらえしなくっちゃだわ。<0xdb00>やえ	
S3422	1	31	21	罪をにくんで人を肉マン‼<br />ほーっ、ほっ、ほっ。<0xdb00>やおこ	
S3423	1	31	20	隣の奴、<br />頭の中をいっぺん見てみたいよ¨¨。<0xdb>やおれ	
S3424	1	67	52	アバディーンのこと知ってるかって？<br />ここで食事してたからわかんないけど<br />九龍城の人達が<br />何かさわいでたわよ。<0xdb>やおヘ	
S3425	1	13	9	はぐはぐはぐ¨¨。<0xdb>やおロ	
S3426	1	63	51	アバディーン島がなくなった？<br />何いってんでぇ、<br />オニのようにいそがしいこの俺が<br />そんなこと知るわけなかろうが！<0xdb>やお(	
S3427	1	71	55	アバディーンが<br />一夜にしてなくなっちゃったらしいよ。<br />うわさじゃ何か強烈な力で<br />一瞬のうちに消え去ったんだってさ。<0xdb>やかえ	
S3428	1	71	54	アバディーン島が消えちまった。<br />あの日、大きな音がして<br />あたりが真っ白になったと思ったら<br />もう島がなかったんだよ。<0xdb00>やかぉ	
S3429	1	131	87	爆発が起こる直前、橋のところで<br />ピンク色の服を着た女の子と<br />こわい顔をした男がいい争ってたわ。<br /><arrow>その後、すごい光に<br />ふたりがつつまれて¨¨。<br />次の瞬間には、二人とも<br />光に吸い込まれて消えちゃったの¨¨。<0xdb>やか「	
S3430	1	38	28	今日もトレーニングが終わったら<br />うまい飯屋に行こうっと。<0xdb00>やか	
S3431	1	19	12	イヤな事件が続くな¨¨。<0xdb>やきし	
S3432	1	11	7	よ、お疲れ。<0xdb>やきね	
S3433	1	27	18	いやー、<br />バレないもんですな<br />浮気も¨¨。<0xdb>やきざ	
S3434	1	35	23	あたし達って、結構<br />オープンな浮気してるわね¨¨。<0xdb00>やきキ	
S3435	1	19	14	だから僕が勇者だってば。<0xdb>やきヒ	
S3436	1	47	33	しょうがないなあ、<br />今日は魔法使いになってやるよ。<br />でも次は勇者だよ‼<0xdb>やきゥ	
S3437	1	51	34	僕こそが本当の勇者だっ‼<0xdb>にいちゃんは魔法使いか<br />僧侶をやっておくれよ。<0xdb00>やき「	
S3438	1	44	32	勇者の座をめぐって<br />３つ子のしれつな争いが<br />くりひろげられてるんだ¨¨。<0xdb>やき	
S3439	1	91	67	アバディーンの爆発のパワーは<br />この世のものとは思えん。<br /><arrow>いわゆる精神パワーとかサイコパワー、<br />そういうもんじゃろうな。<br />うーん、非科学的じゃのう¨¨。<0xdb00>やくケ	
S3440	1	51	36	そろそろ浮気もバレるかな？<br />ま、堂々としてると<br />意外と目くらましになるんだよ。<0xdb00>やくデ	
S3441	1	55	38	最近、浮気してるっていう<br />スリリングな感じがないのよ。<br />「ケンタイキ」ってやつかしら¨¨。<0xdb00>やく！	
S3442	1	69	52	こわくなんかないぞぅ。<br />こわくなんかないぞぅ。<br />こわくなんかっ‼<br /><arrow>それではみなさんご一緒に¨¨。<br />こわくなんかないぞぅ¨¨。<0xdb>やけし	
S3443	1	53	38	救世主が現れることを祈ろう。<br />いまの私達には待つことしか<br />できないのだからな¨¨。<0xdb>やけぼ	
S3444	1	85	59	ワシの若い頃は<br />誰もが妖魔の存在を知っておった。<br /><arrow>じゃが科学の進化とともに<br />誰も妖魔を信じなくなった、<br />見えなくなったのじゃ。<0xdb>やけペ	내가 젊었을 땐<br />누구나 요마의 존재를 알고 있었지<br /><arrow>허나 과학이 발전하면서<br />아무도 요마를 믿지 않게 됐어,<br />보이지 않게 된 게야<0xdb>やけペ
S3445	1	55	32	私達は待ち続けます。<br />教祖様が救世主を連れて<br />帰って来るその時まで¨¨。<0xdb00>やけ「	
S3446	1	81	51	教祖様は今頃<br />どこにおられるんじゃろうか¨¨。<0xdb00>やけ温私は信じている。<br />教祖様が救世主を連れて<br />帰って来ることを¨¨。<0xdb>やこめ	
S3447	1	55	38	ミサは行われていないが、<br />我々は毎日ここに集まって<br />教祖様の帰りを待っています。<0xdb>やこケ	
S3448	1	73	53	悪の魔王はその姿を<br />あらわしはじめている気がします。<br />だってこんなにいやな事件が<br />次々と起こっているのですから¨¨。<0xdb00>やこヵ	
S3449	1	25	15	本当にいやな事件が続くわね¨¨。<0xdb>やこ、	
S3450	1	89	72	ねえ、明明が教祖様なの？<br />ずっと帰ってこないんだ。<br />遊んでくれるおねえちゃんがいなくて<br />ボクさびしいよ¨¨。<0xdb>さとさねさふさみさやさりさわさぎさざさぞさでさぶやさぴ	
